/****** Script for Online Server (GearHost) ******/
GO

/****** Object:  Table [dbo].[academic_years]    Script Date: 5/13/2026 6:59:36 PM ******/
SET ANSI_NULLS ON
GO
SET QUOTED_IDENTIFIER ON
GO
CREATE TABLE [dbo].[academic_years](
	[id] [uniqueidentifier] NOT NULL,
	[code] [nvarchar](50) NULL,
	[name] [nvarchar](100) NULL,
	[year] [nvarchar](20) NULL,
	[description] [nvarchar](255) NULL,
	[start_date] [date] NULL,
	[end_date] [date] NULL,
	[created_at] [datetime2](7) NULL,
	[updated_at] [datetime2](7) NULL,
	[created_by] [uniqueidentifier] NULL,
	[updated_by] [uniqueidentifier] NULL,
	[deleted_at] [datetime2](7) NULL,
	[deleted_by] [uniqueidentifier] NULL,
	[is_active] [bit] NULL,
PRIMARY KEY CLUSTERED 
(
	[id] ASC
)WITH (PAD_INDEX = OFF, STATISTICS_NORECOMPUTE = OFF, IGNORE_DUP_KEY = OFF, ALLOW_ROW_LOCKS = ON, ALLOW_PAGE_LOCKS = ON) ON [PRIMARY]
) ON [PRIMARY]
GO
/****** Object:  Table [dbo].[advisor_classe_sections]    Script Date: 5/13/2026 6:59:36 PM ******/
SET ANSI_NULLS ON
GO
SET QUOTED_IDENTIFIER ON
GO
CREATE TABLE [dbo].[advisor_classe_sections](
	[id] [uniqueidentifier] NOT NULL,
	[employee_id] [uniqueidentifier] NOT NULL,
	[student_classe_id] [uniqueidentifier] NOT NULL,
	[start_date] [datetime2](7) NULL,
	[end_date] [datetime2](7) NULL,
	[created_at] [datetime2](7) NULL,
	[updated_at] [datetime2](7) NULL,
	[created_by] [uniqueidentifier] NULL,
	[updated_by] [uniqueidentifier] NULL,
	[deleted_at] [datetime2](7) NULL,
	[deleted_by] [uniqueidentifier] NULL,
	[is_active] [bit] NULL,
PRIMARY KEY CLUSTERED 
(
	[id] ASC
)WITH (PAD_INDEX = OFF, STATISTICS_NORECOMPUTE = OFF, IGNORE_DUP_KEY = OFF, ALLOW_ROW_LOCKS = ON, ALLOW_PAGE_LOCKS = ON) ON [PRIMARY]
) ON [PRIMARY]
GO
/****** Object:  Table [dbo].[buildings]    Script Date: 5/13/2026 6:59:36 PM ******/
SET ANSI_NULLS ON
GO
SET QUOTED_IDENTIFIER ON
GO
CREATE TABLE [dbo].[buildings](
	[id] [uniqueidentifier] NOT NULL,
	[code] [varchar](100) NULL,
	[name] [nvarchar](255) NULL,
	[address] [nvarchar](200) NULL,
	[total_floors] [tinyint] NULL,
	[building_type] [varchar](10) NULL,
	[description] [nvarchar](255) NULL,
	[note] [nvarchar](255) NULL,
	[created_at] [datetime2](7) NULL,
	[updated_at] [datetime2](7) NULL,
	[created_by] [uniqueidentifier] NULL,
	[updated_by] [uniqueidentifier] NULL,
	[deleted_at] [datetime2](7) NULL,
	[deleted_by] [uniqueidentifier] NULL,
	[is_active] [bit] NULL
) ON [PRIMARY]
GO
/****** Object:  Table [dbo].[course_grade_configs]    Script Date: 5/13/2026 6:59:36 PM ******/
SET ANSI_NULLS ON
GO
SET QUOTED_IDENTIFIER ON
GO
CREATE TABLE [dbo].[course_grade_configs](
	[default_weight_percentage] [numeric](5, 2) NOT NULL,
	[input_order] [int] NULL,
	[is_required] [bit] NULL,
	[course_id] [uniqueidentifier] NOT NULL,
	[grade_category_id] [uniqueidentifier] NOT NULL,
	[id] [uniqueidentifier] NOT NULL,
PRIMARY KEY CLUSTERED 
(
	[id] ASC
)WITH (PAD_INDEX = OFF, STATISTICS_NORECOMPUTE = OFF, IGNORE_DUP_KEY = OFF, ALLOW_ROW_LOCKS = ON, ALLOW_PAGE_LOCKS = ON) ON [PRIMARY]
) ON [PRIMARY]
GO
/****** Object:  Table [dbo].[course_registrations]    Script Date: 5/13/2026 6:59:36 PM ******/
SET ANSI_NULLS ON
GO
SET QUOTED_IDENTIFIER ON
GO
CREATE TABLE [dbo].[course_registrations](
	[is_active] [bit] NULL,
	[is_paid] [bit] NULL,
	[registration_type] [int] NULL,
	[status] [int] NULL,
	[created_at] [datetime2](6) NULL,
	[deleted_at] [datetime2](6) NULL,
	[registered_at] [datetime2](6) NULL,
	[updated_at] [datetime2](6) NULL,
	[course_section_id] [uniqueidentifier] NULL,
	[created_by] [uniqueidentifier] NULL,
	[deleted_by] [uniqueidentifier] NULL,
	[id] [uniqueidentifier] NOT NULL,
	[registration_period_id] [uniqueidentifier] NULL,
	[replaced_grade_id] [uniqueidentifier] NULL,
	[student_id] [uniqueidentifier] NULL,
	[updated_by] [uniqueidentifier] NULL,
	[row_version] [timestamp] NOT NULL,
PRIMARY KEY CLUSTERED 
(
	[id] ASC
)WITH (PAD_INDEX = OFF, STATISTICS_NORECOMPUTE = OFF, IGNORE_DUP_KEY = OFF, ALLOW_ROW_LOCKS = ON, ALLOW_PAGE_LOCKS = ON) ON [PRIMARY]
) ON [PRIMARY]
GO
/****** Object:  Table [dbo].[course_sections]    Script Date: 5/13/2026 6:59:36 PM ******/
SET ANSI_NULLS ON
GO
SET QUOTED_IDENTIFIER ON
GO
CREATE TABLE [dbo].[course_sections](
	[is_active] [bit] NULL,
	[max_students] [int] NULL,
	[min_students] [int] NULL,
	[created_at] [datetime2](6) NULL,
	[deleted_at] [datetime2](6) NULL,
	[registration_end] [datetime2](6) NULL,
	[registration_start] [datetime2](6) NULL,
	[updated_at] [datetime2](6) NULL,
	[building_id] [uniqueidentifier] NULL,
	[course_id] [uniqueidentifier] NULL,
	[created_by] [uniqueidentifier] NULL,
	[deleted_by] [uniqueidentifier] NULL,
	[id] [uniqueidentifier] NOT NULL,
	[room_id] [uniqueidentifier] NULL,
	[semester_id] [uniqueidentifier] NULL,
	[updated_by] [uniqueidentifier] NULL,
	[status] [nvarchar](50) NULL,
	[code] [varchar](100) NULL,
	[class_type] [nvarchar](255) NULL,
	[name] [nvarchar](255) NULL,
	[note] [nvarchar](255) NULL,
	[lecturer_id] [uniqueidentifier] NULL,
PRIMARY KEY CLUSTERED 
(
	[id] ASC
)WITH (PAD_INDEX = OFF, STATISTICS_NORECOMPUTE = OFF, IGNORE_DUP_KEY = OFF, ALLOW_ROW_LOCKS = ON, ALLOW_PAGE_LOCKS = ON) ON [PRIMARY]
) ON [PRIMARY]
GO
/****** Object:  Table [dbo].[courses]    Script Date: 5/13/2026 6:59:36 PM ******/
SET ANSI_NULLS ON
GO
SET QUOTED_IDENTIFIER ON
GO
CREATE TABLE [dbo].[courses](
	[credits] [int] NULL,
	[is_active] [bit] NULL,
	[id] [uniqueidentifier] NOT NULL,
	[code] [varchar](20) NULL,
	[name] [varchar](200) NULL,
PRIMARY KEY CLUSTERED 
(
	[id] ASC
)WITH (PAD_INDEX = OFF, STATISTICS_NORECOMPUTE = OFF, IGNORE_DUP_KEY = OFF, ALLOW_ROW_LOCKS = ON, ALLOW_PAGE_LOCKS = ON) ON [PRIMARY]
) ON [PRIMARY]
GO
/****** Object:  Table [dbo].[departments]    Script Date: 5/13/2026 6:59:36 PM ******/
SET ANSI_NULLS ON
GO
SET QUOTED_IDENTIFIER ON
GO
CREATE TABLE [dbo].[departments](
	[id] [uniqueidentifier] NOT NULL,
	[code] [varchar](10) NOT NULL,
	[name] [nvarchar](100) NOT NULL,
	[description] [nvarchar](255) NULL,
	[established_date] [date] NULL,
	[created_at] [datetime2](7) NULL,
	[updated_at] [datetime2](7) NULL,
	[created_by] [uniqueidentifier] NULL,
	[updated_by] [uniqueidentifier] NULL,
	[deleted_at] [datetime2](7) NULL,
	[deleted_by] [uniqueidentifier] NULL,
	[is_active] [bit] NULL,
PRIMARY KEY CLUSTERED 
(
	[id] ASC
)WITH (PAD_INDEX = OFF, STATISTICS_NORECOMPUTE = OFF, IGNORE_DUP_KEY = OFF, ALLOW_ROW_LOCKS = ON, ALLOW_PAGE_LOCKS = ON) ON [PRIMARY]
) ON [PRIMARY]
GO
/****** Object:  Table [dbo].[employee_positions]    Script Date: 5/13/2026 6:59:36 PM ******/
SET ANSI_NULLS ON
GO
SET QUOTED_IDENTIFIER ON
GO
CREATE TABLE [dbo].[employee_positions](
	[id] [uniqueidentifier] NOT NULL,
	[employee_id] [uniqueidentifier] NULL,
	[position_id] [uniqueidentifier] NULL,
	[start_date] [date] NULL,
	[end_date] [date] NULL,
	[description] [nvarchar](255) NULL,
	[note] [nvarchar](255) NULL,
	[created_at] [datetime2](7) NULL,
	[updated_at] [datetime2](7) NULL,
	[created_by] [uniqueidentifier] NULL,
	[updated_by] [uniqueidentifier] NULL,
	[deleted_at] [datetime2](7) NULL,
	[deleted_by] [uniqueidentifier] NULL,
	[is_active] [bit] NULL
) ON [PRIMARY]
GO
/****** Object:  Table [dbo].[employees]    Script Date: 5/13/2026 6:59:36 PM ******/
SET ANSI_NULLS ON
GO
SET QUOTED_IDENTIFIER ON
GO
CREATE TABLE [dbo].[employees](
	[id] [uniqueidentifier] NOT NULL,
	[user_id] [uniqueidentifier] NULL,
	[code] [varchar](20) NOT NULL,
	[full_name] [nvarchar](100) NOT NULL,
	[date_of_birth] [date] NULL,
	[gender] [nvarchar](50) NULL,
	[email] [nvarchar](100) NULL,
	[phone] [varchar](20) NULL,
	[address] [nvarchar](255) NULL,
	[department_id] [uniqueidentifier] NULL,
	[position_id] [uniqueidentifier] NULL,
	[hire_date] [date] NULL,
	[contract_type] [nvarchar](255) NULL,
	[salary_coefficient] [decimal](4, 2) NULL,
	[academic_degree] [nvarchar](100) NULL,
	[academic_title] [nvarchar](100) NULL,
	[specialization] [nvarchar](255) NULL,
	[start_date] [datetime2](7) NULL,
	[end_date] [datetime2](7) NULL,
	[created_at] [datetime2](7) NULL,
	[updated_at] [datetime2](7) NULL,
	[created_by] [uniqueidentifier] NULL,
	[updated_by] [uniqueidentifier] NULL,
	[deleted_at] [datetime2](7) NULL,
	[deleted_by] [uniqueidentifier] NULL,
	[is_active] [bit] NULL,
PRIMARY KEY CLUSTERED 
(
	[id] ASC
)WITH (PAD_INDEX = OFF, STATISTICS_NORECOMPUTE = OFF, IGNORE_DUP_KEY = OFF, ALLOW_ROW_LOCKS = ON, ALLOW_PAGE_LOCKS = ON) ON [PRIMARY]
) ON [PRIMARY]
GO
/****** Object:  Table [dbo].[grade_categories]    Script Date: 5/13/2026 6:59:36 PM ******/
SET ANSI_NULLS ON
GO
SET QUOTED_IDENTIFIER ON
GO
CREATE TABLE [dbo].[grade_categories](
	[is_active] [bit] NULL,
	[id] [uniqueidentifier] NOT NULL,
	[code] [varchar](50) NOT NULL,
	[description] [nvarchar](max) NULL,
	[name] [nvarchar](255) NOT NULL,
PRIMARY KEY CLUSTERED 
(
	[id] ASC
)WITH (PAD_INDEX = OFF, STATISTICS_NORECOMPUTE = OFF, IGNORE_DUP_KEY = OFF, ALLOW_ROW_LOCKS = ON, ALLOW_PAGE_LOCKS = ON) ON [PRIMARY]
) ON [PRIMARY] TEXTIMAGE_ON [PRIMARY]
GO
/****** Object:  Table [dbo].[grade_students]    Script Date: 5/13/2026 6:59:36 PM ******/
SET ANSI_NULLS ON
GO
SET QUOTED_IDENTIFIER ON
GO
CREATE TABLE [dbo].[grade_students](
	[id] [uniqueidentifier] NOT NULL,
	[created_at] [datetime2](6) NULL,
	[grade_scale_id] [uniqueidentifier] NULL,
	[score] [numeric](4, 2) NULL,
	[student_id] [uniqueidentifier] NULL,
	[subject_id] [uniqueidentifier] NULL,
PRIMARY KEY CLUSTERED 
(
	[id] ASC
)WITH (PAD_INDEX = OFF, STATISTICS_NORECOMPUTE = OFF, IGNORE_DUP_KEY = OFF, ALLOW_ROW_LOCKS = ON, ALLOW_PAGE_LOCKS = ON) ON [PRIMARY]
) ON [PRIMARY]
GO
/****** Object:  Table [dbo].[lecturer_course_classes]    Script Date: 5/13/2026 6:59:36 PM ******/
SET ANSI_NULLS ON
GO
SET QUOTED_IDENTIFIER ON
GO
CREATE TABLE [dbo].[lecturer_course_classes](
	[id] [uniqueidentifier] NOT NULL,
	[employee_id] [uniqueidentifier] NULL,
	[course_class_id] [uniqueidentifier] NULL,
	[role] [nvarchar](50) NULL,
	[created_at] [datetime2](7) NULL,
	[updated_at] [datetime2](7) NULL,
	[created_by] [uniqueidentifier] NULL,
	[updated_by] [uniqueidentifier] NULL,
	[deleted_at] [datetime2](7) NULL,
	[deleted_by] [uniqueidentifier] NULL,
	[is_active] [bit] NULL,
PRIMARY KEY CLUSTERED 
(
	[id] ASC
)WITH (PAD_INDEX = OFF, STATISTICS_NORECOMPUTE = OFF, IGNORE_DUP_KEY = OFF, ALLOW_ROW_LOCKS = ON, ALLOW_PAGE_LOCKS = ON) ON [PRIMARY]
) ON [PRIMARY]
GO
/****** Object:  Table [dbo].[majors]    Script Date: 5/13/2026 6:59:36 PM ******/
SET ANSI_NULLS ON
GO
SET QUOTED_IDENTIFIER ON
GO
CREATE TABLE [dbo].[majors](
	[id] [uniqueidentifier] NOT NULL,
	[department_id] [uniqueidentifier] NULL,
	[code] [varchar](20) NULL,
	[name] [nvarchar](255) NULL,
	[description] [nvarchar](max) NULL,
	[effective_date] [varchar](20) NULL,
	[expiry_date] [varchar](20) NULL,
	[created_at] [datetime2](7) NULL,
	[updated_at] [datetime2](7) NULL,
	[created_by] [uniqueidentifier] NULL,
	[updated_by] [uniqueidentifier] NULL,
	[deleted_at] [datetime2](7) NULL,
	[deleted_by] [uniqueidentifier] NULL,
	[is_active] [bit] NULL,
PRIMARY KEY CLUSTERED 
(
	[id] ASC
)WITH (PAD_INDEX = OFF, STATISTICS_NORECOMPUTE = OFF, IGNORE_DUP_KEY = OFF, ALLOW_ROW_LOCKS = ON, ALLOW_PAGE_LOCKS = ON) ON [PRIMARY]
) ON [PRIMARY] TEXTIMAGE_ON [PRIMARY]
GO
/****** Object:  Table [dbo].[n8_grade_components]    Script Date: 5/13/2026 6:59:36 PM ******/
SET ANSI_NULLS ON
GO
SET QUOTED_IDENTIFIER ON
GO
CREATE TABLE [dbo].[n8_grade_components](
	[id] [uniqueidentifier] NOT NULL,
	[component_code] [varchar](20) NOT NULL,
	[component_name] [varchar](50) NOT NULL,
	[created_at] [datetime2](6) NULL,
	[created_by] [uniqueidentifier] NULL,
	[input_order] [int] NULL,
	[is_active] [bit] NULL,
	[is_required] [bit] NULL,
	[max_score] [numeric](4, 2) NULL,
	[min_score] [numeric](4, 2) NULL,
	[updated_at] [datetime2](6) NULL,
	[updated_by] [uniqueidentifier] NULL,
	[weight_percentage] [numeric](5, 2) NOT NULL,
	[deleted_at] [datetime2](6) NULL,
	[deleted_by] [uniqueidentifier] NULL,
	[course_section_id] [uniqueidentifier] NOT NULL,
PRIMARY KEY CLUSTERED 
(
	[id] ASC
)WITH (PAD_INDEX = OFF, STATISTICS_NORECOMPUTE = OFF, IGNORE_DUP_KEY = OFF, ALLOW_ROW_LOCKS = ON, ALLOW_PAGE_LOCKS = ON) ON [PRIMARY]
) ON [PRIMARY]
GO
/****** Object:  Table [dbo].[n8_grade_scales]    Script Date: 5/13/2026 6:59:36 PM ******/
SET ANSI_NULLS ON
GO
SET QUOTED_IDENTIFIER ON
GO
CREATE TABLE [dbo].[n8_grade_scales](
	[id] [uniqueidentifier] NOT NULL,
	[created_at] [datetime2](6) NULL,
	[created_by] [uniqueidentifier] NULL,
	[deleted_at] [datetime2](6) NULL,
	[deleted_by] [uniqueidentifier] NULL,
	[gpa_value] [numeric](3, 2) NOT NULL,
	[is_active] [bit] NULL,
	[is_pass] [bit] NULL,
	[letter_grade] [varchar](2) NOT NULL,
	[max_score] [numeric](4, 2) NOT NULL,
	[min_score] [numeric](4, 2) NOT NULL,
	[scale_code] [varchar](10) NOT NULL,
	[updated_at] [datetime2](6) NULL,
	[updated_by] [uniqueidentifier] NULL,
PRIMARY KEY CLUSTERED 
(
	[id] ASC
)WITH (PAD_INDEX = OFF, STATISTICS_NORECOMPUTE = OFF, IGNORE_DUP_KEY = OFF, ALLOW_ROW_LOCKS = ON, ALLOW_PAGE_LOCKS = ON) ON [PRIMARY]
) ON [PRIMARY]
GO
/****** Object:  Table [dbo].[n8_student_grades]    Script Date: 5/13/2026 6:59:36 PM ******/
SET ANSI_NULLS ON
GO
SET QUOTED_IDENTIFIER ON
GO
CREATE TABLE [dbo].[n8_student_grades](
	[id] [uniqueidentifier] NOT NULL,
	[created_at] [datetime2](6) NULL,
	[created_by] [uniqueidentifier] NULL,
	[deleted_at] [datetime2](6) NULL,
	[deleted_by] [uniqueidentifier] NULL,
	[gpa_value] [numeric](3, 2) NULL,
	[grade_component_id] [uniqueidentifier] NULL,
	[is_active] [bit] NULL,
	[is_finalized] [bit] NULL,
	[is_locked] [bit] NULL,
	[is_retake] [bit] NULL,
	[is_total] [bit] NULL,
	[letter_grade] [varchar](2) NULL,
	[note] [varchar](255) NULL,
	[registration_id] [uniqueidentifier] NULL,
	[result] [varchar](10) NULL,
	[scale_id] [uniqueidentifier] NULL,
	[score] [numeric](4, 2) NULL,
	[updated_at] [datetime2](6) NULL,
	[updated_by] [uniqueidentifier] NULL,
PRIMARY KEY CLUSTERED 
(
	[id] ASC
)WITH (PAD_INDEX = OFF, STATISTICS_NORECOMPUTE = OFF, IGNORE_DUP_KEY = OFF, ALLOW_ROW_LOCKS = ON, ALLOW_PAGE_LOCKS = ON) ON [PRIMARY]
) ON [PRIMARY]
GO
/****** Object:  Table [dbo].[n8_students]    Script Date: 5/13/2026 6:59:36 PM ******/
SET ANSI_NULLS ON
GO
SET QUOTED_IDENTIFIER ON
GO
CREATE TABLE [dbo].[n8_students](
	[id] [uniqueidentifier] NOT NULL,
	[email] [varchar](150) NULL,
	[is_active] [bit] NULL,
	[name] [varchar](150) NOT NULL,
	[student_code] [varchar](50) NOT NULL,
PRIMARY KEY CLUSTERED 
(
	[id] ASC
)WITH (PAD_INDEX = OFF, STATISTICS_NORECOMPUTE = OFF, IGNORE_DUP_KEY = OFF, ALLOW_ROW_LOCKS = ON, ALLOW_PAGE_LOCKS = ON) ON [PRIMARY]
) ON [PRIMARY]
GO
/****** Object:  Table [dbo].[n8_v3_grade_components]    Script Date: 5/13/2026 6:59:36 PM ******/
SET ANSI_NULLS ON
GO
SET QUOTED_IDENTIFIER ON
GO
CREATE TABLE [dbo].[n8_v3_grade_components](
	[input_order] [int] NULL,
	[is_active] [bit] NULL,
	[is_final] [bit] NULL,
	[is_required] [bit] NULL,
	[max_score] [numeric](4, 2) NULL,
	[min_score] [numeric](4, 2) NULL,
	[weight_percentage] [numeric](5, 2) NOT NULL,
	[created_at] [datetime2](6) NULL,
	[deleted_at] [datetime2](6) NULL,
	[updated_at] [datetime2](6) NULL,
	[course_id] [uniqueidentifier] NULL,
	[course_section_id] [uniqueidentifier] NOT NULL,
	[created_by] [uniqueidentifier] NULL,
	[deleted_by] [uniqueidentifier] NULL,
	[grade_category_id] [uniqueidentifier] NULL,
	[id] [uniqueidentifier] NOT NULL,
	[updated_by] [uniqueidentifier] NULL,
	[component_code] [nvarchar](50) NOT NULL,
	[component_name] [nvarchar](50) NOT NULL,
PRIMARY KEY CLUSTERED 
(
	[id] ASC
)WITH (PAD_INDEX = OFF, STATISTICS_NORECOMPUTE = OFF, IGNORE_DUP_KEY = OFF, ALLOW_ROW_LOCKS = ON, ALLOW_PAGE_LOCKS = ON) ON [PRIMARY]
) ON [PRIMARY]
GO
/****** Object:  Table [dbo].[n8_v3_grade_scales]    Script Date: 5/13/2026 6:59:36 PM ******/
SET ANSI_NULLS ON
GO
SET QUOTED_IDENTIFIER ON
GO
CREATE TABLE [dbo].[n8_v3_grade_scales](
	[gpa_value] [numeric](3, 2) NOT NULL,
	[is_active] [bit] NULL,
	[is_pass] [bit] NULL,
	[letter_grade] [nvarchar](2) NOT NULL,
	[max_score] [numeric](4, 2) NOT NULL,
	[min_score] [numeric](4, 2) NOT NULL,
	[created_at] [datetime2](6) NULL,
	[deleted_at] [datetime2](6) NULL,
	[updated_at] [datetime2](6) NULL,
	[scale_code] [nvarchar](10) NOT NULL,
	[created_by] [uniqueidentifier] NULL,
	[deleted_by] [uniqueidentifier] NULL,
	[id] [uniqueidentifier] NOT NULL,
	[updated_by] [uniqueidentifier] NULL,
PRIMARY KEY CLUSTERED 
(
	[id] ASC
)WITH (PAD_INDEX = OFF, STATISTICS_NORECOMPUTE = OFF, IGNORE_DUP_KEY = OFF, ALLOW_ROW_LOCKS = ON, ALLOW_PAGE_LOCKS = ON) ON [PRIMARY]
) ON [PRIMARY]
GO
/****** Object:  Table [dbo].[n8_v3_student_grades]    Script Date: 5/13/2026 6:59:36 PM ******/
SET ANSI_NULLS ON
GO
SET QUOTED_IDENTIFIER ON
GO
CREATE TABLE [dbo].[n8_v3_student_grades](
	[gpa_value] [numeric](3, 2) NULL,
	[is_active] [bit] NULL,
	[is_finalized] [bit] NULL,
	[is_locked] [bit] NULL,
	[is_retake] [bit] NULL,
	[is_total] [bit] NULL,
	[letter_grade] [nvarchar](2) NULL,
	[score] [numeric](4, 2) NULL,
	[created_at] [datetime2](6) NULL,
	[deleted_at] [datetime2](6) NULL,
	[graded_at] [datetime2](6) NULL,
	[locked_at] [datetime2](6) NULL,
	[updated_at] [datetime2](6) NULL,
	[result] [nvarchar](10) NULL,
	[created_by] [uniqueidentifier] NULL,
	[deleted_by] [uniqueidentifier] NULL,
	[grade_component_id] [uniqueidentifier] NULL,
	[graded_by] [uniqueidentifier] NULL,
	[id] [uniqueidentifier] NOT NULL,
	[locked_by] [uniqueidentifier] NULL,
	[registration_id] [uniqueidentifier] NULL,
	[scale_id] [uniqueidentifier] NULL,
	[updated_by] [uniqueidentifier] NULL,
	[status] [varchar](20) NULL,
	[history_note] [nvarchar](500) NULL,
	[note] [nvarchar](255) NULL,
PRIMARY KEY CLUSTERED 
(
	[id] ASC
)WITH (PAD_INDEX = OFF, STATISTICS_NORECOMPUTE = OFF, IGNORE_DUP_KEY = OFF, ALLOW_ROW_LOCKS = ON, ALLOW_PAGE_LOCKS = ON) ON [PRIMARY]
) ON [PRIMARY]
GO
/****** Object:  Table [dbo].[n8_v3_students]    Script Date: 5/13/2026 6:59:36 PM ******/
SET ANSI_NULLS ON
GO
SET QUOTED_IDENTIFIER ON
GO
CREATE TABLE [dbo].[n8_v3_students](
	[id] [uniqueidentifier] NOT NULL,
	[email] [varchar](150) NULL,
	[is_active] [bit] NULL,
	[name] [nvarchar](150) NOT NULL,
	[student_code] [varchar](50) NOT NULL,
PRIMARY KEY CLUSTERED 
(
	[id] ASC
)WITH (PAD_INDEX = OFF, STATISTICS_NORECOMPUTE = OFF, IGNORE_DUP_KEY = OFF, ALLOW_ROW_LOCKS = ON, ALLOW_PAGE_LOCKS = ON) ON [PRIMARY]
) ON [PRIMARY]
GO
/****** Object:  Table [dbo].[permissions]    Script Date: 5/13/2026 6:59:36 PM ******/
SET ANSI_NULLS ON
GO
SET QUOTED_IDENTIFIER ON
GO
CREATE TABLE [dbo].[permissions](
	[is_active] [bit] NULL,
	[created_at] [datetime2](6) NULL,
	[deleted_at] [datetime2](6) NULL,
	[updated_at] [datetime2](6) NULL,
	[created_by] [uniqueidentifier] NULL,
	[deleted_by] [uniqueidentifier] NULL,
	[id] [uniqueidentifier] NOT NULL,
	[updated_by] [uniqueidentifier] NULL,
	[code] [varchar](100) NULL,
	[module] [varchar](100) NULL,
	[name] [varchar](150) NULL,
	[description] [varchar](255) NULL,
PRIMARY KEY CLUSTERED 
(
	[id] ASC
)WITH (PAD_INDEX = OFF, STATISTICS_NORECOMPUTE = OFF, IGNORE_DUP_KEY = OFF, ALLOW_ROW_LOCKS = ON, ALLOW_PAGE_LOCKS = ON) ON [PRIMARY]
) ON [PRIMARY]
GO
/****** Object:  Table [dbo].[positions]    Script Date: 5/13/2026 6:59:36 PM ******/
SET ANSI_NULLS ON
GO
SET QUOTED_IDENTIFIER ON
GO
CREATE TABLE [dbo].[positions](
	[id] [uniqueidentifier] NOT NULL,
	[code] [varchar](20) NOT NULL,
	[name] [nvarchar](100) NOT NULL,
	[description] [nvarchar](255) NULL,
	[level] [nvarchar](100) NULL,
	[department_id] [uniqueidentifier] NULL,
	[created_at] [datetime2](7) NULL,
	[updated_at] [datetime2](7) NULL,
	[created_by] [uniqueidentifier] NULL,
	[updated_by] [uniqueidentifier] NULL,
	[deleted_at] [datetime2](7) NULL,
	[deleted_by] [uniqueidentifier] NULL,
	[is_active] [bit] NULL,
PRIMARY KEY CLUSTERED 
(
	[id] ASC
)WITH (PAD_INDEX = OFF, STATISTICS_NORECOMPUTE = OFF, IGNORE_DUP_KEY = OFF, ALLOW_ROW_LOCKS = ON, ALLOW_PAGE_LOCKS = ON) ON [PRIMARY]
) ON [PRIMARY]
GO
/****** Object:  Table [dbo].[role_permissions]    Script Date: 5/13/2026 6:59:36 PM ******/
SET ANSI_NULLS ON
GO
SET QUOTED_IDENTIFIER ON
GO
CREATE TABLE [dbo].[role_permissions](
	[is_active] [bit] NULL,
	[created_at] [datetime2](6) NULL,
	[deleted_at] [datetime2](6) NULL,
	[updated_at] [datetime2](6) NULL,
	[created_by] [uniqueidentifier] NULL,
	[deleted_by] [uniqueidentifier] NULL,
	[permission_id] [uniqueidentifier] NOT NULL,
	[role_id] [uniqueidentifier] NOT NULL,
	[updated_by] [uniqueidentifier] NULL,
PRIMARY KEY CLUSTERED 
(
	[permission_id] ASC,
	[role_id] ASC
)WITH (PAD_INDEX = OFF, STATISTICS_NORECOMPUTE = OFF, IGNORE_DUP_KEY = OFF, ALLOW_ROW_LOCKS = ON, ALLOW_PAGE_LOCKS = ON) ON [PRIMARY]
) ON [PRIMARY]
GO
/****** Object:  Table [dbo].[roles]    Script Date: 5/13/2026 6:59:36 PM ******/
SET ANSI_NULLS ON
GO
SET QUOTED_IDENTIFIER ON
GO
CREATE TABLE [dbo].[roles](
	[is_active] [bit] NULL,
	[is_system] [bit] NULL,
	[created_at] [datetime2](6) NULL,
	[deleted_at] [datetime2](6) NULL,
	[updated_at] [datetime2](6) NULL,
	[created_by] [uniqueidentifier] NULL,
	[deleted_by] [uniqueidentifier] NULL,
	[id] [uniqueidentifier] NOT NULL,
	[updated_by] [uniqueidentifier] NULL,
	[code] [varchar](50) NULL,
	[name] [varchar](100) NULL,
	[description] [varchar](255) NULL,
PRIMARY KEY CLUSTERED 
(
	[id] ASC
)WITH (PAD_INDEX = OFF, STATISTICS_NORECOMPUTE = OFF, IGNORE_DUP_KEY = OFF, ALLOW_ROW_LOCKS = ON, ALLOW_PAGE_LOCKS = ON) ON [PRIMARY]
) ON [PRIMARY]
GO
/****** Object:  Table [dbo].[rooms]    Script Date: 5/13/2026 6:59:36 PM ******/
SET ANSI_NULLS ON
GO
SET QUOTED_IDENTIFIER ON
GO
CREATE TABLE [dbo].[rooms](
	[id] [uniqueidentifier] NOT NULL,
	[code] [varchar](100) NULL,
	[name] [nvarchar](255) NULL,
	[building_id] [uniqueidentifier] NULL,
	[floor_floor_number] [int] NULL,
	[capacity] [int] NULL,
	[type] [nvarchar](50) NULL,
	[status] [nvarchar](50) NULL,
	[has_projector] [bit] NULL,
	[has_air_conditioner] [bit] NULL,
	[has_computer] [bit] NULL,
	[description] [nvarchar](255) NULL,
	[created_at] [datetime2](7) NULL,
	[updated_at] [datetime2](7) NULL,
	[created_by] [uniqueidentifier] NULL,
	[updated_by] [uniqueidentifier] NULL,
	[deleted_at] [datetime2](7) NULL,
	[deleted_by] [uniqueidentifier] NULL,
	[is_active] [bit] NULL
) ON [PRIMARY]
GO
/****** Object:  Table [dbo].[schedules]    Script Date: 5/13/2026 6:59:36 PM ******/
SET ANSI_NULLS ON
GO
SET QUOTED_IDENTIFIER ON
GO
CREATE TABLE [dbo].[schedules](
	[id] [uniqueidentifier] NOT NULL,
	[course_section_id] [uniqueidentifier] NULL,
	[employee_id] [uniqueidentifier] NULL,
	[room_id] [uniqueidentifier] NULL,
	[day_of_week] [int] NULL,
	[date] [date] NULL,
	[shift] [nvarchar](50) NULL,
	[start_period] [int] NULL,
	[end_period] [int] NULL,
	[number_of_periods] [int] NULL,
	[start_date] [datetime2](7) NULL,
	[end_date] [datetime2](7) NULL,
	[mode] [nvarchar](100) NULL,
	[status] [nvarchar](255) NULL,
	[description] [nvarchar](255) NULL,
	[schedule_status] [varchar](50) NULL,
	[note] [nvarchar](255) NULL,
	[created_at] [datetime2](7) NULL,
	[updated_at] [datetime2](7) NULL,
	[created_by] [uniqueidentifier] NULL,
	[updated_by] [uniqueidentifier] NULL,
	[deleted_at] [datetime2](7) NULL,
	[deleted_by] [uniqueidentifier] NULL,
	[is_active] [bit] NULL,
PRIMARY KEY CLUSTERED 
(
	[id] ASC
)WITH (PAD_INDEX = OFF, STATISTICS_NORECOMPUTE = OFF, IGNORE_DUP_KEY = OFF, ALLOW_ROW_LOCKS = ON, ALLOW_PAGE_LOCKS = ON) ON [PRIMARY]
) ON [PRIMARY]
GO
/****** Object:  Table [dbo].[school_years]    Script Date: 5/13/2026 6:59:36 PM ******/
SET ANSI_NULLS ON
GO
SET QUOTED_IDENTIFIER ON
GO
CREATE TABLE [dbo].[school_years](
	[id] [uniqueidentifier] NOT NULL,
	[code] [nvarchar](100) NULL,
	[name] [nvarchar](255) NULL,
	[description] [nvarchar](255) NULL,
	[note] [nvarchar](255) NULL,
	[start_date] [date] NULL,
	[end_date] [date] NULL,
	[created_at] [datetime2](7) NULL,
	[updated_at] [datetime2](7) NULL,
	[created_by] [uniqueidentifier] NULL,
	[updated_by] [uniqueidentifier] NULL,
	[deleted_at] [datetime2](7) NULL,
	[deleted_by] [uniqueidentifier] NULL,
	[is_active] [bit] NOT NULL,
PRIMARY KEY CLUSTERED 
(
	[id] ASC
)WITH (PAD_INDEX = OFF, STATISTICS_NORECOMPUTE = OFF, IGNORE_DUP_KEY = OFF, ALLOW_ROW_LOCKS = ON, ALLOW_PAGE_LOCKS = ON) ON [PRIMARY]
) ON [PRIMARY]
GO
/****** Object:  Table [dbo].[semesters]    Script Date: 5/13/2026 6:59:36 PM ******/
SET ANSI_NULLS ON
GO
SET QUOTED_IDENTIFIER ON
GO
CREATE TABLE [dbo].[semesters](
	[id] [uniqueidentifier] NOT NULL,
	[code] [nvarchar](50) NULL,
	[name] [nvarchar](100) NULL,
	[school_year_id] [uniqueidentifier] NULL,
	[school_year_name] [nvarchar](255) NULL,
	[start_date] [date] NULL,
	[end_date] [date] NULL,
	[created_at] [datetime2](7) NULL,
	[updated_at] [datetime2](7) NULL,
	[created_by] [uniqueidentifier] NULL,
	[updated_by] [uniqueidentifier] NULL,
	[deleted_at] [datetime2](7) NULL,
	[deleted_by] [uniqueidentifier] NULL,
	[is_active] [bit] NULL
) ON [PRIMARY]
GO
/****** Object:  Table [dbo].[student_classe_sections]    Script Date: 5/13/2026 6:59:36 PM ******/
SET ANSI_NULLS ON
GO
SET QUOTED_IDENTIFIER ON
GO
CREATE TABLE [dbo].[student_classe_sections](
	[id] [uniqueidentifier] NOT NULL,
	[student_id] [uniqueidentifier] NOT NULL,
	[student_classe_id] [uniqueidentifier] NOT NULL,
	[status] [varchar](50) NULL,
	[note] [nvarchar](255) NULL,
	[start_date] [datetime2](7) NULL,
	[end_date] [datetime2](7) NULL,
	[created_at] [datetime2](7) NULL,
	[updated_at] [datetime2](7) NULL,
	[created_by] [uniqueidentifier] NULL,
	[updated_by] [uniqueidentifier] NULL,
	[deleted_at] [datetime2](7) NULL,
	[deleted_by] [uniqueidentifier] NULL,
	[is_active] [bit] NULL,
PRIMARY KEY CLUSTERED 
(
	[id] ASC
)WITH (PAD_INDEX = OFF, STATISTICS_NORECOMPUTE = OFF, IGNORE_DUP_KEY = OFF, ALLOW_ROW_LOCKS = ON, ALLOW_PAGE_LOCKS = ON) ON [PRIMARY]
) ON [PRIMARY]
GO
/****** Object:  Table [dbo].[student_classes]    Script Date: 5/13/2026 6:59:36 PM ******/
SET ANSI_NULLS ON
GO
SET QUOTED_IDENTIFIER ON
GO
CREATE TABLE [dbo].[student_classes](
	[id] [uniqueidentifier] NOT NULL,
	[code] [varchar](20) NOT NULL,
	[name] [nvarchar](100) NOT NULL,
	[academic_year_id] [uniqueidentifier] NULL,
	[department_id] [uniqueidentifier] NULL,
	[major_id] [uniqueidentifier] NULL,
	[training_program_id] [uniqueidentifier] NULL,
	[employee_id] [uniqueidentifier] NULL,
	[created_at] [datetime2](7) NULL,
	[updated_at] [datetime2](7) NULL,
	[created_by] [uniqueidentifier] NULL,
	[updated_by] [uniqueidentifier] NULL,
	[deleted_at] [datetime2](7) NULL,
	[deleted_by] [uniqueidentifier] NULL,
	[is_active] [bit] NULL,
PRIMARY KEY CLUSTERED 
(
	[id] ASC
)WITH (PAD_INDEX = OFF, STATISTICS_NORECOMPUTE = OFF, IGNORE_DUP_KEY = OFF, ALLOW_ROW_LOCKS = ON, ALLOW_PAGE_LOCKS = ON) ON [PRIMARY]
) ON [PRIMARY]
GO
/****** Object:  Table [dbo].[student_component_grades]    Script Date: 5/13/2026 6:59:36 PM ******/
SET ANSI_NULLS ON
GO
SET QUOTED_IDENTIFIER ON
GO
CREATE TABLE [dbo].[student_component_grades](
	[id] [uniqueidentifier] NOT NULL,
	[course_section_id] [uniqueidentifier] NULL,
	[created_at] [datetime2](6) NULL,
	[created_by] [uniqueidentifier] NULL,
	[deleted_at] [datetime2](6) NULL,
	[deleted_by] [uniqueidentifier] NULL,
	[grade_component_id] [uniqueidentifier] NULL,
	[is_active] [bit] NULL,
	[is_locked] [bit] NULL,
	[is_retake] [bit] NULL,
	[note] [varchar](255) NULL,
	[score] [numeric](4, 2) NULL,
	[updated_at] [datetime2](6) NULL,
	[updated_by] [uniqueidentifier] NULL,
PRIMARY KEY CLUSTERED 
(
	[id] ASC
)WITH (PAD_INDEX = OFF, STATISTICS_NORECOMPUTE = OFF, IGNORE_DUP_KEY = OFF, ALLOW_ROW_LOCKS = ON, ALLOW_PAGE_LOCKS = ON) ON [PRIMARY]
) ON [PRIMARY]
GO
/****** Object:  Table [dbo].[student_course_sections]    Script Date: 5/13/2026 6:59:36 PM ******/
SET ANSI_NULLS ON
GO
SET QUOTED_IDENTIFIER ON
GO
CREATE TABLE [dbo].[student_course_sections](
	[id] [uniqueidentifier] NOT NULL,
	[student_id] [uniqueidentifier] NOT NULL,
	[course_section_id] [uniqueidentifier] NOT NULL,
	[status] [varchar](50) NULL,
	[registered_at] [datetime] NULL,
	[note] [nvarchar](255) NULL,
	[created_at] [datetime2](7) NULL,
	[updated_at] [datetime2](7) NULL,
	[created_by] [uniqueidentifier] NULL,
	[updated_by] [uniqueidentifier] NULL,
	[deleted_at] [datetime2](7) NULL,
	[deleted_by] [uniqueidentifier] NULL,
	[is_active] [bit] NULL,
PRIMARY KEY CLUSTERED 
(
	[id] ASC
)WITH (PAD_INDEX = OFF, STATISTICS_NORECOMPUTE = OFF, IGNORE_DUP_KEY = OFF, ALLOW_ROW_LOCKS = ON, ALLOW_PAGE_LOCKS = ON) ON [PRIMARY]
) ON [PRIMARY]
GO
/****** Object:  Table [dbo].[students]    Script Date: 5/13/2026 6:59:36 PM ******/
SET ANSI_NULLS ON
GO
SET QUOTED_IDENTIFIER ON
GO
CREATE TABLE [dbo].[students](
	[date_of_birth] [date] NULL,
	[date_of_issue] [date] NULL,
	[is_active] [bit] NULL,
	[admission_year] [datetime2](6) NULL,
	[created_at] [datetime2](6) NULL,
	[deleted_at] [datetime2](6) NULL,
	[updated_at] [datetime2](6) NULL,
	[gender] [nvarchar](10) NULL,
	[academic_year_year] [uniqueidentifier] NULL,
	[created_by] [uniqueidentifier] NULL,
	[deleted_by] [uniqueidentifier] NULL,
	[department_id] [uniqueidentifier] NULL,
	[id] [uniqueidentifier] NOT NULL,
	[major_id] [uniqueidentifier] NULL,
	[student_classe_id] [uniqueidentifier] NULL,
	[training_program_id] [uniqueidentifier] NULL,
	[updated_by] [uniqueidentifier] NULL,
	[user_id] [uniqueidentifier] NULL,
	[personal_identification_number] [varchar](20) NULL,
	[status] [varchar](50) NULL,
	[card_place] [nvarchar](100) NULL,
	[code] [varchar](100) NULL,
	[address] [nvarchar](300) NULL,
	[current_address] [nvarchar](300) NULL,
	[full_name] [nvarchar](255) NULL,
PRIMARY KEY CLUSTERED 
(
	[id] ASC
)WITH (PAD_INDEX = OFF, STATISTICS_NORECOMPUTE = OFF, IGNORE_DUP_KEY = OFF, ALLOW_ROW_LOCKS = ON, ALLOW_PAGE_LOCKS = ON) ON [PRIMARY]
) ON [PRIMARY]
GO
/****** Object:  Table [dbo].[training_program_courses]    Script Date: 5/13/2026 6:59:36 PM ******/
SET ANSI_NULLS ON
GO
SET QUOTED_IDENTIFIER ON
GO
CREATE TABLE [dbo].[training_program_courses](
	[id] [uniqueidentifier] NOT NULL,
	[training_program_id] [uniqueidentifier] NULL,
	[course_id] [uniqueidentifier] NULL,
	[course_code] [varchar](100) NULL,
	[course_name] [nvarchar](255) NULL,
	[semester_id] [uniqueidentifier] NULL,
	[semester_code] [nvarchar](100) NULL,
	[academic_year] [nvarchar](20) NULL,
	[is_required] [bit] NULL,
	[group_code] [nvarchar](50) NULL,
	[credits] [decimal](5, 1) NULL,
	[prerequisite_course_id] [uniqueidentifier] NULL,
	[is_prerequisite_required] [bit] NULL,
	[note] [nvarchar](500) NULL,
	[sort_order] [int] NULL,
	[status] [nvarchar](50) NULL,
	[created_at] [datetime2](7) NULL,
	[updated_at] [datetime2](7) NULL,
	[created_by] [uniqueidentifier] NULL,
	[updated_by] [uniqueidentifier] NULL,
	[deleted_at] [datetime2](7) NULL,
	[deleted_by] [uniqueidentifier] NULL,
	[is_active] [bit] NULL,
PRIMARY KEY CLUSTERED 
(
	[id] ASC
)WITH (PAD_INDEX = OFF, STATISTICS_NORECOMPUTE = OFF, IGNORE_DUP_KEY = OFF, ALLOW_ROW_LOCKS = ON, ALLOW_PAGE_LOCKS = ON) ON [PRIMARY]
) ON [PRIMARY]
GO
/****** Object:  Table [dbo].[training_programs]    Script Date: 5/13/2026 6:59:36 PM ******/
SET ANSI_NULLS ON
GO
SET QUOTED_IDENTIFIER ON
GO
CREATE TABLE [dbo].[training_programs](
	[id] [uniqueidentifier] NOT NULL,
	[code] [varchar](50) NULL,
	[name] [nvarchar](255) NULL,
	[name_en] [nvarchar](255) NULL,
	[major_id] [uniqueidentifier] NULL,
	[department_id] [uniqueidentifier] NULL,
	[degree_level] [nvarchar](50) NULL,
	[education_type] [nvarchar](50) NULL,
	[total_credits] [decimal](5, 1) NULL,
	[required_credits] [decimal](5, 1) NULL,
	[elective_credits] [decimal](5, 1) NULL,
	[internship_credits] [decimal](5, 1) NULL,
	[thesis_credits] [decimal](5, 1) NULL,
	[admission_year] [date] NULL,
	[duration_years] [decimal](5, 1) NULL,
	[max_duration_years] [decimal](5, 1) NULL,
	[effective_date] [date] NULL,
	[expiry_date] [date] NULL,
	[description] [nvarchar](max) NULL,
	[objectives] [nvarchar](max) NULL,
	[learning_outcomes] [nvarchar](max) NULL,
	[version] [nvarchar](20) NULL,
	[status] [nvarchar](20) NULL,
	[created_at] [datetime2](7) NULL,
	[updated_at] [datetime2](7) NULL,
	[created_by] [uniqueidentifier] NULL,
	[updated_by] [uniqueidentifier] NULL,
	[deleted_at] [datetime2](7) NULL,
	[deleted_by] [uniqueidentifier] NULL,
	[is_active] [bit] NULL,
PRIMARY KEY CLUSTERED 
(
	[id] ASC
)WITH (PAD_INDEX = OFF, STATISTICS_NORECOMPUTE = OFF, IGNORE_DUP_KEY = OFF, ALLOW_ROW_LOCKS = ON, ALLOW_PAGE_LOCKS = ON) ON [PRIMARY]
) ON [PRIMARY] TEXTIMAGE_ON [PRIMARY]
GO
/****** Object:  Table [dbo].[user_roles]    Script Date: 5/13/2026 6:59:36 PM ******/
SET ANSI_NULLS ON
GO
SET QUOTED_IDENTIFIER ON
GO
CREATE TABLE [dbo].[user_roles](
	[role_id] [uniqueidentifier] NOT NULL,
	[user_id] [uniqueidentifier] NOT NULL,
PRIMARY KEY CLUSTERED 
(
	[role_id] ASC,
	[user_id] ASC
)WITH (PAD_INDEX = OFF, STATISTICS_NORECOMPUTE = OFF, IGNORE_DUP_KEY = OFF, ALLOW_ROW_LOCKS = ON, ALLOW_PAGE_LOCKS = ON) ON [PRIMARY]
) ON [PRIMARY]
GO
/****** Object:  Table [dbo].[users]    Script Date: 5/13/2026 6:59:36 PM ******/
SET ANSI_NULLS ON
GO
SET QUOTED_IDENTIFIER ON
GO
CREATE TABLE [dbo].[users](
	[is_active] [bit] NULL,
	[created_at] [datetime2](6) NULL,
	[deleted_at] [datetime2](6) NULL,
	[last_login_at] [datetime2](6) NULL,
	[updated_at] [datetime2](6) NULL,
	[created_by] [uniqueidentifier] NULL,
	[deleted_by] [uniqueidentifier] NULL,
	[id] [uniqueidentifier] NOT NULL,
	[updated_by] [uniqueidentifier] NULL,
	[phone] [varchar](20) NULL,
	[username] [varchar](50) NULL,
	[email] [varchar](100) NULL,
	[avatar_url] [varchar](255) NULL,
	[password] [varchar](255) NULL,
PRIMARY KEY CLUSTERED 
(
	[id] ASC
)WITH (PAD_INDEX = OFF, STATISTICS_NORECOMPUTE = OFF, IGNORE_DUP_KEY = OFF, ALLOW_ROW_LOCKS = ON, ALLOW_PAGE_LOCKS = ON) ON [PRIMARY]
) ON [PRIMARY]
GO
INSERT [dbo].[academic_years] ([id], [code], [name], [year], [description], [start_date], [end_date], [created_at], [updated_at], [created_by], [updated_by], [deleted_at], [deleted_by], [is_active]) VALUES (N'eece1249-3506-4dc8-8b8a-0495425e6a49', N'AY2017', N'Niên khóa 2017-2020', N'2017-2020', N'Niên khóa từ 2017 đến 2020', CAST(N'2017-09-01' AS Date), CAST(N'2020-06-30' AS Date), CAST(N'2026-04-02T15:59:51.1233333' AS DateTime2), CAST(N'2026-04-02T15:59:51.1233333' AS DateTime2), NULL, NULL, NULL, NULL, 1)
INSERT [dbo].[academic_years] ([id], [code], [name], [year], [description], [start_date], [end_date], [created_at], [updated_at], [created_by], [updated_by], [deleted_at], [deleted_by], [is_active]) VALUES (N'63b3f5ab-772b-43c1-8cdb-2cba1e8420a3', N'AY2031', N'Niên khóa 2031-2034', N'2031-2034', N'Niên khóa từ 2031 đến 2034', CAST(N'2031-09-01' AS Date), CAST(N'2034-06-30' AS Date), CAST(N'2026-04-02T15:59:51.1233333' AS DateTime2), CAST(N'2026-04-02T15:59:51.1233333' AS DateTime2), NULL, NULL, NULL, NULL, 1)
INSERT [dbo].[academic_years] ([id], [code], [name], [year], [description], [start_date], [end_date], [created_at], [updated_at], [created_by], [updated_by], [deleted_at], [deleted_by], [is_active]) VALUES (N'49a45afd-8a3f-4163-b137-4bd659b24aa9', N'AY2021', N'Niên khóa 2021-2024', N'2021-2024', N'Niên khóa từ 2021 đến 2024', CAST(N'2021-09-01' AS Date), CAST(N'2024-06-30' AS Date), CAST(N'2026-04-02T15:59:51.1233333' AS DateTime2), CAST(N'2026-04-02T15:59:51.1233333' AS DateTime2), NULL, NULL, NULL, NULL, 1)
INSERT [dbo].[academic_years] ([id], [code], [name], [year], [description], [start_date], [end_date], [created_at], [updated_at], [created_by], [updated_by], [deleted_at], [deleted_by], [is_active]) VALUES (N'7d776ce9-2484-4464-817c-52791453b8f5', N'AY2023', N'Niên khóa 2023-2026', N'2023-2026', N'Niên khóa từ 2023 đến 2026', CAST(N'2023-09-01' AS Date), CAST(N'2026-06-30' AS Date), CAST(N'2026-04-02T15:59:51.1233333' AS DateTime2), CAST(N'2026-04-02T15:59:51.1233333' AS DateTime2), NULL, NULL, NULL, NULL, 1)
INSERT [dbo].[academic_years] ([id], [code], [name], [year], [description], [start_date], [end_date], [created_at], [updated_at], [created_by], [updated_by], [deleted_at], [deleted_by], [is_active]) VALUES (N'6bed2172-1462-4854-a2dd-537c143e0b58', N'AY2026', N'Niên khóa 2026-2029', N'2026-2029', N'Niên khóa từ 2026 đến 2029', CAST(N'2026-09-01' AS Date), CAST(N'2029-06-30' AS Date), CAST(N'2026-04-02T15:59:51.1233333' AS DateTime2), CAST(N'2026-04-02T15:59:51.1233333' AS DateTime2), NULL, NULL, NULL, NULL, 1)
INSERT [dbo].[academic_years] ([id], [code], [name], [year], [description], [start_date], [end_date], [created_at], [updated_at], [created_by], [updated_by], [deleted_at], [deleted_by], [is_active]) VALUES (N'f2d11016-d526-4641-b797-5e175a7f2ec2', N'AY2020', N'Niên khóa 2020-2023', N'2020-2023', N'Niên khóa từ 2020 đến 2023', CAST(N'2020-09-01' AS Date), CAST(N'2023-06-30' AS Date), CAST(N'2026-04-02T15:59:51.1233333' AS DateTime2), CAST(N'2026-04-02T15:59:51.1233333' AS DateTime2), NULL, NULL, NULL, NULL, 1)
INSERT [dbo].[academic_years] ([id], [code], [name], [year], [description], [start_date], [end_date], [created_at], [updated_at], [created_by], [updated_by], [deleted_at], [deleted_by], [is_active]) VALUES (N'd5e64872-2eb6-4460-93c8-5efead9b1677', N'AY2018', N'Niên khóa 2018-2021', N'2018-2021', N'Niên khóa từ 2018 đến 2021', CAST(N'2018-09-01' AS Date), CAST(N'2021-06-30' AS Date), CAST(N'2026-04-02T15:59:51.1233333' AS DateTime2), CAST(N'2026-04-02T15:59:51.1233333' AS DateTime2), NULL, NULL, NULL, NULL, 1)
INSERT [dbo].[academic_years] ([id], [code], [name], [year], [description], [start_date], [end_date], [created_at], [updated_at], [created_by], [updated_by], [deleted_at], [deleted_by], [is_active]) VALUES (N'33dae13c-8c49-403d-9134-79bb76753481', N'AY2025', N'Niên khóa 2025-2028', N'2025-2028', N'Niên khóa từ 2025 đến 2028', CAST(N'2025-09-01' AS Date), CAST(N'2028-06-30' AS Date), CAST(N'2026-04-02T15:59:51.1233333' AS DateTime2), CAST(N'2026-04-02T15:59:51.1233333' AS DateTime2), NULL, NULL, NULL, NULL, 1)
INSERT [dbo].[academic_years] ([id], [code], [name], [year], [description], [start_date], [end_date], [created_at], [updated_at], [created_by], [updated_by], [deleted_at], [deleted_by], [is_active]) VALUES (N'88ef72cd-4225-4bb7-a8fa-9097a07e6618', N'AY2029', N'Niên khóa 2029-2032', N'2029-2032', N'Niên khóa từ 2029 đến 2032', CAST(N'2029-09-01' AS Date), CAST(N'2032-06-30' AS Date), CAST(N'2026-04-02T15:59:51.1233333' AS DateTime2), CAST(N'2026-04-02T15:59:51.1233333' AS DateTime2), NULL, NULL, NULL, NULL, 1)
INSERT [dbo].[academic_years] ([id], [code], [name], [year], [description], [start_date], [end_date], [created_at], [updated_at], [created_by], [updated_by], [deleted_at], [deleted_by], [is_active]) VALUES (N'5d800541-c7bc-4a9e-afd8-b075cf0cf748', N'AY2022', N'Niên khóa 2022-2025', N'2022-2025', N'Niên khóa từ 2022 đến 2025', CAST(N'2022-09-01' AS Date), CAST(N'2025-06-30' AS Date), CAST(N'2026-04-02T15:59:51.1233333' AS DateTime2), CAST(N'2026-04-02T15:59:51.1233333' AS DateTime2), NULL, NULL, NULL, NULL, 1)
INSERT [dbo].[academic_years] ([id], [code], [name], [year], [description], [start_date], [end_date], [created_at], [updated_at], [created_by], [updated_by], [deleted_at], [deleted_by], [is_active]) VALUES (N'436c48cc-e04b-4296-ad7e-bf5ec4a14a6b', N'AY2019', N'Niên khóa 2019-2022', N'2019-2022', N'Niên khóa từ 2019 đến 2022', CAST(N'2019-09-01' AS Date), CAST(N'2022-06-30' AS Date), CAST(N'2026-04-02T15:59:51.1233333' AS DateTime2), CAST(N'2026-04-02T15:59:51.1233333' AS DateTime2), NULL, NULL, NULL, NULL, 1)
INSERT [dbo].[academic_years] ([id], [code], [name], [year], [description], [start_date], [end_date], [created_at], [updated_at], [created_by], [updated_by], [deleted_at], [deleted_by], [is_active]) VALUES (N'df57710d-7068-4f43-9ac2-c017ec63cbc3', N'AY2024', N'Niên khóa 2024-2027', N'2024-2027', N'Niên khóa từ 2024 đến 2027', CAST(N'2024-09-01' AS Date), CAST(N'2027-06-30' AS Date), CAST(N'2026-04-02T15:59:51.1233333' AS DateTime2), CAST(N'2026-04-02T15:59:51.1233333' AS DateTime2), NULL, NULL, NULL, NULL, 1)
INSERT [dbo].[academic_years] ([id], [code], [name], [year], [description], [start_date], [end_date], [created_at], [updated_at], [created_by], [updated_by], [deleted_at], [deleted_by], [is_active]) VALUES (N'772f86ed-21d8-4999-85e4-c53a230bf571', N'AY2015', N'Niên khóa 2015-2018', N'2015-2018', N'Niên khóa từ 2015 đến 2018', CAST(N'2015-09-01' AS Date), CAST(N'2018-06-30' AS Date), CAST(N'2026-04-02T15:59:51.1233333' AS DateTime2), CAST(N'2026-04-02T15:59:51.1233333' AS DateTime2), NULL, NULL, NULL, NULL, 1)
INSERT [dbo].[academic_years] ([id], [code], [name], [year], [description], [start_date], [end_date], [created_at], [updated_at], [created_by], [updated_by], [deleted_at], [deleted_by], [is_active]) VALUES (N'0b2d8249-4123-4ef9-a3fa-ce3ba8baee2c', N'AY2032', N'Niên khóa 2032-2035', N'2032-2035', N'Niên khóa từ 2032 đến 2035', CAST(N'2032-09-01' AS Date), CAST(N'2035-06-30' AS Date), CAST(N'2026-04-02T15:59:51.1233333' AS DateTime2), CAST(N'2026-04-02T15:59:51.1233333' AS DateTime2), NULL, NULL, NULL, NULL, 1)
INSERT [dbo].[academic_years] ([id], [code], [name], [year], [description], [start_date], [end_date], [created_at], [updated_at], [created_by], [updated_by], [deleted_at], [deleted_by], [is_active]) VALUES (N'2d4bb0ff-48cf-4812-b55b-d5b85c226c2c', N'AY2033', N'Niên khóa 2033-2036', N'2033-2036', N'Niên khóa từ 2033 đến 2036', CAST(N'2033-09-01' AS Date), CAST(N'2036-06-30' AS Date), CAST(N'2026-04-02T15:59:51.1233333' AS DateTime2), CAST(N'2026-04-02T15:59:51.1233333' AS DateTime2), NULL, NULL, NULL, NULL, 1)
INSERT [dbo].[academic_years] ([id], [code], [name], [year], [description], [start_date], [end_date], [created_at], [updated_at], [created_by], [updated_by], [deleted_at], [deleted_by], [is_active]) VALUES (N'f19905f1-9816-46a4-94dc-dcfdc52682c3', N'AY2028', N'Niên khóa 2028-2031', N'2028-2031', N'Niên khóa từ 2028 đến 2031', CAST(N'2028-09-01' AS Date), CAST(N'2031-06-30' AS Date), CAST(N'2026-04-02T15:59:51.1233333' AS DateTime2), CAST(N'2026-04-02T15:59:51.1233333' AS DateTime2), NULL, NULL, NULL, NULL, 1)
INSERT [dbo].[academic_years] ([id], [code], [name], [year], [description], [start_date], [end_date], [created_at], [updated_at], [created_by], [updated_by], [deleted_at], [deleted_by], [is_active]) VALUES (N'14ab3648-ec5c-4fc2-a51d-e17c8e5efe21', N'AY2014', N'Niên khóa 2014-2017', N'2014-2017', N'Niên khóa từ 2014 đến 2017', CAST(N'2014-09-01' AS Date), CAST(N'2017-06-30' AS Date), CAST(N'2026-04-02T15:59:51.1233333' AS DateTime2), CAST(N'2026-04-02T15:59:51.1233333' AS DateTime2), NULL, NULL, NULL, NULL, 1)
INSERT [dbo].[academic_years] ([id], [code], [name], [year], [description], [start_date], [end_date], [created_at], [updated_at], [created_by], [updated_by], [deleted_at], [deleted_by], [is_active]) VALUES (N'b129ddb4-1ef6-461f-a361-e6dcb4ace98a', N'AY2016', N'Niên khóa 2016-2019', N'2016-2019', N'Niên khóa từ 2016 đến 2019', CAST(N'2016-09-01' AS Date), CAST(N'2019-06-30' AS Date), CAST(N'2026-04-02T15:59:51.1233333' AS DateTime2), CAST(N'2026-04-02T15:59:51.1233333' AS DateTime2), NULL, NULL, NULL, NULL, 1)
INSERT [dbo].[academic_years] ([id], [code], [name], [year], [description], [start_date], [end_date], [created_at], [updated_at], [created_by], [updated_by], [deleted_at], [deleted_by], [is_active]) VALUES (N'9a190ccc-6f19-4892-9ce0-f49dbd4cfc4f', N'AY2027', N'Niên khóa 2027-2030', N'2027-2030', N'Niên khóa từ 2027 đến 2030', CAST(N'2027-09-01' AS Date), CAST(N'2030-06-30' AS Date), CAST(N'2026-04-02T15:59:51.1233333' AS DateTime2), CAST(N'2026-04-02T15:59:51.1233333' AS DateTime2), NULL, NULL, NULL, NULL, 1)
INSERT [dbo].[academic_years] ([id], [code], [name], [year], [description], [start_date], [end_date], [created_at], [updated_at], [created_by], [updated_by], [deleted_at], [deleted_by], [is_active]) VALUES (N'52e758c9-eb47-4aef-8ea7-f87b122f3597', N'AY2030', N'Niên khóa 2030-2033', N'2030-2033', N'Niên khóa từ 2030 đến 2033', CAST(N'2030-09-01' AS Date), CAST(N'2033-06-30' AS Date), CAST(N'2026-04-02T15:59:51.1233333' AS DateTime2), CAST(N'2026-04-02T15:59:51.1233333' AS DateTime2), NULL, NULL, NULL, NULL, 1)
GO
INSERT [dbo].[course_registrations] ([is_active], [is_paid], [registration_type], [status], [created_at], [deleted_at], [registered_at], [updated_at], [course_section_id], [created_by], [deleted_by], [id], [registration_period_id], [replaced_grade_id], [student_id], [updated_by]) VALUES (1, NULL, 1, NULL, NULL, NULL, CAST(N'2026-05-12T22:51:58.1000000' AS DateTime2), NULL, N'2ff787ee-9f8e-48c4-bee8-2aa728fd73ec', NULL, NULL, N'de5cfe47-a0db-4dc0-83ad-01ceb51edd36', NULL, NULL, N'9d8d8364-11e6-4ce7-ac67-87d92083239b', NULL)
INSERT [dbo].[course_registrations] ([is_active], [is_paid], [registration_type], [status], [created_at], [deleted_at], [registered_at], [updated_at], [course_section_id], [created_by], [deleted_by], [id], [registration_period_id], [replaced_grade_id], [student_id], [updated_by]) VALUES (1, NULL, 1, NULL, NULL, NULL, CAST(N'2026-05-12T22:51:58.0966670' AS DateTime2), NULL, N'6e1a7820-39fc-4ac3-a7f6-c7eebc67182b', NULL, NULL, N'efc1eae3-26c9-4979-8b5b-029f337211bb', NULL, NULL, N'bdf4e66d-55b2-4f39-8c87-2f0121f12b0f', NULL)
INSERT [dbo].[course_registrations] ([is_active], [is_paid], [registration_type], [status], [created_at], [deleted_at], [registered_at], [updated_at], [course_section_id], [created_by], [deleted_by], [id], [registration_period_id], [replaced_grade_id], [student_id], [updated_by]) VALUES (1, NULL, 1, NULL, NULL, NULL, CAST(N'2026-05-12T22:51:58.1000000' AS DateTime2), NULL, N'4adb7a81-61b3-419b-a20b-5a444abe9ccf', NULL, NULL, N'19f7cdb7-893a-4037-847b-06f17731e1d6', NULL, NULL, N'31e33217-1664-4a93-9d45-f70a7f806b23', NULL)
INSERT [dbo].[course_registrations] ([is_active], [is_paid], [registration_type], [status], [created_at], [deleted_at], [registered_at], [updated_at], [course_section_id], [created_by], [deleted_by], [id], [registration_period_id], [replaced_grade_id], [student_id], [updated_by]) VALUES (1, NULL, 1, NULL, NULL, NULL, CAST(N'2026-05-12T22:51:58.0966670' AS DateTime2), NULL, N'78eb7952-c59a-43f9-a509-12d090048490', NULL, NULL, N'd963bf5f-7fa0-4acf-bbf2-0aa4a77dd617', NULL, NULL, N'056aa66c-8cfb-4ce1-9eb4-3ca1f27c75d9', NULL)
INSERT [dbo].[course_registrations] ([is_active], [is_paid], [registration_type], [status], [created_at], [deleted_at], [registered_at], [updated_at], [course_section_id], [created_by], [deleted_by], [id], [registration_period_id], [replaced_grade_id], [student_id], [updated_by]) VALUES (1, NULL, 1, NULL, NULL, NULL, CAST(N'2026-05-12T22:51:58.1000000' AS DateTime2), NULL, N'4adb7a81-61b3-419b-a20b-5a444abe9ccf', NULL, NULL, N'8b2dfe90-4016-4257-851f-0dad88f9e064', NULL, NULL, N'01f96184-f4c9-4b6f-a829-e025acc66717', NULL)
INSERT [dbo].[course_registrations] ([is_active], [is_paid], [registration_type], [status], [created_at], [deleted_at], [registered_at], [updated_at], [course_section_id], [created_by], [deleted_by], [id], [registration_period_id], [replaced_grade_id], [student_id], [updated_by]) VALUES (1, NULL, 1, NULL, NULL, NULL, CAST(N'2026-05-12T22:51:58.1000000' AS DateTime2), NULL, N'4adb7a81-61b3-419b-a20b-5a444abe9ccf', NULL, NULL, N'6da04fdc-f56e-4f94-a091-0e388f90ea51', NULL, NULL, N'429a4a12-8b3e-4ad5-893a-d9f80e084124', NULL)
INSERT [dbo].[course_registrations] ([is_active], [is_paid], [registration_type], [status], [created_at], [deleted_at], [registered_at], [updated_at], [course_section_id], [created_by], [deleted_by], [id], [registration_period_id], [replaced_grade_id], [student_id], [updated_by]) VALUES (1, NULL, 1, NULL, NULL, NULL, CAST(N'2026-05-12T22:51:58.0966670' AS DateTime2), NULL, N'3d561a99-4713-4ceb-8598-98a2c7f4ca2e', NULL, NULL, N'5ffeb8e9-3989-4f8f-bb1a-12d636cacfbd', NULL, NULL, N'01f96184-f4c9-4b6f-a829-e025acc66717', NULL)
INSERT [dbo].[course_registrations] ([is_active], [is_paid], [registration_type], [status], [created_at], [deleted_at], [registered_at], [updated_at], [course_section_id], [created_by], [deleted_by], [id], [registration_period_id], [replaced_grade_id], [student_id], [updated_by]) VALUES (1, NULL, 1, NULL, NULL, NULL, CAST(N'2026-05-12T22:51:58.0966670' AS DateTime2), NULL, N'6e1a7820-39fc-4ac3-a7f6-c7eebc67182b', NULL, NULL, N'eb75c4a2-97bc-438e-88c9-13a1bef75a8a', NULL, NULL, N'1214e331-bb34-4e04-883e-b75f1579f1c6', NULL)
INSERT [dbo].[course_registrations] ([is_active], [is_paid], [registration_type], [status], [created_at], [deleted_at], [registered_at], [updated_at], [course_section_id], [created_by], [deleted_by], [id], [registration_period_id], [replaced_grade_id], [student_id], [updated_by]) VALUES (1, NULL, 1, NULL, NULL, NULL, CAST(N'2026-05-12T22:51:58.1000000' AS DateTime2), NULL, N'4adb7a81-61b3-419b-a20b-5a444abe9ccf', NULL, NULL, N'380706d9-9538-4232-aa4a-16505eea1aaf', NULL, NULL, N'9d8d8364-11e6-4ce7-ac67-87d92083239b', NULL)
INSERT [dbo].[course_registrations] ([is_active], [is_paid], [registration_type], [status], [created_at], [deleted_at], [registered_at], [updated_at], [course_section_id], [created_by], [deleted_by], [id], [registration_period_id], [replaced_grade_id], [student_id], [updated_by]) VALUES (1, NULL, 1, NULL, NULL, NULL, CAST(N'2026-05-12T22:51:58.0966670' AS DateTime2), NULL, N'78eb7952-c59a-43f9-a509-12d090048490', NULL, NULL, N'ccff4d25-f080-4a12-ab4b-1ba71e84b0b8', NULL, NULL, N'9d8d8364-11e6-4ce7-ac67-87d92083239b', NULL)
INSERT [dbo].[course_registrations] ([is_active], [is_paid], [registration_type], [status], [created_at], [deleted_at], [registered_at], [updated_at], [course_section_id], [created_by], [deleted_by], [id], [registration_period_id], [replaced_grade_id], [student_id], [updated_by]) VALUES (1, NULL, 1, NULL, NULL, NULL, CAST(N'2026-05-12T22:51:58.0966670' AS DateTime2), NULL, N'78eb7952-c59a-43f9-a509-12d090048490', NULL, NULL, N'a642ef63-3499-4c9c-9a48-1dbd356a8eef', NULL, NULL, N'bdf4e66d-55b2-4f39-8c87-2f0121f12b0f', NULL)
INSERT [dbo].[course_registrations] ([is_active], [is_paid], [registration_type], [status], [created_at], [deleted_at], [registered_at], [updated_at], [course_section_id], [created_by], [deleted_by], [id], [registration_period_id], [replaced_grade_id], [student_id], [updated_by]) VALUES (1, NULL, 1, NULL, NULL, NULL, CAST(N'2026-05-12T22:51:58.1000000' AS DateTime2), NULL, N'2ff787ee-9f8e-48c4-bee8-2aa728fd73ec', NULL, NULL, N'19c47bd4-ba9f-45ef-99f5-1fb1553238a2', NULL, NULL, N'67a6cae8-b048-40d0-8ccc-acd3a863727d', NULL)
INSERT [dbo].[course_registrations] ([is_active], [is_paid], [registration_type], [status], [created_at], [deleted_at], [registered_at], [updated_at], [course_section_id], [created_by], [deleted_by], [id], [registration_period_id], [replaced_grade_id], [student_id], [updated_by]) VALUES (1, NULL, 1, NULL, NULL, NULL, CAST(N'2026-05-12T22:51:58.1000000' AS DateTime2), NULL, N'2ff787ee-9f8e-48c4-bee8-2aa728fd73ec', NULL, NULL, N'8e3e3ba9-6461-48b9-9a1f-206055521f89', NULL, NULL, N'c6c10659-3794-40e2-bfb9-f2c0f82adb06', NULL)
INSERT [dbo].[course_registrations] ([is_active], [is_paid], [registration_type], [status], [created_at], [deleted_at], [registered_at], [updated_at], [course_section_id], [created_by], [deleted_by], [id], [registration_period_id], [replaced_grade_id], [student_id], [updated_by]) VALUES (1, NULL, 1, NULL, NULL, NULL, CAST(N'2026-05-12T22:51:58.1000000' AS DateTime2), NULL, N'2ff787ee-9f8e-48c4-bee8-2aa728fd73ec', NULL, NULL, N'77659577-a9aa-40d7-ba9a-2202bfcba782', NULL, NULL, N'61707556-a040-41eb-a13d-7fd9ad166828', NULL)
INSERT [dbo].[course_registrations] ([is_active], [is_paid], [registration_type], [status], [created_at], [deleted_at], [registered_at], [updated_at], [course_section_id], [created_by], [deleted_by], [id], [registration_period_id], [replaced_grade_id], [student_id], [updated_by]) VALUES (1, NULL, 1, NULL, NULL, NULL, CAST(N'2026-05-12T22:51:58.0966670' AS DateTime2), NULL, N'3d561a99-4713-4ceb-8598-98a2c7f4ca2e', NULL, NULL, N'3ef0144e-04ec-45d9-8789-24efe2df35b5', NULL, NULL, N'31e33217-1664-4a93-9d45-f70a7f806b23', NULL)
INSERT [dbo].[course_registrations] ([is_active], [is_paid], [registration_type], [status], [created_at], [deleted_at], [registered_at], [updated_at], [course_section_id], [created_by], [deleted_by], [id], [registration_period_id], [replaced_grade_id], [student_id], [updated_by]) VALUES (1, NULL, 1, NULL, NULL, NULL, CAST(N'2026-05-12T22:51:58.0966670' AS DateTime2), NULL, N'6e1a7820-39fc-4ac3-a7f6-c7eebc67182b', NULL, NULL, N'5ce33123-77b5-4e3c-8246-28bfba8df46b', NULL, NULL, N'294d48cd-c786-4355-9d5b-364a0883865e', NULL)
INSERT [dbo].[course_registrations] ([is_active], [is_paid], [registration_type], [status], [created_at], [deleted_at], [registered_at], [updated_at], [course_section_id], [created_by], [deleted_by], [id], [registration_period_id], [replaced_grade_id], [student_id], [updated_by]) VALUES (1, NULL, 1, NULL, NULL, NULL, CAST(N'2026-05-12T22:51:58.0966670' AS DateTime2), NULL, N'3d561a99-4713-4ceb-8598-98a2c7f4ca2e', NULL, NULL, N'33f54e32-3f6f-4aff-976e-2e0c9d3f0641', NULL, NULL, N'c6c10659-3794-40e2-bfb9-f2c0f82adb06', NULL)
INSERT [dbo].[course_registrations] ([is_active], [is_paid], [registration_type], [status], [created_at], [deleted_at], [registered_at], [updated_at], [course_section_id], [created_by], [deleted_by], [id], [registration_period_id], [replaced_grade_id], [student_id], [updated_by]) VALUES (1, NULL, 1, NULL, NULL, NULL, CAST(N'2026-05-12T22:51:58.0966670' AS DateTime2), NULL, N'3d561a99-4713-4ceb-8598-98a2c7f4ca2e', NULL, NULL, N'82ba0244-6414-4678-bb88-331231e080e3', NULL, NULL, N'ca4f8099-32cb-40bf-a7e3-dc0a5a01e9e5', NULL)
INSERT [dbo].[course_registrations] ([is_active], [is_paid], [registration_type], [status], [created_at], [deleted_at], [registered_at], [updated_at], [course_section_id], [created_by], [deleted_by], [id], [registration_period_id], [replaced_grade_id], [student_id], [updated_by]) VALUES (1, NULL, 1, NULL, NULL, NULL, CAST(N'2026-05-12T22:51:58.0966670' AS DateTime2), NULL, N'6e1a7820-39fc-4ac3-a7f6-c7eebc67182b', NULL, NULL, N'2dcbde82-fa00-486b-82e0-3b1bbafd8449', NULL, NULL, N'03d538a1-504c-4e72-8374-418b09fb8091', NULL)
INSERT [dbo].[course_registrations] ([is_active], [is_paid], [registration_type], [status], [created_at], [deleted_at], [registered_at], [updated_at], [course_section_id], [created_by], [deleted_by], [id], [registration_period_id], [replaced_grade_id], [student_id], [updated_by]) VALUES (1, NULL, 1, NULL, NULL, NULL, CAST(N'2026-05-12T22:51:58.0966670' AS DateTime2), NULL, N'78eb7952-c59a-43f9-a509-12d090048490', NULL, NULL, N'12a5d32f-d4ca-4332-a0ab-595773a1e5c6', NULL, NULL, N'01f96184-f4c9-4b6f-a829-e025acc66717', NULL)
GO
INSERT [dbo].[course_sections] ([is_active], [max_students], [min_students], [created_at], [deleted_at], [registration_end], [registration_start], [updated_at], [building_id], [course_id], [created_by], [deleted_by], [id], [room_id], [semester_id], [updated_by], [status], [code], [class_type], [name], [note], [lecturer_id]) VALUES (1, NULL, NULL, NULL, NULL, NULL, NULL, NULL, NULL, N'4fc287a8-b61e-4408-b63a-f75abd2eaf55', NULL, NULL, N'78eb7952-c59a-43f9-a509-12d090048490', NULL, NULL, NULL, N'open', N'IT302.01', NULL, N'Nhóm 01 - Cơ sở dữ liệu SQL Server', NULL, N'2a63a401-8e7b-4533-96d5-7fe587d01b53')
INSERT [dbo].[course_sections] ([is_active], [max_students], [min_students], [created_at], [deleted_at], [registration_end], [registration_start], [updated_at], [building_id], [course_id], [created_by], [deleted_by], [id], [room_id], [semester_id], [updated_by], [status], [code], [class_type], [name], [note], [lecturer_id]) VALUES (1, NULL, NULL, NULL, NULL, NULL, NULL, NULL, NULL, N'b5f02251-b007-4404-91e0-3d7e55a43a94', NULL, NULL, N'2ff787ee-9f8e-48c4-bee8-2aa728fd73ec', NULL, NULL, NULL, N'open', N'IT304.01', NULL, N'Nhóm 01 - Lập trình Web với Spring Boot', NULL, N'2a63a401-8e7b-4533-96d5-7fe587d01b53')
INSERT [dbo].[course_sections] ([is_active], [max_students], [min_students], [created_at], [deleted_at], [registration_end], [registration_start], [updated_at], [building_id], [course_id], [created_by], [deleted_by], [id], [room_id], [semester_id], [updated_by], [status], [code], [class_type], [name], [note], [lecturer_id]) VALUES (1, NULL, NULL, NULL, NULL, NULL, NULL, NULL, NULL, N'a8f611ab-12bc-42ee-b485-cbad30b754b3', NULL, NULL, N'4adb7a81-61b3-419b-a20b-5a444abe9ccf', NULL, NULL, NULL, N'open', N'IT305.01', NULL, N'Nhóm 01 - An toàn bảo mật thông tin', NULL, N'2a63a401-8e7b-4533-96d5-7fe587d01b53')
INSERT [dbo].[course_sections] ([is_active], [max_students], [min_students], [created_at], [deleted_at], [registration_end], [registration_start], [updated_at], [building_id], [course_id], [created_by], [deleted_by], [id], [room_id], [semester_id], [updated_by], [status], [code], [class_type], [name], [note], [lecturer_id]) VALUES (1, NULL, NULL, NULL, NULL, NULL, NULL, NULL, NULL, N'da0fb2af-0d3a-4434-b877-34b67af6e750', NULL, NULL, N'3d561a99-4713-4ceb-8598-98a2c7f4ca2e', NULL, NULL, NULL, N'open', N'IT303.01', NULL, N'Nhóm 01 - Phân tích thiết kế hệ thống', NULL, N'2a63a401-8e7b-4533-96d5-7fe587d01b53')
INSERT [dbo].[course_sections] ([is_active], [max_students], [min_students], [created_at], [deleted_at], [registration_end], [registration_start], [updated_at], [building_id], [course_id], [created_by], [deleted_by], [id], [room_id], [semester_id], [updated_by], [status], [code], [class_type], [name], [note], [lecturer_id]) VALUES (1, NULL, NULL, NULL, NULL, NULL, NULL, NULL, NULL, N'2642f2e9-2bcf-425f-9564-4fcf909328fe', NULL, NULL, N'6e1a7820-39fc-4ac3-a7f6-c7eebc67182b', NULL, NULL, NULL, N'open', N'IT301.01', NULL, N'Nhóm 01 - Lập trình Java nâng cao', NULL, N'2a63a401-8e7b-4533-96d5-7fe587d01b53')
GO
INSERT [dbo].[courses] ([credits], [is_active], [id], [code], [name]) VALUES (3, 1, N'da0fb2af-0d3a-4434-b877-34b67af6e750', N'IT303', N'Phân tích thi?t k? h? th?ng')
INSERT [dbo].[courses] ([credits], [is_active], [id], [code], [name]) VALUES (3, 1, N'b5f02251-b007-4404-91e0-3d7e55a43a94', N'IT304', N'L?p tr?nh Web v?i Spring Boot')
INSERT [dbo].[courses] ([credits], [is_active], [id], [code], [name]) VALUES (3, 1, N'2642f2e9-2bcf-425f-9564-4fcf909328fe', N'IT301', N'L?p tr?nh Java nâng cao')
INSERT [dbo].[courses] ([credits], [is_active], [id], [code], [name]) VALUES (3, 1, N'a8f611ab-12bc-42ee-b485-cbad30b754b3', N'IT305', N'An toàn b?o m?t thông tin')
INSERT [dbo].[courses] ([credits], [is_active], [id], [code], [name]) VALUES (3, 1, N'4fc287a8-b61e-4408-b63a-f75abd2eaf55', N'IT302', N'Cơ s? d? li?u SQL Server')
GO
INSERT [dbo].[departments] ([id], [code], [name], [description], [established_date], [created_at], [updated_at], [created_by], [updated_by], [deleted_at], [deleted_by], [is_active]) VALUES (N'a835541a-f0e8-4766-84c2-0abd2bc77e1b', N'TT', N'Khoa Truyền thông', N'Đào tạo truyền thông đa phương tiện', CAST(N'2012-01-01' AS Date), CAST(N'2026-04-02T17:19:36.4400000' AS DateTime2), CAST(N'2026-04-02T17:19:36.4400000' AS DateTime2), NULL, NULL, NULL, NULL, 1)
INSERT [dbo].[departments] ([id], [code], [name], [description], [established_date], [created_at], [updated_at], [created_by], [updated_by], [deleted_at], [deleted_by], [is_active]) VALUES (N'3bfc60aa-62e8-4107-abf0-1a436c0b1349', N'NN', N'Khoa Ngoại ngữ', N'Đào tạo ngoại ngữ', CAST(N'2003-01-01' AS Date), CAST(N'2026-04-02T17:19:36.4400000' AS DateTime2), CAST(N'2026-04-02T17:19:36.4400000' AS DateTime2), NULL, NULL, NULL, NULL, 1)
INSERT [dbo].[departments] ([id], [code], [name], [description], [established_date], [created_at], [updated_at], [created_by], [updated_by], [deleted_at], [deleted_by], [is_active]) VALUES (N'bc808290-ef1f-472a-b24e-1e4d19380b83', N'LOG', N'Khoa Logistics', N'Đào tạo logistics và chuỗi cung ứng', CAST(N'2016-01-01' AS Date), CAST(N'2026-04-02T17:16:56.1700000' AS DateTime2), CAST(N'2026-04-02T17:16:56.1700000' AS DateTime2), NULL, NULL, NULL, NULL, 1)
INSERT [dbo].[departments] ([id], [code], [name], [description], [established_date], [created_at], [updated_at], [created_by], [updated_by], [deleted_at], [deleted_by], [is_active]) VALUES (N'678a8997-91a3-4852-baad-2029b4159b6e', N'DT', N'Khoa Điện - Điện tử', N'Đào tạo điện và điện tử', CAST(N'2000-01-01' AS Date), CAST(N'2026-04-02T17:16:56.1700000' AS DateTime2), CAST(N'2026-04-02T17:16:56.1700000' AS DateTime2), NULL, NULL, NULL, NULL, 1)
INSERT [dbo].[departments] ([id], [code], [name], [description], [established_date], [created_at], [updated_at], [created_by], [updated_by], [deleted_at], [deleted_by], [is_active]) VALUES (N'ea13aeb2-adfe-41c3-99af-26b5a68f1341', N'KTMT', N'Khoa Kỹ thuật Máy tính', N'Đào tạo kỹ thuật máy tính', CAST(N'2011-01-01' AS Date), CAST(N'2026-04-02T17:16:56.1700000' AS DateTime2), CAST(N'2026-04-02T17:16:56.1700000' AS DateTime2), NULL, NULL, NULL, NULL, 1)
INSERT [dbo].[departments] ([id], [code], [name], [description], [established_date], [created_at], [updated_at], [created_by], [updated_by], [deleted_at], [deleted_by], [is_active]) VALUES (N'8862f32e-d474-48a1-b73c-2aff5a61f6f5', N'TK', N'Khoa Thiết kế', N'Đào tạo thiết kế đồ họa', CAST(N'2013-01-01' AS Date), CAST(N'2026-04-02T17:19:36.4400000' AS DateTime2), CAST(N'2026-04-02T17:19:36.4400000' AS DateTime2), NULL, NULL, NULL, NULL, 1)
INSERT [dbo].[departments] ([id], [code], [name], [description], [established_date], [created_at], [updated_at], [created_by], [updated_by], [deleted_at], [deleted_by], [is_active]) VALUES (N'5890f569-0f42-440b-8fa4-2e88f56fd8c5', N'DS', N'Khoa Dân số', N'Đào tạo dân số học', CAST(N'2007-01-01' AS Date), CAST(N'2026-04-02T17:16:56.1700000' AS DateTime2), CAST(N'2026-04-02T17:16:56.1700000' AS DateTime2), NULL, NULL, NULL, NULL, 1)
INSERT [dbo].[departments] ([id], [code], [name], [description], [established_date], [created_at], [updated_at], [created_by], [updated_by], [deleted_at], [deleted_by], [is_active]) VALUES (N'7c4581da-b4cc-4c95-bee7-31f47fc507b2', N'Y', N'Khoa Y', N'Đào tạo y khoa', CAST(N'1999-01-01' AS Date), CAST(N'2026-04-02T17:19:36.4400000' AS DateTime2), CAST(N'2026-04-02T17:19:36.4400000' AS DateTime2), NULL, NULL, NULL, NULL, 1)
INSERT [dbo].[departments] ([id], [code], [name], [description], [established_date], [created_at], [updated_at], [created_by], [updated_by], [deleted_at], [deleted_by], [is_active]) VALUES (N'a89e6428-5cf5-472c-8d05-339784f0d4e2', N'QTKD', N'Khoa Quản trị Kinh doanh', N'Đào tạo quản trị và kinh doanh', CAST(N'2006-01-01' AS Date), CAST(N'2026-04-02T17:19:36.4400000' AS DateTime2), CAST(N'2026-04-02T17:19:36.4400000' AS DateTime2), NULL, NULL, NULL, NULL, 1)
INSERT [dbo].[departments] ([id], [code], [name], [description], [established_date], [created_at], [updated_at], [created_by], [updated_by], [deleted_at], [deleted_by], [is_active]) VALUES (N'07965789-24ce-4dcc-af09-33d4ba7bef0d', N'TCNH', N'Khoa Tài chính - Ngân hàng', N'Đào tạo tài chính ngân hàng', CAST(N'2007-01-01' AS Date), CAST(N'2026-04-02T17:19:36.4400000' AS DateTime2), CAST(N'2026-04-02T17:19:36.4400000' AS DateTime2), NULL, NULL, NULL, NULL, 1)
INSERT [dbo].[departments] ([id], [code], [name], [description], [established_date], [created_at], [updated_at], [created_by], [updated_by], [deleted_at], [deleted_by], [is_active]) VALUES (N'96ee7061-516b-4a25-a787-3780c4bbe82c', N'CNTT', N'Khoa Công nghệ Thông tin', N'Đào tạo CNTT và phần mềm', CAST(N'2005-01-01' AS Date), CAST(N'2026-04-02T17:19:36.4400000' AS DateTime2), CAST(N'2026-04-02T17:19:36.4400000' AS DateTime2), NULL, NULL, NULL, NULL, 1)
INSERT [dbo].[departments] ([id], [code], [name], [description], [established_date], [created_at], [updated_at], [created_by], [updated_by], [deleted_at], [deleted_by], [is_active]) VALUES (N'656f42f5-90c2-4204-b9b7-3d0ef4159856', N'CK', N'Khoa Cơ khí', N'Đào tạo cơ khí chế tạo', CAST(N'2000-01-01' AS Date), CAST(N'2026-04-02T17:19:36.4400000' AS DateTime2), CAST(N'2026-04-02T17:19:36.4400000' AS DateTime2), NULL, NULL, NULL, NULL, 1)
INSERT [dbo].[departments] ([id], [code], [name], [description], [established_date], [created_at], [updated_at], [created_by], [updated_by], [deleted_at], [deleted_by], [is_active]) VALUES (N'5dc64e03-c59e-42dd-bf8f-3e5feb00aad3', N'TK', N'Khoa Thiết kế', N'Đào tạo thiết kế đồ họa', CAST(N'2013-01-01' AS Date), CAST(N'2026-04-02T17:16:56.1700000' AS DateTime2), CAST(N'2026-04-02T17:16:56.1700000' AS DateTime2), NULL, NULL, NULL, NULL, 1)
INSERT [dbo].[departments] ([id], [code], [name], [description], [established_date], [created_at], [updated_at], [created_by], [updated_by], [deleted_at], [deleted_by], [is_active]) VALUES (N'3997c8ec-42bd-46d0-b6f6-424a34ad5812', N'LOG', N'Khoa Logistics', N'Đào tạo logistics và chuỗi cung ứng', CAST(N'2016-01-01' AS Date), CAST(N'2026-04-02T17:19:36.4400000' AS DateTime2), CAST(N'2026-04-02T17:19:36.4400000' AS DateTime2), NULL, NULL, NULL, NULL, 1)
INSERT [dbo].[departments] ([id], [code], [name], [description], [established_date], [created_at], [updated_at], [created_by], [updated_by], [deleted_at], [deleted_by], [is_active]) VALUES (N'e62b000b-a349-4a10-805f-45daf712504b', N'KT', N'Khoa Kế toán', N'Đào tạo kế toán và kiểm toán', CAST(N'2004-01-01' AS Date), CAST(N'2026-04-02T17:16:56.1700000' AS DateTime2), CAST(N'2026-04-02T17:16:56.1700000' AS DateTime2), NULL, NULL, NULL, NULL, 1)
INSERT [dbo].[departments] ([id], [code], [name], [description], [established_date], [created_at], [updated_at], [created_by], [updated_by], [deleted_at], [deleted_by], [is_active]) VALUES (N'45200672-037c-4c3e-a370-466cab1710d9', N'VL', N'Khoa Vật lý', N'Đào tạo vật lý', CAST(N'2003-01-01' AS Date), CAST(N'2026-04-02T17:19:36.4400000' AS DateTime2), CAST(N'2026-04-02T17:19:36.4400000' AS DateTime2), NULL, NULL, NULL, NULL, 1)
INSERT [dbo].[departments] ([id], [code], [name], [description], [established_date], [created_at], [updated_at], [created_by], [updated_by], [deleted_at], [deleted_by], [is_active]) VALUES (N'9a94353e-f1ed-437f-ac6d-5136d3afdcef', N'DUOC', N'Khoa Dược', N'Đào tạo dược học', CAST(N'2001-01-01' AS Date), CAST(N'2026-04-02T17:19:36.4400000' AS DateTime2), CAST(N'2026-04-02T17:19:36.4400000' AS DateTime2), NULL, NULL, NULL, NULL, 1)
INSERT [dbo].[departments] ([id], [code], [name], [description], [established_date], [created_at], [updated_at], [created_by], [updated_by], [deleted_at], [deleted_by], [is_active]) VALUES (N'8563a301-c42a-4ed8-b3bb-60e926a78e46', N'TOAN', N'Khoa Toán học', N'Đào tạo toán học', CAST(N'2002-01-01' AS Date), CAST(N'2026-04-02T17:19:36.4400000' AS DateTime2), CAST(N'2026-04-02T17:19:36.4400000' AS DateTime2), NULL, NULL, NULL, NULL, 1)
INSERT [dbo].[departments] ([id], [code], [name], [description], [established_date], [created_at], [updated_at], [created_by], [updated_by], [deleted_at], [deleted_by], [is_active]) VALUES (N'd032b7bc-41aa-4cc6-8d54-671bc8dc30b7', N'Y', N'Khoa Y', N'Đào tạo y khoa', CAST(N'1999-01-01' AS Date), CAST(N'2026-04-02T17:16:56.1700000' AS DateTime2), CAST(N'2026-04-02T17:16:56.1700000' AS DateTime2), NULL, NULL, NULL, NULL, 1)
INSERT [dbo].[departments] ([id], [code], [name], [description], [established_date], [created_at], [updated_at], [created_by], [updated_by], [deleted_at], [deleted_by], [is_active]) VALUES (N'6cfb90bd-255a-4765-a213-6a0e7d398fd1', N'RHM', N'Khoa Răng Hàm Mặt', N'Đào tạo nha khoa', CAST(N'2006-01-01' AS Date), CAST(N'2026-04-02T17:16:56.1700000' AS DateTime2), CAST(N'2026-04-02T17:16:56.1700000' AS DateTime2), NULL, NULL, NULL, NULL, 1)
INSERT [dbo].[departments] ([id], [code], [name], [description], [established_date], [created_at], [updated_at], [created_by], [updated_by], [deleted_at], [deleted_by], [is_active]) VALUES (N'cdcd0657-243a-4c09-bb0c-6b29940e764a', N'VL', N'Khoa Vật lý', N'Đào tạo vật lý', CAST(N'2003-01-01' AS Date), CAST(N'2026-04-02T17:16:56.1700000' AS DateTime2), CAST(N'2026-04-02T17:16:56.1700000' AS DateTime2), NULL, NULL, NULL, NULL, 1)
INSERT [dbo].[departments] ([id], [code], [name], [description], [established_date], [created_at], [updated_at], [created_by], [updated_by], [deleted_at], [deleted_by], [is_active]) VALUES (N'aa16e585-3554-4261-800f-6d0b9943fc2d', N'SH', N'Khoa Sinh học', N'Đào tạo sinh học ứng dụng', CAST(N'2005-01-01' AS Date), CAST(N'2026-04-02T17:16:56.1700000' AS DateTime2), CAST(N'2026-04-02T17:16:56.1700000' AS DateTime2), NULL, NULL, NULL, NULL, 1)
INSERT [dbo].[departments] ([id], [code], [name], [description], [established_date], [created_at], [updated_at], [created_by], [updated_by], [deleted_at], [deleted_by], [is_active]) VALUES (N'd7991d9e-84a2-4d86-936d-72ca01f1330d', N'TCNH', N'Khoa Tài chính - Ngân hàng', N'Đào tạo tài chính ngân hàng', CAST(N'2007-01-01' AS Date), CAST(N'2026-04-02T17:16:56.1700000' AS DateTime2), CAST(N'2026-04-02T17:16:56.1700000' AS DateTime2), NULL, NULL, NULL, NULL, 1)
INSERT [dbo].[departments] ([id], [code], [name], [description], [established_date], [created_at], [updated_at], [created_by], [updated_by], [deleted_at], [deleted_by], [is_active]) VALUES (N'178b1638-5f97-4465-86d3-73d486b77190', N'SP', N'Khoa Sư phạm', N'Đào tạo giáo viên', CAST(N'2002-01-01' AS Date), CAST(N'2026-04-02T17:16:56.1700000' AS DateTime2), CAST(N'2026-04-02T17:16:56.1700000' AS DateTime2), NULL, NULL, NULL, NULL, 1)
INSERT [dbo].[departments] ([id], [code], [name], [description], [established_date], [created_at], [updated_at], [created_by], [updated_by], [deleted_at], [deleted_by], [is_active]) VALUES (N'6df1992e-a1b2-47b9-b46a-7a151d12383e', N'CK', N'Khoa Cơ khí', N'Đào tạo cơ khí chế tạo', CAST(N'2000-01-01' AS Date), CAST(N'2026-04-02T17:16:56.1700000' AS DateTime2), CAST(N'2026-04-02T17:16:56.1700000' AS DateTime2), NULL, NULL, NULL, NULL, 1)
INSERT [dbo].[departments] ([id], [code], [name], [description], [established_date], [created_at], [updated_at], [created_by], [updated_by], [deleted_at], [deleted_by], [is_active]) VALUES (N'5ed2c48f-0e26-496f-8949-7dcc5b10d252', N'RHM', N'Khoa Răng Hàm Mặt', N'Đào tạo nha khoa', CAST(N'2006-01-01' AS Date), CAST(N'2026-04-02T17:19:36.4400000' AS DateTime2), CAST(N'2026-04-02T17:19:36.4400000' AS DateTime2), NULL, NULL, NULL, NULL, 1)
INSERT [dbo].[departments] ([id], [code], [name], [description], [established_date], [created_at], [updated_at], [created_by], [updated_by], [deleted_at], [deleted_by], [is_active]) VALUES (N'35ce7e73-1c91-4669-83a1-80eef4fd43c1', N'NN', N'Khoa Ngoại ngữ', N'Đào tạo ngoại ngữ', CAST(N'2003-01-01' AS Date), CAST(N'2026-04-02T17:16:56.1700000' AS DateTime2), CAST(N'2026-04-02T17:16:56.1700000' AS DateTime2), NULL, NULL, NULL, NULL, 1)
INSERT [dbo].[departments] ([id], [code], [name], [description], [established_date], [created_at], [updated_at], [created_by], [updated_by], [deleted_at], [deleted_by], [is_active]) VALUES (N'c26c9041-030e-4459-af90-8e81dc2d21a9', N'CNTT', N'Khoa Công nghệ Thông tin', N'Đào tạo CNTT và phần mềm', CAST(N'2005-01-01' AS Date), CAST(N'2026-04-02T17:16:56.1700000' AS DateTime2), CAST(N'2026-04-02T17:16:56.1700000' AS DateTime2), NULL, NULL, NULL, NULL, 1)
INSERT [dbo].[departments] ([id], [code], [name], [description], [established_date], [created_at], [updated_at], [created_by], [updated_by], [deleted_at], [deleted_by], [is_active]) VALUES (N'8c45f4b0-da5b-4107-b745-8fcd8adeec35', N'AI', N'Khoa Trí tuệ Nhân tạo', N'Đào tạo AI và khoa học dữ liệu', CAST(N'2020-01-01' AS Date), CAST(N'2026-04-02T17:16:56.1700000' AS DateTime2), CAST(N'2026-04-02T17:16:56.1700000' AS DateTime2), NULL, NULL, NULL, NULL, 1)
INSERT [dbo].[departments] ([id], [code], [name], [description], [established_date], [created_at], [updated_at], [created_by], [updated_by], [deleted_at], [deleted_by], [is_active]) VALUES (N'9977e6f6-2373-4d22-a023-91d5c66a19d4', N'LUAT', N'Khoa Luật', N'Đào tạo luật học', CAST(N'2008-01-01' AS Date), CAST(N'2026-04-02T17:16:56.1700000' AS DateTime2), CAST(N'2026-04-02T17:16:56.1700000' AS DateTime2), NULL, NULL, NULL, NULL, 1)
INSERT [dbo].[departments] ([id], [code], [name], [description], [established_date], [created_at], [updated_at], [created_by], [updated_by], [deleted_at], [deleted_by], [is_active]) VALUES (N'4781f61f-8d0c-4177-b5ab-925ae1a6cce6', N'DS', N'Khoa Dân số', N'Đào tạo dân số học', CAST(N'2007-01-01' AS Date), CAST(N'2026-04-02T17:19:36.4400000' AS DateTime2), CAST(N'2026-04-02T17:19:36.4400000' AS DateTime2), NULL, NULL, NULL, NULL, 1)
INSERT [dbo].[departments] ([id], [code], [name], [description], [established_date], [created_at], [updated_at], [created_by], [updated_by], [deleted_at], [deleted_by], [is_active]) VALUES (N'94b76607-cfdf-4519-84eb-93e207f28a93', N'DL', N'Khoa Du lịch', N'Đào tạo du lịch và lữ hành', CAST(N'2010-01-01' AS Date), CAST(N'2026-04-02T17:16:56.1700000' AS DateTime2), CAST(N'2026-04-02T17:16:56.1700000' AS DateTime2), NULL, NULL, NULL, NULL, 1)
INSERT [dbo].[departments] ([id], [code], [name], [description], [established_date], [created_at], [updated_at], [created_by], [updated_by], [deleted_at], [deleted_by], [is_active]) VALUES (N'0db60547-c0d7-47c6-a743-95f2d5377ab3', N'OTO', N'Khoa Công nghệ Ô tô', N'Đào tạo kỹ thuật ô tô', CAST(N'2012-01-01' AS Date), CAST(N'2026-04-02T17:16:56.1700000' AS DateTime2), CAST(N'2026-04-02T17:16:56.1700000' AS DateTime2), NULL, NULL, NULL, NULL, 1)
INSERT [dbo].[departments] ([id], [code], [name], [description], [established_date], [created_at], [updated_at], [created_by], [updated_by], [deleted_at], [deleted_by], [is_active]) VALUES (N'dfd68223-168b-45ff-961c-9644e5b05cab', N'DL', N'Khoa Du lịch', N'Đào tạo du lịch và lữ hành', CAST(N'2010-01-01' AS Date), CAST(N'2026-04-02T17:19:36.4400000' AS DateTime2), CAST(N'2026-04-02T17:19:36.4400000' AS DateTime2), NULL, NULL, NULL, NULL, 1)
INSERT [dbo].[departments] ([id], [code], [name], [description], [established_date], [created_at], [updated_at], [created_by], [updated_by], [deleted_at], [deleted_by], [is_active]) VALUES (N'd369eaab-b88e-4707-9f24-9c2d78b8cc9e', N'XD', N'Khoa Xây dựng', N'Đào tạo kỹ thuật xây dựng', CAST(N'2001-01-01' AS Date), CAST(N'2026-04-02T17:19:36.4400000' AS DateTime2), CAST(N'2026-04-02T17:19:36.4400000' AS DateTime2), NULL, NULL, NULL, NULL, 1)
INSERT [dbo].[departments] ([id], [code], [name], [description], [established_date], [created_at], [updated_at], [created_by], [updated_by], [deleted_at], [deleted_by], [is_active]) VALUES (N'b6c826bf-23cc-4fd9-b321-a0731533205c', N'SH', N'Khoa Sinh học', N'Đào tạo sinh học ứng dụng', CAST(N'2005-01-01' AS Date), CAST(N'2026-04-02T17:19:36.4400000' AS DateTime2), CAST(N'2026-04-02T17:19:36.4400000' AS DateTime2), NULL, NULL, NULL, NULL, 1)
INSERT [dbo].[departments] ([id], [code], [name], [description], [established_date], [created_at], [updated_at], [created_by], [updated_by], [deleted_at], [deleted_by], [is_active]) VALUES (N'cd6b32c9-7ac9-4778-b710-a75e47190ee7', N'HH', N'Khoa Hóa học', N'Đào tạo hóa học', CAST(N'2004-01-01' AS Date), CAST(N'2026-04-02T17:16:56.1700000' AS DateTime2), CAST(N'2026-04-02T17:16:56.1700000' AS DateTime2), NULL, NULL, NULL, NULL, 1)
INSERT [dbo].[departments] ([id], [code], [name], [description], [established_date], [created_at], [updated_at], [created_by], [updated_by], [deleted_at], [deleted_by], [is_active]) VALUES (N'877c44d5-222a-4962-99f2-a845fed55752', N'DUOC', N'Khoa Dược', N'Đào tạo dược học', CAST(N'2001-01-01' AS Date), CAST(N'2026-04-02T17:16:56.1700000' AS DateTime2), CAST(N'2026-04-02T17:16:56.1700000' AS DateTime2), NULL, NULL, NULL, NULL, 1)
INSERT [dbo].[departments] ([id], [code], [name], [description], [established_date], [created_at], [updated_at], [created_by], [updated_by], [deleted_at], [deleted_by], [is_active]) VALUES (N'a507a2a1-63ae-4bfc-891d-a9596c18959d', N'TOAN', N'Khoa Toán học', N'Đào tạo toán học', CAST(N'2002-01-01' AS Date), CAST(N'2026-04-02T17:16:56.1700000' AS DateTime2), CAST(N'2026-04-02T17:16:56.1700000' AS DateTime2), NULL, NULL, NULL, NULL, 1)
INSERT [dbo].[departments] ([id], [code], [name], [description], [established_date], [created_at], [updated_at], [created_by], [updated_by], [deleted_at], [deleted_by], [is_active]) VALUES (N'f2aa0799-38bc-4632-8f86-b054b148d142', N'KT', N'Khoa Kế toán', N'Đào tạo kế toán và kiểm toán', CAST(N'2004-01-01' AS Date), CAST(N'2026-04-02T17:19:36.4400000' AS DateTime2), CAST(N'2026-04-02T17:19:36.4400000' AS DateTime2), NULL, NULL, NULL, NULL, 1)
INSERT [dbo].[departments] ([id], [code], [name], [description], [established_date], [created_at], [updated_at], [created_by], [updated_by], [deleted_at], [deleted_by], [is_active]) VALUES (N'39c8d887-139e-49de-8cdf-b186556aaf48', N'TT', N'Khoa Truyền thông', N'Đào tạo truyền thông đa phương tiện', CAST(N'2012-01-01' AS Date), CAST(N'2026-04-02T17:16:56.1700000' AS DateTime2), CAST(N'2026-04-02T17:16:56.1700000' AS DateTime2), NULL, NULL, NULL, NULL, 1)
INSERT [dbo].[departments] ([id], [code], [name], [description], [established_date], [created_at], [updated_at], [created_by], [updated_by], [deleted_at], [deleted_by], [is_active]) VALUES (N'31e44fce-7ab6-4094-93f2-b434a89152f2', N'BC', N'Khoa Báo chí', N'Đào tạo báo chí truyền thông', CAST(N'2008-01-01' AS Date), CAST(N'2026-04-02T17:19:36.4400000' AS DateTime2), CAST(N'2026-04-02T17:19:36.4400000' AS DateTime2), NULL, NULL, NULL, NULL, 1)
INSERT [dbo].[departments] ([id], [code], [name], [description], [established_date], [created_at], [updated_at], [created_by], [updated_by], [deleted_at], [deleted_by], [is_active]) VALUES (N'c1aacc62-1919-4771-b7a5-bac63b8129e3', N'KTMT', N'Khoa Kỹ thuật Máy tính', N'Đào tạo kỹ thuật máy tính', CAST(N'2011-01-01' AS Date), CAST(N'2026-04-02T17:19:36.4400000' AS DateTime2), CAST(N'2026-04-02T17:19:36.4400000' AS DateTime2), NULL, NULL, NULL, NULL, 1)
INSERT [dbo].[departments] ([id], [code], [name], [description], [established_date], [created_at], [updated_at], [created_by], [updated_by], [deleted_at], [deleted_by], [is_active]) VALUES (N'2d6f9f55-0841-402f-a3b7-be880ab42cba', N'XD', N'Khoa Xây dựng', N'Đào tạo kỹ thuật xây dựng', CAST(N'2001-01-01' AS Date), CAST(N'2026-04-02T17:16:56.1700000' AS DateTime2), CAST(N'2026-04-02T17:16:56.1700000' AS DateTime2), NULL, NULL, NULL, NULL, 1)
INSERT [dbo].[departments] ([id], [code], [name], [description], [established_date], [created_at], [updated_at], [created_by], [updated_by], [deleted_at], [deleted_by], [is_active]) VALUES (N'fdc82ca3-f50e-4653-af2e-c0c389d44f6d', N'DD', N'Khoa Điều dưỡng', N'Đào tạo điều dưỡng', CAST(N'2003-01-01' AS Date), CAST(N'2026-04-02T17:19:36.4400000' AS DateTime2), CAST(N'2026-04-02T17:19:36.4400000' AS DateTime2), NULL, NULL, NULL, NULL, 1)
INSERT [dbo].[departments] ([id], [code], [name], [description], [established_date], [created_at], [updated_at], [created_by], [updated_by], [deleted_at], [deleted_by], [is_active]) VALUES (N'7f5f1fa9-50fe-4ad1-97b5-c7a289b9e841', N'ATTT', N'Khoa An toàn Thông tin', N'Đào tạo an ninh mạng', CAST(N'2015-01-01' AS Date), CAST(N'2026-04-02T17:16:56.1700000' AS DateTime2), CAST(N'2026-04-02T17:16:56.1700000' AS DateTime2), NULL, NULL, NULL, NULL, 1)
INSERT [dbo].[departments] ([id], [code], [name], [description], [established_date], [created_at], [updated_at], [created_by], [updated_by], [deleted_at], [deleted_by], [is_active]) VALUES (N'8e71dbdc-665c-41ac-aad0-cd5f6bfc8b35', N'DT', N'Khoa Điện - Điện tử', N'Đào tạo điện và điện tử', CAST(N'2000-01-01' AS Date), CAST(N'2026-04-02T17:19:36.4400000' AS DateTime2), CAST(N'2026-04-02T17:19:36.4400000' AS DateTime2), NULL, NULL, NULL, NULL, 1)
INSERT [dbo].[departments] ([id], [code], [name], [description], [established_date], [created_at], [updated_at], [created_by], [updated_by], [deleted_at], [deleted_by], [is_active]) VALUES (N'cb399dca-61b2-479f-86d3-d5401daea8d0', N'ATTT', N'Khoa An toàn Thông tin', N'Đào tạo an ninh mạng', CAST(N'2015-01-01' AS Date), CAST(N'2026-04-02T17:19:36.4400000' AS DateTime2), CAST(N'2026-04-02T17:19:36.4400000' AS DateTime2), NULL, NULL, NULL, NULL, 1)
INSERT [dbo].[departments] ([id], [code], [name], [description], [established_date], [created_at], [updated_at], [created_by], [updated_by], [deleted_at], [deleted_by], [is_active]) VALUES (N'939cfde0-d9d6-4ca5-9484-d6cd3e0a0c7c', N'KTQT', N'Khoa Kinh tế Quốc tế', N'Đào tạo kinh tế quốc tế', CAST(N'2014-01-01' AS Date), CAST(N'2026-04-02T17:16:56.1700000' AS DateTime2), CAST(N'2026-04-02T17:16:56.1700000' AS DateTime2), NULL, NULL, NULL, NULL, 1)
INSERT [dbo].[departments] ([id], [code], [name], [description], [established_date], [created_at], [updated_at], [created_by], [updated_by], [deleted_at], [deleted_by], [is_active]) VALUES (N'0f97800e-09c2-4f7c-bbfc-d70933355ebe', N'BC', N'Khoa Báo chí', N'Đào tạo báo chí truyền thông', CAST(N'2008-01-01' AS Date), CAST(N'2026-04-02T17:16:56.1700000' AS DateTime2), CAST(N'2026-04-02T17:16:56.1700000' AS DateTime2), NULL, NULL, NULL, NULL, 1)
INSERT [dbo].[departments] ([id], [code], [name], [description], [established_date], [created_at], [updated_at], [created_by], [updated_by], [deleted_at], [deleted_by], [is_active]) VALUES (N'7849dc9c-e633-489b-8432-da7e738226ab', N'MT', N'Khoa Môi trường', N'Đào tạo môi trường', CAST(N'2009-01-01' AS Date), CAST(N'2026-04-02T17:19:36.4400000' AS DateTime2), CAST(N'2026-04-02T17:19:36.4400000' AS DateTime2), NULL, NULL, NULL, NULL, 1)
INSERT [dbo].[departments] ([id], [code], [name], [description], [established_date], [created_at], [updated_at], [created_by], [updated_by], [deleted_at], [deleted_by], [is_active]) VALUES (N'61f67657-eb82-499c-baa0-dc035cc372fb', N'DD', N'Khoa Điều dưỡng', N'Đào tạo điều dưỡng', CAST(N'2003-01-01' AS Date), CAST(N'2026-04-02T17:16:56.1700000' AS DateTime2), CAST(N'2026-04-02T17:16:56.1700000' AS DateTime2), NULL, NULL, NULL, NULL, 1)
INSERT [dbo].[departments] ([id], [code], [name], [description], [established_date], [created_at], [updated_at], [created_by], [updated_by], [deleted_at], [deleted_by], [is_active]) VALUES (N'0990900d-0cea-4ed2-989f-e741412ad3f2', N'QTKD', N'Khoa Quản trị Kinh doanh', N'Đào tạo quản trị và kinh doanh', CAST(N'2006-01-01' AS Date), CAST(N'2026-04-02T17:16:56.1700000' AS DateTime2), CAST(N'2026-04-02T17:16:56.1700000' AS DateTime2), NULL, NULL, NULL, NULL, 1)
INSERT [dbo].[departments] ([id], [code], [name], [description], [established_date], [created_at], [updated_at], [created_by], [updated_by], [deleted_at], [deleted_by], [is_active]) VALUES (N'd4e4f4bc-5cad-4e78-9598-ee3c0473d3ad', N'KTQT', N'Khoa Kinh tế Quốc tế', N'Đào tạo kinh tế quốc tế', CAST(N'2014-01-01' AS Date), CAST(N'2026-04-02T17:19:36.4400000' AS DateTime2), CAST(N'2026-04-02T17:19:36.4400000' AS DateTime2), NULL, NULL, NULL, NULL, 1)
INSERT [dbo].[departments] ([id], [code], [name], [description], [established_date], [created_at], [updated_at], [created_by], [updated_by], [deleted_at], [deleted_by], [is_active]) VALUES (N'755e741a-7c92-427c-b7fd-f07ae186f538', N'LUAT', N'Khoa Luật', N'Đào tạo luật học', CAST(N'2008-01-01' AS Date), CAST(N'2026-04-02T17:19:36.4400000' AS DateTime2), CAST(N'2026-04-02T17:19:36.4400000' AS DateTime2), NULL, NULL, NULL, NULL, 1)
INSERT [dbo].[departments] ([id], [code], [name], [description], [established_date], [created_at], [updated_at], [created_by], [updated_by], [deleted_at], [deleted_by], [is_active]) VALUES (N'08c3d0ed-7842-421b-8347-f145ab0640e9', N'SP', N'Khoa Sư phạm', N'Đào tạo giáo viên', CAST(N'2002-01-01' AS Date), CAST(N'2026-04-02T17:19:36.4400000' AS DateTime2), CAST(N'2026-04-02T17:19:36.4400000' AS DateTime2), NULL, NULL, NULL, NULL, 1)
INSERT [dbo].[departments] ([id], [code], [name], [description], [established_date], [created_at], [updated_at], [created_by], [updated_by], [deleted_at], [deleted_by], [is_active]) VALUES (N'dc6108bb-12b9-418a-89f9-f5d603503f78', N'AI', N'Khoa Trí tuệ Nhân tạo', N'Đào tạo AI và khoa học dữ liệu', CAST(N'2020-01-01' AS Date), CAST(N'2026-04-02T17:19:36.4400000' AS DateTime2), CAST(N'2026-04-02T17:19:36.4400000' AS DateTime2), NULL, NULL, NULL, NULL, 1)
INSERT [dbo].[departments] ([id], [code], [name], [description], [established_date], [created_at], [updated_at], [created_by], [updated_by], [deleted_at], [deleted_by], [is_active]) VALUES (N'2431d559-800f-4c4e-bf21-f630d59168de', N'HH', N'Khoa Hóa học', N'Đào tạo hóa học', CAST(N'2004-01-01' AS Date), CAST(N'2026-04-02T17:19:36.4400000' AS DateTime2), CAST(N'2026-04-02T17:19:36.4400000' AS DateTime2), NULL, NULL, NULL, NULL, 1)
INSERT [dbo].[departments] ([id], [code], [name], [description], [established_date], [created_at], [updated_at], [created_by], [updated_by], [deleted_at], [deleted_by], [is_active]) VALUES (N'9dcfff3b-3ee2-403a-a7fe-fc7233abacac', N'MT', N'Khoa Môi trường', N'Đào tạo môi trường', CAST(N'2009-01-01' AS Date), CAST(N'2026-04-02T17:16:56.1700000' AS DateTime2), CAST(N'2026-04-02T17:16:56.1700000' AS DateTime2), NULL, NULL, NULL, NULL, 1)
INSERT [dbo].[departments] ([id], [code], [name], [description], [established_date], [created_at], [updated_at], [created_by], [updated_by], [deleted_at], [deleted_by], [is_active]) VALUES (N'fcbf4a9c-134b-4991-821e-fe743ead6600', N'OTO', N'Khoa Công nghệ Ô tô', N'Đào tạo kỹ thuật ô tô', CAST(N'2012-01-01' AS Date), CAST(N'2026-04-02T17:19:36.4400000' AS DateTime2), CAST(N'2026-04-02T17:19:36.4400000' AS DateTime2), NULL, NULL, NULL, NULL, 1)
GO
INSERT [dbo].[grade_categories] ([is_active], [id], [code], [description], [name]) VALUES (1, N'89c6f5f9-ffa4-457c-9222-0c095f155ead', N'GK', NULL, N'Giữa kỳ')
INSERT [dbo].[grade_categories] ([is_active], [id], [code], [description], [name]) VALUES (1, N'503fe1ef-a8da-406e-907a-1e978ca27207', N'CC', NULL, N'Chuyên cần')
INSERT [dbo].[grade_categories] ([is_active], [id], [code], [description], [name]) VALUES (1, N'2fb843fc-9f22-4ae1-ab92-6c0f8ae074d3', N'BT', NULL, N'Bài tập (Assignment)')
INSERT [dbo].[grade_categories] ([is_active], [id], [code], [description], [name]) VALUES (1, N'abe218ad-d8a4-44c7-a06c-985ce18849de', N'TX', NULL, N'Kiểm tra thường xuyên (Quiz)')
INSERT [dbo].[grade_categories] ([is_active], [id], [code], [description], [name]) VALUES (1, N'b2eba15e-67da-409b-88f9-d0354f74b1a4', N'DA', NULL, N'Đồ án (Project)')
INSERT [dbo].[grade_categories] ([is_active], [id], [code], [description], [name]) VALUES (1, N'b37771f8-35eb-437e-94f1-d07a2b4b25c8', N'TH', NULL, N'Thực hành (Lab)')
INSERT [dbo].[grade_categories] ([is_active], [id], [code], [description], [name]) VALUES (1, N'0b86e702-52f0-4fc0-886e-d75c822d541a', N'CK', NULL, N'Cuối kỳ')
GO
INSERT [dbo].[majors] ([id], [department_id], [code], [name], [description], [effective_date], [expiry_date], [created_at], [updated_at], [created_by], [updated_by], [deleted_at], [deleted_by], [is_active]) VALUES (N'94844a40-f7c5-47f0-864b-00ebe8d79154', N'5890f569-0f42-440b-8fa4-2e88f56fd8c5', N'MJ00017', N'Logistics và Quản lý chuỗi cung ứng 49', N'Ngành đào tạo chuyên sâu 31', N'2020', NULL, CAST(N'2026-04-02T18:28:38.2533333' AS DateTime2), CAST(N'2026-04-02T18:28:38.2533333' AS DateTime2), NULL, NULL, NULL, NULL, 1)
INSERT [dbo].[majors] ([id], [department_id], [code], [name], [description], [effective_date], [expiry_date], [created_at], [updated_at], [created_by], [updated_by], [deleted_at], [deleted_by], [is_active]) VALUES (N'a110231c-019c-46f0-84f8-0205fc7679f8', N'c26c9041-030e-4459-af90-8e81dc2d21a9', N'MJ00023', N'Logistics và Quản lý chuỗi cung ứng 41', N'Ngành đào tạo chuyên sâu 8', N'2020', NULL, CAST(N'2026-04-02T18:28:38.2533333' AS DateTime2), CAST(N'2026-04-02T18:28:38.2533333' AS DateTime2), NULL, NULL, NULL, NULL, 1)
INSERT [dbo].[majors] ([id], [department_id], [code], [name], [description], [effective_date], [expiry_date], [created_at], [updated_at], [created_by], [updated_by], [deleted_at], [deleted_by], [is_active]) VALUES (N'7470b351-d46b-49a2-a7aa-02c53385de85', N'96ee7061-516b-4a25-a787-3780c4bbe82c', N'MJ00033', N'Marketing 19', N'Ngành đào tạo chuyên sâu 38', N'2020', NULL, CAST(N'2026-04-02T18:28:38.2533333' AS DateTime2), CAST(N'2026-04-02T18:28:38.2533333' AS DateTime2), NULL, NULL, NULL, NULL, 1)
INSERT [dbo].[majors] ([id], [department_id], [code], [name], [description], [effective_date], [expiry_date], [created_at], [updated_at], [created_by], [updated_by], [deleted_at], [deleted_by], [is_active]) VALUES (N'abbe67ba-ee24-49da-81b4-0364b558a71a', N'8e71dbdc-665c-41ac-aad0-cd5f6bfc8b35', N'MJ00009', N'Logistics và Quản lý chuỗi cung ứng 23', N'Ngành đào tạo chuyên sâu 2', N'2020', NULL, CAST(N'2026-04-02T18:28:38.2533333' AS DateTime2), CAST(N'2026-04-02T18:28:38.2533333' AS DateTime2), NULL, NULL, NULL, NULL, 1)
INSERT [dbo].[majors] ([id], [department_id], [code], [name], [description], [effective_date], [expiry_date], [created_at], [updated_at], [created_by], [updated_by], [deleted_at], [deleted_by], [is_active]) VALUES (N'f3744067-aae9-4b27-a481-037121c7ac8e', N'7849dc9c-e633-489b-8432-da7e738226ab', N'MJ00036', N'Kỹ thuật phần mềm 42', N'Ngành đào tạo chuyên sâu 26', N'2020', NULL, CAST(N'2026-04-02T18:28:38.2533333' AS DateTime2), CAST(N'2026-04-02T18:28:38.2533333' AS DateTime2), NULL, NULL, NULL, NULL, 1)
INSERT [dbo].[majors] ([id], [department_id], [code], [name], [description], [effective_date], [expiry_date], [created_at], [updated_at], [created_by], [updated_by], [deleted_at], [deleted_by], [is_active]) VALUES (N'52076775-a316-426d-a9c3-03dc64ec1cf2', N'fdc82ca3-f50e-4653-af2e-c0c389d44f6d', N'MJ00014', N'Kỹ thuật phần mềm 7', N'Ngành đào tạo chuyên sâu 16', N'2020', NULL, CAST(N'2026-04-02T18:28:38.2533333' AS DateTime2), CAST(N'2026-04-02T18:28:38.2533333' AS DateTime2), NULL, NULL, NULL, NULL, 1)
INSERT [dbo].[majors] ([id], [department_id], [code], [name], [description], [effective_date], [expiry_date], [created_at], [updated_at], [created_by], [updated_by], [deleted_at], [deleted_by], [is_active]) VALUES (N'1ea72a8e-dafc-4a6b-9c6c-0b0f80b5807c', N'd369eaab-b88e-4707-9f24-9c2d78b8cc9e', N'MJ00035', N'Kỹ thuật phần mềm 6', N'Ngành đào tạo chuyên sâu 3', N'2020', NULL, CAST(N'2026-04-02T18:28:38.2533333' AS DateTime2), CAST(N'2026-04-02T18:28:38.2533333' AS DateTime2), NULL, NULL, NULL, NULL, 1)
INSERT [dbo].[majors] ([id], [department_id], [code], [name], [description], [effective_date], [expiry_date], [created_at], [updated_at], [created_by], [updated_by], [deleted_at], [deleted_by], [is_active]) VALUES (N'c3538d1c-2ffe-4e8c-85a8-1070f90386c4', N'a835541a-f0e8-4766-84c2-0abd2bc77e1b', N'MJ00027', N'Trí tuệ nhân tạo 44', N'Ngành đào tạo chuyên sâu 41', N'2020', NULL, CAST(N'2026-04-02T18:28:38.2533333' AS DateTime2), CAST(N'2026-04-02T18:28:38.2533333' AS DateTime2), NULL, NULL, NULL, NULL, 1)
INSERT [dbo].[majors] ([id], [department_id], [code], [name], [description], [effective_date], [expiry_date], [created_at], [updated_at], [created_by], [updated_by], [deleted_at], [deleted_by], [is_active]) VALUES (N'047ac5e7-db88-4d6a-889d-126e6453fd22', N'08c3d0ed-7842-421b-8347-f145ab0640e9', N'MJ00031', N'Công nghệ thông tin 22', N'Ngành đào tạo chuyên sâu 25', N'2020', NULL, CAST(N'2026-04-02T18:28:38.2533333' AS DateTime2), CAST(N'2026-04-02T18:28:38.2533333' AS DateTime2), NULL, NULL, NULL, NULL, 1)
INSERT [dbo].[majors] ([id], [department_id], [code], [name], [description], [effective_date], [expiry_date], [created_at], [updated_at], [created_by], [updated_by], [deleted_at], [deleted_by], [is_active]) VALUES (N'c4427930-b521-47b7-8e0e-138653cb41ce', N'4781f61f-8d0c-4177-b5ab-925ae1a6cce6', N'MJ00032', N'Logistics và Quản lý chuỗi cung ứng 24', N'Ngành đào tạo chuyên sâu 48', N'2020', NULL, CAST(N'2026-04-02T18:28:38.2533333' AS DateTime2), CAST(N'2026-04-02T18:28:38.2533333' AS DateTime2), NULL, NULL, NULL, NULL, 1)
INSERT [dbo].[majors] ([id], [department_id], [code], [name], [description], [effective_date], [expiry_date], [created_at], [updated_at], [created_by], [updated_by], [deleted_at], [deleted_by], [is_active]) VALUES (N'92187559-d7f9-403f-b40f-203372dfb9f5', N'2d6f9f55-0841-402f-a3b7-be880ab42cba', N'MJ00037', N'Marketing 30', N'Ngành đào tạo chuyên sâu 47', N'2020', NULL, CAST(N'2026-04-02T18:28:38.2533333' AS DateTime2), CAST(N'2026-04-02T18:28:38.2533333' AS DateTime2), NULL, NULL, NULL, NULL, 1)
INSERT [dbo].[majors] ([id], [department_id], [code], [name], [description], [effective_date], [expiry_date], [created_at], [updated_at], [created_by], [updated_by], [deleted_at], [deleted_by], [is_active]) VALUES (N'a37c90cf-3363-4367-8785-21fb08fe2388', N'ea13aeb2-adfe-41c3-99af-26b5a68f1341', N'MJ00005', N'Hệ thống thông tin 27', N'Ngành đào tạo chuyên sâu 42', N'2020', NULL, CAST(N'2026-04-02T18:28:38.2533333' AS DateTime2), CAST(N'2026-04-02T18:28:38.2533333' AS DateTime2), NULL, NULL, NULL, NULL, 1)
INSERT [dbo].[majors] ([id], [department_id], [code], [name], [description], [effective_date], [expiry_date], [created_at], [updated_at], [created_by], [updated_by], [deleted_at], [deleted_by], [is_active]) VALUES (N'1c7fdbe5-667a-4b73-9c29-2e847843d3e0', N'c1aacc62-1919-4771-b7a5-bac63b8129e3', N'MJ00034', N'Trí tuệ nhân tạo 8', N'Ngành đào tạo chuyên sâu 11', N'2020', NULL, CAST(N'2026-04-02T18:28:38.2533333' AS DateTime2), CAST(N'2026-04-02T18:28:38.2533333' AS DateTime2), NULL, NULL, NULL, NULL, 1)
INSERT [dbo].[majors] ([id], [department_id], [code], [name], [description], [effective_date], [expiry_date], [created_at], [updated_at], [created_by], [updated_by], [deleted_at], [deleted_by], [is_active]) VALUES (N'b04505dc-3d1b-4510-9328-2fd4610faa69', N'bc808290-ef1f-472a-b24e-1e4d19380b83', N'MJ00025', N'Hệ thống thông tin 46', N'Ngành đào tạo chuyên sâu 20', N'2020', NULL, CAST(N'2026-04-02T18:28:38.2533333' AS DateTime2), CAST(N'2026-04-02T18:28:38.2533333' AS DateTime2), NULL, NULL, NULL, NULL, 1)
INSERT [dbo].[majors] ([id], [department_id], [code], [name], [description], [effective_date], [expiry_date], [created_at], [updated_at], [created_by], [updated_by], [deleted_at], [deleted_by], [is_active]) VALUES (N'8554894c-d6d7-4daa-848b-2ffa1a4c938e', N'94b76607-cfdf-4519-84eb-93e207f28a93', N'MJ00050', N'Kỹ thuật phần mềm 31', N'Ngành đào tạo chuyên sâu 10', N'2020', NULL, CAST(N'2026-04-02T18:28:38.2533333' AS DateTime2), CAST(N'2026-04-02T18:28:38.2533333' AS DateTime2), NULL, NULL, NULL, NULL, 1)
INSERT [dbo].[majors] ([id], [department_id], [code], [name], [description], [effective_date], [expiry_date], [created_at], [updated_at], [created_by], [updated_by], [deleted_at], [deleted_by], [is_active]) VALUES (N'08540592-2c7d-4e24-ac80-4587399f0f78', N'cd6b32c9-7ac9-4778-b710-a75e47190ee7', N'MJ00042', N'Công nghệ thông tin 20', N'Ngành đào tạo chuyên sâu 7', N'2020', NULL, CAST(N'2026-04-02T18:28:38.2533333' AS DateTime2), CAST(N'2026-04-02T18:28:38.2533333' AS DateTime2), NULL, NULL, NULL, NULL, 1)
INSERT [dbo].[majors] ([id], [department_id], [code], [name], [description], [effective_date], [expiry_date], [created_at], [updated_at], [created_by], [updated_by], [deleted_at], [deleted_by], [is_active]) VALUES (N'ccddb844-fb10-4a8b-b7b8-534c51e4e1b8', N'07965789-24ce-4dcc-af09-33d4ba7bef0d', N'MJ00044', N'Trí tuệ nhân tạo 17', N'Ngành đào tạo chuyên sâu 23', N'2020', NULL, CAST(N'2026-04-02T18:28:38.2533333' AS DateTime2), CAST(N'2026-04-02T18:28:38.2533333' AS DateTime2), NULL, NULL, NULL, NULL, 1)
INSERT [dbo].[majors] ([id], [department_id], [code], [name], [description], [effective_date], [expiry_date], [created_at], [updated_at], [created_by], [updated_by], [deleted_at], [deleted_by], [is_active]) VALUES (N'e821b7cc-2960-4338-b7d9-547164025f51', N'0f97800e-09c2-4f7c-bbfc-d70933355ebe', N'MJ00049', N'Khoa học dữ liệu 47', N'Ngành đào tạo chuyên sâu 29', N'2020', NULL, CAST(N'2026-04-02T18:28:38.2533333' AS DateTime2), CAST(N'2026-04-02T18:28:38.2533333' AS DateTime2), NULL, NULL, NULL, NULL, 1)
INSERT [dbo].[majors] ([id], [department_id], [code], [name], [description], [effective_date], [expiry_date], [created_at], [updated_at], [created_by], [updated_by], [deleted_at], [deleted_by], [is_active]) VALUES (N'38601410-c298-4f0b-99fd-64d9b1318cd3', N'755e741a-7c92-427c-b7fd-f07ae186f538', N'MJ00010', N'Hệ thống thông tin 25', N'Ngành đào tạo chuyên sâu 45', N'2020', NULL, CAST(N'2026-04-02T18:28:38.2533333' AS DateTime2), CAST(N'2026-04-02T18:28:38.2533333' AS DateTime2), NULL, NULL, NULL, NULL, 1)
INSERT [dbo].[majors] ([id], [department_id], [code], [name], [description], [effective_date], [expiry_date], [created_at], [updated_at], [created_by], [updated_by], [deleted_at], [deleted_by], [is_active]) VALUES (N'b6a83e2a-2cdf-46e8-b8c1-6ba87799f3a4', N'b6c826bf-23cc-4fd9-b321-a0731533205c', N'MJ00024', N'Kế toán 4', N'Ngành đào tạo chuyên sâu 6', N'2020', NULL, CAST(N'2026-04-02T18:28:38.2533333' AS DateTime2), CAST(N'2026-04-02T18:28:38.2533333' AS DateTime2), NULL, NULL, NULL, NULL, 1)
INSERT [dbo].[majors] ([id], [department_id], [code], [name], [description], [effective_date], [expiry_date], [created_at], [updated_at], [created_by], [updated_by], [deleted_at], [deleted_by], [is_active]) VALUES (N'5af835a0-050b-4566-bade-70dfb70b1e00', N'3997c8ec-42bd-46d0-b6f6-424a34ad5812', N'MJ00003', N'Logistics và Quản lý chuỗi cung ứng 32', N'Ngành đào tạo chuyên sâu 39', N'2020', NULL, CAST(N'2026-04-02T18:28:38.2533333' AS DateTime2), CAST(N'2026-04-02T18:28:38.2533333' AS DateTime2), NULL, NULL, NULL, NULL, 1)
INSERT [dbo].[majors] ([id], [department_id], [code], [name], [description], [effective_date], [expiry_date], [created_at], [updated_at], [created_by], [updated_by], [deleted_at], [deleted_by], [is_active]) VALUES (N'16eb5ebb-8885-4d7a-9c15-728264a94c7f', N'd7991d9e-84a2-4d86-936d-72ca01f1330d', N'MJ00001', N'Công nghệ thông tin 12', N'Ngành đào tạo chuyên sâu 5', N'2020', NULL, CAST(N'2026-04-02T18:28:38.2533333' AS DateTime2), CAST(N'2026-04-02T18:28:38.2533333' AS DateTime2), NULL, NULL, NULL, NULL, 1)
INSERT [dbo].[majors] ([id], [department_id], [code], [name], [description], [effective_date], [expiry_date], [created_at], [updated_at], [created_by], [updated_by], [deleted_at], [deleted_by], [is_active]) VALUES (N'c3cd2ec4-2036-49df-879a-729fc4212ebf', N'd032b7bc-41aa-4cc6-8d54-671bc8dc30b7', N'MJ00040', N'Kỹ thuật phần mềm 5', N'Ngành đào tạo chuyên sâu 49', N'2020', NULL, CAST(N'2026-04-02T18:28:38.2533333' AS DateTime2), CAST(N'2026-04-02T18:28:38.2533333' AS DateTime2), NULL, NULL, NULL, NULL, 1)
INSERT [dbo].[majors] ([id], [department_id], [code], [name], [description], [effective_date], [expiry_date], [created_at], [updated_at], [created_by], [updated_by], [deleted_at], [deleted_by], [is_active]) VALUES (N'78e98795-60ca-4ec3-9bee-78a51bc661b6', N'cb399dca-61b2-479f-86d3-d5401daea8d0', N'MJ00002', N'Khoa học dữ liệu 29', N'Ngành đào tạo chuyên sâu 1', N'2020', NULL, CAST(N'2026-04-02T18:28:38.2533333' AS DateTime2), CAST(N'2026-04-02T18:28:38.2533333' AS DateTime2), NULL, NULL, NULL, NULL, 1)
INSERT [dbo].[majors] ([id], [department_id], [code], [name], [description], [effective_date], [expiry_date], [created_at], [updated_at], [created_by], [updated_by], [deleted_at], [deleted_by], [is_active]) VALUES (N'4278dc56-af26-495e-9925-7d87497da3aa', N'35ce7e73-1c91-4669-83a1-80eef4fd43c1', N'MJ00021', N'Hệ thống thông tin 48', N'Ngành đào tạo chuyên sâu 35', N'2020', NULL, CAST(N'2026-04-02T18:28:38.2533333' AS DateTime2), CAST(N'2026-04-02T18:28:38.2533333' AS DateTime2), NULL, NULL, NULL, NULL, 1)
INSERT [dbo].[majors] ([id], [department_id], [code], [name], [description], [effective_date], [expiry_date], [created_at], [updated_at], [created_by], [updated_by], [deleted_at], [deleted_by], [is_active]) VALUES (N'92b9a86a-b654-4800-bd2f-7f71a99d3124', N'45200672-037c-4c3e-a370-466cab1710d9', N'MJ00039', N'Logistics và Quản lý chuỗi cung ứng 1', N'Ngành đào tạo chuyên sâu 37', N'2020', NULL, CAST(N'2026-04-02T18:28:38.2533333' AS DateTime2), CAST(N'2026-04-02T18:28:38.2533333' AS DateTime2), NULL, NULL, NULL, NULL, 1)
INSERT [dbo].[majors] ([id], [department_id], [code], [name], [description], [effective_date], [expiry_date], [created_at], [updated_at], [created_by], [updated_by], [deleted_at], [deleted_by], [is_active]) VALUES (N'617ee015-d70e-4b40-a4c8-89176d619398', N'5dc64e03-c59e-42dd-bf8f-3e5feb00aad3', N'MJ00030', N'Logistics và Quản lý chuỗi cung ứng 40', N'Ngành đào tạo chuyên sâu 44', N'2020', NULL, CAST(N'2026-04-02T18:28:38.2533333' AS DateTime2), CAST(N'2026-04-02T18:28:38.2533333' AS DateTime2), NULL, NULL, NULL, NULL, 1)
INSERT [dbo].[majors] ([id], [department_id], [code], [name], [description], [effective_date], [expiry_date], [created_at], [updated_at], [created_by], [updated_by], [deleted_at], [deleted_by], [is_active]) VALUES (N'b4b5ba85-901f-4329-94db-8ac60d6e09bc', N'aa16e585-3554-4261-800f-6d0b9943fc2d', N'MJ00012', N'Logistics và Quản lý chuỗi cung ứng 14', N'Ngành đào tạo chuyên sâu 40', N'2020', NULL, CAST(N'2026-04-02T18:28:38.2533333' AS DateTime2), CAST(N'2026-04-02T18:28:38.2533333' AS DateTime2), NULL, NULL, NULL, NULL, 1)
INSERT [dbo].[majors] ([id], [department_id], [code], [name], [description], [effective_date], [expiry_date], [created_at], [updated_at], [created_by], [updated_by], [deleted_at], [deleted_by], [is_active]) VALUES (N'e77394c7-9edb-4911-84bb-8b6cd131a7aa', N'6df1992e-a1b2-47b9-b46a-7a151d12383e', N'MJ00022', N'Tài chính - Ngân hàng 18', N'Ngành đào tạo chuyên sâu 24', N'2020', NULL, CAST(N'2026-04-02T18:28:38.2533333' AS DateTime2), CAST(N'2026-04-02T18:28:38.2533333' AS DateTime2), NULL, NULL, NULL, NULL, 1)
INSERT [dbo].[majors] ([id], [department_id], [code], [name], [description], [effective_date], [expiry_date], [created_at], [updated_at], [created_by], [updated_by], [deleted_at], [deleted_by], [is_active]) VALUES (N'9a28f177-3b32-4e07-9768-90888bacb436', N'8c45f4b0-da5b-4107-b745-8fcd8adeec35', N'MJ00048', N'Logistics và Quản lý chuỗi cung ứng 2', N'Ngành đào tạo chuyên sâu 21', N'2020', NULL, CAST(N'2026-04-02T18:28:38.2533333' AS DateTime2), CAST(N'2026-04-02T18:28:38.2533333' AS DateTime2), NULL, NULL, NULL, NULL, 1)
INSERT [dbo].[majors] ([id], [department_id], [code], [name], [description], [effective_date], [expiry_date], [created_at], [updated_at], [created_by], [updated_by], [deleted_at], [deleted_by], [is_active]) VALUES (N'b30f1a5c-bcdd-4364-9696-92e8fa4f736a', N'61f67657-eb82-499c-baa0-dc035cc372fb', N'MJ00013', N'Logistics và Quản lý chuỗi cung ứng 3', N'Ngành đào tạo chuyên sâu 14', N'2020', NULL, CAST(N'2026-04-02T18:28:38.2533333' AS DateTime2), CAST(N'2026-04-02T18:28:38.2533333' AS DateTime2), NULL, NULL, NULL, NULL, 1)
INSERT [dbo].[majors] ([id], [department_id], [code], [name], [description], [effective_date], [expiry_date], [created_at], [updated_at], [created_by], [updated_by], [deleted_at], [deleted_by], [is_active]) VALUES (N'fb463f1e-5dab-45dc-98fc-93ee5def5acd', N'fcbf4a9c-134b-4991-821e-fe743ead6600', N'MJ00018', N'Logistics và Quản lý chuỗi cung ứng 28', N'Ngành đào tạo chuyên sâu 36', N'2020', NULL, CAST(N'2026-04-02T18:28:38.2533333' AS DateTime2), CAST(N'2026-04-02T18:28:38.2533333' AS DateTime2), NULL, NULL, NULL, NULL, 1)
INSERT [dbo].[majors] ([id], [department_id], [code], [name], [description], [effective_date], [expiry_date], [created_at], [updated_at], [created_by], [updated_by], [deleted_at], [deleted_by], [is_active]) VALUES (N'6830e6c6-98a8-4409-b550-9866033c67f3', N'8563a301-c42a-4ed8-b3bb-60e926a78e46', N'MJ00043', N'Logistics và Quản lý chuỗi cung ứng 37', N'Ngành đào tạo chuyên sâu 32', N'2020', NULL, CAST(N'2026-04-02T18:28:38.2533333' AS DateTime2), CAST(N'2026-04-02T18:28:38.2533333' AS DateTime2), NULL, NULL, NULL, NULL, 1)
INSERT [dbo].[majors] ([id], [department_id], [code], [name], [description], [effective_date], [expiry_date], [created_at], [updated_at], [created_by], [updated_by], [deleted_at], [deleted_by], [is_active]) VALUES (N'f2899352-9dc5-4b4b-a381-9c13056377fa', N'0990900d-0cea-4ed2-989f-e741412ad3f2', N'MJ00004', N'Logistics và Quản lý chuỗi cung ứng 33', N'Ngành đào tạo chuyên sâu 18', N'2020', NULL, CAST(N'2026-04-02T18:28:38.2533333' AS DateTime2), CAST(N'2026-04-02T18:28:38.2533333' AS DateTime2), NULL, NULL, NULL, NULL, 1)
INSERT [dbo].[majors] ([id], [department_id], [code], [name], [description], [effective_date], [expiry_date], [created_at], [updated_at], [created_by], [updated_by], [deleted_at], [deleted_by], [is_active]) VALUES (N'dad80191-2968-4d2e-8103-a919c523d5c1', N'cdcd0657-243a-4c09-bb0c-6b29940e764a', N'MJ00007', N'Hệ thống thông tin 21', N'Ngành đào tạo chuyên sâu 17', N'2020', NULL, CAST(N'2026-04-02T18:28:38.2533333' AS DateTime2), CAST(N'2026-04-02T18:28:38.2533333' AS DateTime2), NULL, NULL, NULL, NULL, 1)
INSERT [dbo].[majors] ([id], [department_id], [code], [name], [description], [effective_date], [expiry_date], [created_at], [updated_at], [created_by], [updated_by], [deleted_at], [deleted_by], [is_active]) VALUES (N'64793591-c809-4f68-af96-a93477b28327', N'9977e6f6-2373-4d22-a023-91d5c66a19d4', N'MJ00045', N'Logistics và Quản lý chuỗi cung ứng 50', N'Ngành đào tạo chuyên sâu 27', N'2020', NULL, CAST(N'2026-04-02T18:28:38.2533333' AS DateTime2), CAST(N'2026-04-02T18:28:38.2533333' AS DateTime2), NULL, NULL, NULL, NULL, 1)
INSERT [dbo].[majors] ([id], [department_id], [code], [name], [description], [effective_date], [expiry_date], [created_at], [updated_at], [created_by], [updated_by], [deleted_at], [deleted_by], [is_active]) VALUES (N'cd2e74ba-8cd1-4100-a8c2-b44bb4cdb684', N'a507a2a1-63ae-4bfc-891d-a9596c18959d', N'MJ00047', N'Trí tuệ nhân tạo 9', N'Ngành đào tạo chuyên sâu 33', N'2020', NULL, CAST(N'2026-04-02T18:28:38.2533333' AS DateTime2), CAST(N'2026-04-02T18:28:38.2533333' AS DateTime2), NULL, NULL, NULL, NULL, 1)
INSERT [dbo].[majors] ([id], [department_id], [code], [name], [description], [effective_date], [expiry_date], [created_at], [updated_at], [created_by], [updated_by], [deleted_at], [deleted_by], [is_active]) VALUES (N'7df3a101-72ad-428b-a589-bc190cf11986', N'a89e6428-5cf5-472c-8d05-339784f0d4e2', N'MJ00028', N'Logistics và Quản lý chuỗi cung ứng 10', N'Ngành đào tạo chuyên sâu 28', N'2020', NULL, CAST(N'2026-04-02T18:28:38.2533333' AS DateTime2), CAST(N'2026-04-02T18:28:38.2533333' AS DateTime2), NULL, NULL, NULL, NULL, 1)
INSERT [dbo].[majors] ([id], [department_id], [code], [name], [description], [effective_date], [expiry_date], [created_at], [updated_at], [created_by], [updated_by], [deleted_at], [deleted_by], [is_active]) VALUES (N'0d039484-3fdd-46d2-ad6d-be3c45f3de93', N'd4e4f4bc-5cad-4e78-9598-ee3c0473d3ad', N'MJ00038', N'Logistics và Quản lý chuỗi cung ứng 36', N'Ngành đào tạo chuyên sâu 15', N'2020', NULL, CAST(N'2026-04-02T18:28:38.2533333' AS DateTime2), CAST(N'2026-04-02T18:28:38.2533333' AS DateTime2), NULL, NULL, NULL, NULL, 1)
INSERT [dbo].[majors] ([id], [department_id], [code], [name], [description], [effective_date], [expiry_date], [created_at], [updated_at], [created_by], [updated_by], [deleted_at], [deleted_by], [is_active]) VALUES (N'6e0cb381-1906-457c-b72f-c36f4761e692', N'678a8997-91a3-4852-baad-2029b4159b6e', N'MJ00020', N'Logistics và Quản lý chuỗi cung ứng 43', N'Ngành đào tạo chuyên sâu 50', N'2020', NULL, CAST(N'2026-04-02T18:28:38.2533333' AS DateTime2), CAST(N'2026-04-02T18:28:38.2533333' AS DateTime2), NULL, NULL, NULL, NULL, 1)
INSERT [dbo].[majors] ([id], [department_id], [code], [name], [description], [effective_date], [expiry_date], [created_at], [updated_at], [created_by], [updated_by], [deleted_at], [deleted_by], [is_active]) VALUES (N'ab83f9a9-8460-492d-8d5b-cae42da80585', N'178b1638-5f97-4465-86d3-73d486b77190', N'MJ00011', N'Logistics và Quản lý chuỗi cung ứng 15', N'Ngành đào tạo chuyên sâu 46', N'2020', NULL, CAST(N'2026-04-02T18:28:38.2533333' AS DateTime2), CAST(N'2026-04-02T18:28:38.2533333' AS DateTime2), NULL, NULL, NULL, NULL, 1)
INSERT [dbo].[majors] ([id], [department_id], [code], [name], [description], [effective_date], [expiry_date], [created_at], [updated_at], [created_by], [updated_by], [deleted_at], [deleted_by], [is_active]) VALUES (N'9a5b4180-8497-4afd-a143-cbd890eff547', N'877c44d5-222a-4962-99f2-a845fed55752', N'MJ00029', N'Quản trị kinh doanh 45', N'Ngành đào tạo chuyên sâu 30', N'2020', NULL, CAST(N'2026-04-02T18:28:38.2533333' AS DateTime2), CAST(N'2026-04-02T18:28:38.2533333' AS DateTime2), NULL, NULL, NULL, NULL, 1)
INSERT [dbo].[majors] ([id], [department_id], [code], [name], [description], [effective_date], [expiry_date], [created_at], [updated_at], [created_by], [updated_by], [deleted_at], [deleted_by], [is_active]) VALUES (N'84b4262b-b10d-443d-92ac-d0704fb7b92e', N'f2aa0799-38bc-4632-8f86-b054b148d142', N'MJ00019', N'Khoa học dữ liệu 39', N'Ngành đào tạo chuyên sâu 4', N'2020', NULL, CAST(N'2026-04-02T18:28:38.2533333' AS DateTime2), CAST(N'2026-04-02T18:28:38.2533333' AS DateTime2), NULL, NULL, NULL, NULL, 1)
INSERT [dbo].[majors] ([id], [department_id], [code], [name], [description], [effective_date], [expiry_date], [created_at], [updated_at], [created_by], [updated_by], [deleted_at], [deleted_by], [is_active]) VALUES (N'334dd9a8-ebfa-4f92-a489-d3a6ea4106ed', N'7c4581da-b4cc-4c95-bee7-31f47fc507b2', N'MJ00008', N'Kế toán 13', N'Ngành đào tạo chuyên sâu 22', N'2020', NULL, CAST(N'2026-04-02T18:28:38.2533333' AS DateTime2), CAST(N'2026-04-02T18:28:38.2533333' AS DateTime2), NULL, NULL, NULL, NULL, 1)
INSERT [dbo].[majors] ([id], [department_id], [code], [name], [description], [effective_date], [expiry_date], [created_at], [updated_at], [created_by], [updated_by], [deleted_at], [deleted_by], [is_active]) VALUES (N'd190c224-d3dd-46db-aefb-d5d69389b350', N'0db60547-c0d7-47c6-a743-95f2d5377ab3', N'MJ00041', N'Công nghệ thông tin 16', N'Ngành đào tạo chuyên sâu 34', N'2020', NULL, CAST(N'2026-04-02T18:28:38.2533333' AS DateTime2), CAST(N'2026-04-02T18:28:38.2533333' AS DateTime2), NULL, NULL, NULL, NULL, 1)
INSERT [dbo].[majors] ([id], [department_id], [code], [name], [description], [effective_date], [expiry_date], [created_at], [updated_at], [created_by], [updated_by], [deleted_at], [deleted_by], [is_active]) VALUES (N'faae493d-54d7-475c-99de-d91798d5855c', N'3bfc60aa-62e8-4107-abf0-1a436c0b1349', N'MJ00015', N'Công nghệ thông tin 34', N'Ngành đào tạo chuyên sâu 19', N'2020', NULL, CAST(N'2026-04-02T18:28:38.2533333' AS DateTime2), CAST(N'2026-04-02T18:28:38.2533333' AS DateTime2), NULL, NULL, NULL, NULL, 1)
INSERT [dbo].[majors] ([id], [department_id], [code], [name], [description], [effective_date], [expiry_date], [created_at], [updated_at], [created_by], [updated_by], [deleted_at], [deleted_by], [is_active]) VALUES (N'9f21d305-b22a-445d-af2d-e027a704e9a0', N'7f5f1fa9-50fe-4ad1-97b5-c7a289b9e841', N'MJ00046', N'Logistics và Quản lý chuỗi cung ứng 35', N'Ngành đào tạo chuyên sâu 12', N'2020', NULL, CAST(N'2026-04-02T18:28:38.2533333' AS DateTime2), CAST(N'2026-04-02T18:28:38.2533333' AS DateTime2), NULL, NULL, NULL, NULL, 1)
INSERT [dbo].[majors] ([id], [department_id], [code], [name], [description], [effective_date], [expiry_date], [created_at], [updated_at], [created_by], [updated_by], [deleted_at], [deleted_by], [is_active]) VALUES (N'0fa47e99-17e1-4fed-a1b9-efa10a05ef4e', N'dc6108bb-12b9-418a-89f9-f5d603503f78', N'MJ00026', N'Quản trị kinh doanh 26', N'Ngành đào tạo chuyên sâu 9', N'2020', NULL, CAST(N'2026-04-02T18:28:38.2533333' AS DateTime2), CAST(N'2026-04-02T18:28:38.2533333' AS DateTime2), NULL, NULL, NULL, NULL, 1)
INSERT [dbo].[majors] ([id], [department_id], [code], [name], [description], [effective_date], [expiry_date], [created_at], [updated_at], [created_by], [updated_by], [deleted_at], [deleted_by], [is_active]) VALUES (N'5750b93d-d580-4e02-bcd0-fb6b8bcfcdba', N'8862f32e-d474-48a1-b73c-2aff5a61f6f5', N'MJ00006', N'Logistics và Quản lý chuỗi cung ứng 38', N'Ngành đào tạo chuyên sâu 43', N'2020', NULL, CAST(N'2026-04-02T18:28:38.2533333' AS DateTime2), CAST(N'2026-04-02T18:28:38.2533333' AS DateTime2), NULL, NULL, NULL, NULL, 1)
INSERT [dbo].[majors] ([id], [department_id], [code], [name], [description], [effective_date], [expiry_date], [created_at], [updated_at], [created_by], [updated_by], [deleted_at], [deleted_by], [is_active]) VALUES (N'0c191c5d-042b-46e9-9243-fd221889640e', N'9dcfff3b-3ee2-403a-a7fe-fc7233abacac', N'MJ00016', N'Logistics và Quản lý chuỗi cung ứng 11', N'Ngành đào tạo chuyên sâu 13', N'2020', NULL, CAST(N'2026-04-02T18:28:38.2533333' AS DateTime2), CAST(N'2026-04-02T18:28:38.2533333' AS DateTime2), NULL, NULL, NULL, NULL, 1)
GO
INSERT [dbo].[n8_grade_components] ([id], [component_code], [component_name], [created_at], [created_by], [input_order], [is_active], [is_required], [max_score], [min_score], [updated_at], [updated_by], [weight_percentage], [deleted_at], [deleted_by], [course_section_id]) VALUES (N'6a1254d7-37a6-4942-98ea-0bbea39b207f', N'CC', N'Chuyên c?n', CAST(N'2026-05-04T15:28:38.2830980' AS DateTime2), NULL, 0, 1, 1, CAST(10.00 AS Numeric(4, 2)), CAST(0.00 AS Numeric(4, 2)), NULL, NULL, CAST(10.00 AS Numeric(5, 2)), CAST(N'2026-05-04T15:29:55.0300000' AS DateTime2), NULL, N'6932b57b-029f-4f69-92ba-48f6396d2910')
INSERT [dbo].[n8_grade_components] ([id], [component_code], [component_name], [created_at], [created_by], [input_order], [is_active], [is_required], [max_score], [min_score], [updated_at], [updated_by], [weight_percentage], [deleted_at], [deleted_by], [course_section_id]) VALUES (N'055c6156-58a8-4ed8-a726-0d215cb7e731', N'CC', N'Chuyen can', CAST(N'2026-05-03T19:38:12.6136700' AS DateTime2), NULL, 0, 1, 1, CAST(10.00 AS Numeric(4, 2)), CAST(0.00 AS Numeric(4, 2)), NULL, NULL, CAST(10.00 AS Numeric(5, 2)), CAST(N'2026-05-03T19:38:24.6466670' AS DateTime2), NULL, N'550e8400-e29b-41d4-a716-446655440000')
INSERT [dbo].[n8_grade_components] ([id], [component_code], [component_name], [created_at], [created_by], [input_order], [is_active], [is_required], [max_score], [min_score], [updated_at], [updated_by], [weight_percentage], [deleted_at], [deleted_by], [course_section_id]) VALUES (N'd587f619-ca1d-4778-9960-11aef73edd0c', N'TH1', N'Th?c hành 1', CAST(N'2026-05-04T15:28:38.2841750' AS DateTime2), NULL, 0, 1, 1, CAST(10.00 AS Numeric(4, 2)), CAST(0.00 AS Numeric(4, 2)), NULL, NULL, CAST(10.00 AS Numeric(5, 2)), CAST(N'2026-05-04T15:29:55.0333330' AS DateTime2), NULL, N'6932b57b-029f-4f69-92ba-48f6396d2910')
INSERT [dbo].[n8_grade_components] ([id], [component_code], [component_name], [created_at], [created_by], [input_order], [is_active], [is_required], [max_score], [min_score], [updated_at], [updated_by], [weight_percentage], [deleted_at], [deleted_by], [course_section_id]) VALUES (N'd38be9b6-a907-4049-b058-124381bef9d6', N'TILL', N'Ti?u lu?n', CAST(N'2026-05-04T12:10:52.5061290' AS DateTime2), NULL, 8, 1, 1, CAST(10.00 AS Numeric(4, 2)), CAST(0.00 AS Numeric(4, 2)), NULL, NULL, CAST(45.00 AS Numeric(5, 2)), CAST(N'2026-05-04T15:28:38.1266670' AS DateTime2), NULL, N'ab363d19-81a1-446c-b97a-9304e7bd1142')
INSERT [dbo].[n8_grade_components] ([id], [component_code], [component_name], [created_at], [created_by], [input_order], [is_active], [is_required], [max_score], [min_score], [updated_at], [updated_by], [weight_percentage], [deleted_at], [deleted_by], [course_section_id]) VALUES (N'9cd1056b-3f70-4a7d-9d6a-191f79a4e91a', N'TH1', N'Th?c hành 1', CAST(N'2026-05-04T12:10:52.5061290' AS DateTime2), NULL, 5, 1, 1, CAST(10.00 AS Numeric(4, 2)), CAST(0.00 AS Numeric(4, 2)), NULL, NULL, CAST(30.00 AS Numeric(5, 2)), CAST(N'2026-05-04T15:28:38.1300000' AS DateTime2), NULL, N'ab363d19-81a1-446c-b97a-9304e7bd1142')
INSERT [dbo].[n8_grade_components] ([id], [component_code], [component_name], [created_at], [created_by], [input_order], [is_active], [is_required], [max_score], [min_score], [updated_at], [updated_by], [weight_percentage], [deleted_at], [deleted_by], [course_section_id]) VALUES (N'fff53a7e-c8c1-497d-a68f-21b34f207af4', N'TL', N'Ti?u lu?n', CAST(N'2026-05-04T15:34:15.7640140' AS DateTime2), NULL, 0, 1, 1, CAST(10.00 AS Numeric(4, 2)), CAST(0.00 AS Numeric(4, 2)), NULL, NULL, CAST(15.00 AS Numeric(5, 2)), NULL, NULL, N'ed4baf75-dffa-48dc-bc85-2b0d97c5567b')
INSERT [dbo].[n8_grade_components] ([id], [component_code], [component_name], [created_at], [created_by], [input_order], [is_active], [is_required], [max_score], [min_score], [updated_at], [updated_by], [weight_percentage], [deleted_at], [deleted_by], [course_section_id]) VALUES (N'43cea2d8-68de-418f-af21-36df6de81c0d', N'CK', N'Cu?i k?', CAST(N'2026-05-04T15:34:15.7655300' AS DateTime2), NULL, 0, 1, 1, CAST(10.00 AS Numeric(4, 2)), CAST(0.00 AS Numeric(4, 2)), NULL, NULL, CAST(50.00 AS Numeric(5, 2)), NULL, NULL, N'ed4baf75-dffa-48dc-bc85-2b0d97c5567b')
INSERT [dbo].[n8_grade_components] ([id], [component_code], [component_name], [created_at], [created_by], [input_order], [is_active], [is_required], [max_score], [min_score], [updated_at], [updated_by], [weight_percentage], [deleted_at], [deleted_by], [course_section_id]) VALUES (N'5ef0e594-832e-4c93-b3a0-442450ba5be5', N'TLN', N'Th?o lu?n nhóm', CAST(N'2026-05-04T15:28:38.2847660' AS DateTime2), NULL, 0, 1, 1, CAST(10.00 AS Numeric(4, 2)), CAST(0.00 AS Numeric(4, 2)), NULL, NULL, CAST(5.00 AS Numeric(5, 2)), CAST(N'2026-05-04T15:29:55.0333330' AS DateTime2), NULL, N'6932b57b-029f-4f69-92ba-48f6396d2910')
INSERT [dbo].[n8_grade_components] ([id], [component_code], [component_name], [created_at], [created_by], [input_order], [is_active], [is_required], [max_score], [min_score], [updated_at], [updated_by], [weight_percentage], [deleted_at], [deleted_by], [course_section_id]) VALUES (N'3162fa1a-9476-4fac-9e20-4756a277e155', N'GK', N'Ki?m tra gi?a k?', CAST(N'2026-05-04T15:28:38.2841750' AS DateTime2), NULL, 0, 1, 1, CAST(10.00 AS Numeric(4, 2)), CAST(0.00 AS Numeric(4, 2)), NULL, NULL, CAST(20.00 AS Numeric(5, 2)), CAST(N'2026-05-04T15:29:55.0366670' AS DateTime2), NULL, N'6932b57b-029f-4f69-92ba-48f6396d2910')
INSERT [dbo].[n8_grade_components] ([id], [component_code], [component_name], [created_at], [created_by], [input_order], [is_active], [is_required], [max_score], [min_score], [updated_at], [updated_by], [weight_percentage], [deleted_at], [deleted_by], [course_section_id]) VALUES (N'3fda6a9c-916c-4711-87e3-499333bf67b2', N'BVKN', N'B?o v? khóa lu?n', CAST(N'2026-05-04T15:28:38.2847660' AS DateTime2), NULL, 0, 1, 1, CAST(10.00 AS Numeric(4, 2)), CAST(0.00 AS Numeric(4, 2)), NULL, NULL, CAST(100.00 AS Numeric(5, 2)), CAST(N'2026-05-04T15:29:55.0366670' AS DateTime2), NULL, N'6932b57b-029f-4f69-92ba-48f6396d2910')
INSERT [dbo].[n8_grade_components] ([id], [component_code], [component_name], [created_at], [created_by], [input_order], [is_active], [is_required], [max_score], [min_score], [updated_at], [updated_by], [weight_percentage], [deleted_at], [deleted_by], [course_section_id]) VALUES (N'1c1560c7-2d3d-4ec1-a74c-4d4a456d296d', N'CC', N'Đi?m chuyên c?n', CAST(N'2026-05-03T19:33:20.3757380' AS DateTime2), NULL, 1, 1, 1, CAST(10.00 AS Numeric(4, 2)), CAST(0.00 AS Numeric(4, 2)), NULL, NULL, CAST(10.00 AS Numeric(5, 2)), CAST(N'2026-05-03T19:34:02.0666670' AS DateTime2), NULL, N'550e8400-e29b-41d4-a716-446655440000')
INSERT [dbo].[n8_grade_components] ([id], [component_code], [component_name], [created_at], [created_by], [input_order], [is_active], [is_required], [max_score], [min_score], [updated_at], [updated_by], [weight_percentage], [deleted_at], [deleted_by], [course_section_id]) VALUES (N'e844ad2d-3696-4049-92ae-4f608fbf3a3e', N'BT', N'Bài t?p', CAST(N'2026-05-04T12:10:52.5056120' AS DateTime2), NULL, 1, 1, 1, CAST(10.00 AS Numeric(4, 2)), CAST(0.00 AS Numeric(4, 2)), NULL, NULL, CAST(10.00 AS Numeric(5, 2)), CAST(N'2026-05-04T15:28:38.1300000' AS DateTime2), NULL, N'ab363d19-81a1-446c-b97a-9304e7bd1142')
INSERT [dbo].[n8_grade_components] ([id], [component_code], [component_name], [created_at], [created_by], [input_order], [is_active], [is_required], [max_score], [min_score], [updated_at], [updated_by], [weight_percentage], [deleted_at], [deleted_by], [course_section_id]) VALUES (N'9ec1e7d2-f3f7-4647-8039-516a43c92412', N'GK', N'Gi?a k?', CAST(N'2026-05-04T15:34:15.7640140' AS DateTime2), NULL, 0, 1, 1, CAST(10.00 AS Numeric(4, 2)), CAST(0.00 AS Numeric(4, 2)), NULL, NULL, CAST(20.00 AS Numeric(5, 2)), NULL, NULL, N'ed4baf75-dffa-48dc-bc85-2b0d97c5567b')
INSERT [dbo].[n8_grade_components] ([id], [component_code], [component_name], [created_at], [created_by], [input_order], [is_active], [is_required], [max_score], [min_score], [updated_at], [updated_by], [weight_percentage], [deleted_at], [deleted_by], [course_section_id]) VALUES (N'aa50cb34-1733-44e4-b5c5-61add5d71a8d', N'KTM', N'Ki?m tra mi?ng', CAST(N'2026-05-04T12:10:52.5066410' AS DateTime2), NULL, 9, 1, 1, CAST(10.00 AS Numeric(4, 2)), CAST(0.00 AS Numeric(4, 2)), NULL, NULL, CAST(50.00 AS Numeric(5, 2)), CAST(N'2026-05-04T15:28:38.1300000' AS DateTime2), NULL, N'ab363d19-81a1-446c-b97a-9304e7bd1142')
INSERT [dbo].[n8_grade_components] ([id], [component_code], [component_name], [created_at], [created_by], [input_order], [is_active], [is_required], [max_score], [min_score], [updated_at], [updated_by], [weight_percentage], [deleted_at], [deleted_by], [course_section_id]) VALUES (N'2b2c6eba-2b8c-4b87-bb24-6890f97dfd21', N'GK', N'Đi?m gi?a k?', CAST(N'2026-05-03T19:33:20.4083470' AS DateTime2), NULL, 2, 1, 1, CAST(10.00 AS Numeric(4, 2)), CAST(0.00 AS Numeric(4, 2)), NULL, NULL, CAST(30.00 AS Numeric(5, 2)), CAST(N'2026-05-03T19:33:53.7566670' AS DateTime2), NULL, N'550e8400-e29b-41d4-a716-446655440000')
INSERT [dbo].[n8_grade_components] ([id], [component_code], [component_name], [created_at], [created_by], [input_order], [is_active], [is_required], [max_score], [min_score], [updated_at], [updated_by], [weight_percentage], [deleted_at], [deleted_by], [course_section_id]) VALUES (N'4bb17d12-8648-4c2f-a3a8-6ef3b738359c', N'CC', N'Chuyên c?n', CAST(N'2026-05-04T12:10:52.4960870' AS DateTime2), NULL, 0, 1, 1, CAST(10.00 AS Numeric(4, 2)), CAST(0.00 AS Numeric(4, 2)), NULL, NULL, CAST(5.00 AS Numeric(5, 2)), CAST(N'2026-05-04T15:28:38.1300000' AS DateTime2), NULL, N'ab363d19-81a1-446c-b97a-9304e7bd1142')
INSERT [dbo].[n8_grade_components] ([id], [component_code], [component_name], [created_at], [created_by], [input_order], [is_active], [is_required], [max_score], [min_score], [updated_at], [updated_by], [weight_percentage], [deleted_at], [deleted_by], [course_section_id]) VALUES (N'da9d8eec-89ab-4723-bc04-776faf753688', N'TH2', N'Th?c hành 2', CAST(N'2026-05-04T15:34:15.7640140' AS DateTime2), NULL, 0, 1, 1, CAST(10.00 AS Numeric(4, 2)), CAST(0.00 AS Numeric(4, 2)), NULL, NULL, CAST(10.00 AS Numeric(5, 2)), NULL, NULL, N'ed4baf75-dffa-48dc-bc85-2b0d97c5567b')
INSERT [dbo].[n8_grade_components] ([id], [component_code], [component_name], [created_at], [created_by], [input_order], [is_active], [is_required], [max_score], [min_score], [updated_at], [updated_by], [weight_percentage], [deleted_at], [deleted_by], [course_section_id]) VALUES (N'd8a4bd11-541b-45f0-83da-7f12dc45f1aa', N'BT', N'Bài t?p v? nhà', CAST(N'2026-05-04T15:28:38.2841750' AS DateTime2), NULL, 0, 1, 1, CAST(10.00 AS Numeric(4, 2)), CAST(0.00 AS Numeric(4, 2)), NULL, NULL, CAST(10.00 AS Numeric(5, 2)), CAST(N'2026-05-04T15:29:55.0366670' AS DateTime2), NULL, N'6932b57b-029f-4f69-92ba-48f6396d2910')
INSERT [dbo].[n8_grade_components] ([id], [component_code], [component_name], [created_at], [created_by], [input_order], [is_active], [is_required], [max_score], [min_score], [updated_at], [updated_by], [weight_percentage], [deleted_at], [deleted_by], [course_section_id]) VALUES (N'27496ad5-abff-4b65-b0ae-7fc378ebf519', N'TL', N'Ti?u lu?n', CAST(N'2026-05-04T15:28:38.2841750' AS DateTime2), NULL, 0, 1, 1, CAST(10.00 AS Numeric(4, 2)), CAST(0.00 AS Numeric(4, 2)), NULL, NULL, CAST(15.00 AS Numeric(5, 2)), CAST(N'2026-05-04T15:29:55.0400000' AS DateTime2), NULL, N'6932b57b-029f-4f69-92ba-48f6396d2910')
INSERT [dbo].[n8_grade_components] ([id], [component_code], [component_name], [created_at], [created_by], [input_order], [is_active], [is_required], [max_score], [min_score], [updated_at], [updated_by], [weight_percentage], [deleted_at], [deleted_by], [course_section_id]) VALUES (N'048f58aa-a89b-4251-a2f8-82198e2922f5', N'CK', N'Đi?m cu?i k?', CAST(N'2026-05-03T19:33:20.4114010' AS DateTime2), NULL, 3, 1, 1, CAST(10.00 AS Numeric(4, 2)), CAST(0.00 AS Numeric(4, 2)), NULL, NULL, CAST(60.00 AS Numeric(5, 2)), CAST(N'2026-05-03T19:33:44.4566670' AS DateTime2), NULL, N'550e8400-e29b-41d4-a716-446655440000')
INSERT [dbo].[n8_grade_components] ([id], [component_code], [component_name], [created_at], [created_by], [input_order], [is_active], [is_required], [max_score], [min_score], [updated_at], [updated_by], [weight_percentage], [deleted_at], [deleted_by], [course_section_id]) VALUES (N'a438c993-cf4b-4896-860f-87a47c78f15f', N'TH2', N'Th?c hành 2', CAST(N'2026-05-04T12:10:52.5061290' AS DateTime2), NULL, 6, 1, 1, CAST(10.00 AS Numeric(4, 2)), CAST(0.00 AS Numeric(4, 2)), NULL, NULL, CAST(35.00 AS Numeric(5, 2)), CAST(N'2026-05-04T15:28:38.1333330' AS DateTime2), NULL, N'ab363d19-81a1-446c-b97a-9304e7bd1142')
INSERT [dbo].[n8_grade_components] ([id], [component_code], [component_name], [created_at], [created_by], [input_order], [is_active], [is_required], [max_score], [min_score], [updated_at], [updated_by], [weight_percentage], [deleted_at], [deleted_by], [course_section_id]) VALUES (N'934e6d89-e888-432c-9486-8f1e66f329e9', N'TH2', N'Th?c hành 2', CAST(N'2026-05-04T15:28:38.2841750' AS DateTime2), NULL, 0, 1, 1, CAST(10.00 AS Numeric(4, 2)), CAST(0.00 AS Numeric(4, 2)), NULL, NULL, CAST(10.00 AS Numeric(5, 2)), CAST(N'2026-05-04T15:29:55.0400000' AS DateTime2), NULL, N'6932b57b-029f-4f69-92ba-48f6396d2910')
INSERT [dbo].[n8_grade_components] ([id], [component_code], [component_name], [created_at], [created_by], [input_order], [is_active], [is_required], [max_score], [min_score], [updated_at], [updated_by], [weight_percentage], [deleted_at], [deleted_by], [course_section_id]) VALUES (N'aba1b4b8-1ec6-4f1d-9ad2-9229ccac735a', N'DA', N'Đ? án', CAST(N'2026-05-04T15:34:15.7655300' AS DateTime2), NULL, 0, 1, 1, CAST(10.00 AS Numeric(4, 2)), CAST(0.00 AS Numeric(4, 2)), NULL, NULL, CAST(20.00 AS Numeric(5, 2)), NULL, NULL, N'ed4baf75-dffa-48dc-bc85-2b0d97c5567b')
INSERT [dbo].[n8_grade_components] ([id], [component_code], [component_name], [created_at], [created_by], [input_order], [is_active], [is_required], [max_score], [min_score], [updated_at], [updated_by], [weight_percentage], [deleted_at], [deleted_by], [course_section_id]) VALUES (N'9c4ce2ae-d3a0-4705-97af-9868b53774bb', N'TCK', N'Thi cu?i k?', CAST(N'2026-05-04T12:10:52.5056120' AS DateTime2), NULL, 4, 1, 1, CAST(10.00 AS Numeric(4, 2)), CAST(0.00 AS Numeric(4, 2)), NULL, NULL, CAST(25.00 AS Numeric(5, 2)), CAST(N'2026-05-04T15:28:38.1333330' AS DateTime2), NULL, N'ab363d19-81a1-446c-b97a-9304e7bd1142')
INSERT [dbo].[n8_grade_components] ([id], [component_code], [component_name], [created_at], [created_by], [input_order], [is_active], [is_required], [max_score], [min_score], [updated_at], [updated_by], [weight_percentage], [deleted_at], [deleted_by], [course_section_id]) VALUES (N'48ea16d6-b8ce-4807-9ebd-98eb0110631c', N'TLN', N'Th?o lu?n', CAST(N'2026-05-04T15:34:15.7640140' AS DateTime2), NULL, 0, 1, 1, CAST(10.00 AS Numeric(4, 2)), CAST(0.00 AS Numeric(4, 2)), NULL, NULL, CAST(5.00 AS Numeric(5, 2)), NULL, NULL, N'ed4baf75-dffa-48dc-bc85-2b0d97c5567b')
INSERT [dbo].[n8_grade_components] ([id], [component_code], [component_name], [created_at], [created_by], [input_order], [is_active], [is_required], [max_score], [min_score], [updated_at], [updated_by], [weight_percentage], [deleted_at], [deleted_by], [course_section_id]) VALUES (N'952e5342-893e-492d-a4d6-b5ff342c96cb', N'CC', N'Chuyen can', CAST(N'2026-05-03T19:33:37.9922750' AS DateTime2), NULL, 0, 1, 1, CAST(10.00 AS Numeric(4, 2)), CAST(0.00 AS Numeric(4, 2)), CAST(N'2026-05-03T19:38:32.2228990' AS DateTime2), NULL, CAST(10.00 AS Numeric(5, 2)), CAST(N'2026-05-04T12:10:39.8433330' AS DateTime2), NULL, N'550e8400-e29b-41d4-a716-446655440004')
INSERT [dbo].[n8_grade_components] ([id], [component_code], [component_name], [created_at], [created_by], [input_order], [is_active], [is_required], [max_score], [min_score], [updated_at], [updated_by], [weight_percentage], [deleted_at], [deleted_by], [course_section_id]) VALUES (N'45ce7b41-cb0c-4264-9649-bba54fccb8ca', N'DA', N'Đ? án', CAST(N'2026-05-04T12:10:52.5056120' AS DateTime2), NULL, 3, 1, 1, CAST(10.00 AS Numeric(4, 2)), CAST(0.00 AS Numeric(4, 2)), NULL, NULL, CAST(20.00 AS Numeric(5, 2)), CAST(N'2026-05-04T15:28:38.1333330' AS DateTime2), NULL, N'ab363d19-81a1-446c-b97a-9304e7bd1142')
INSERT [dbo].[n8_grade_components] ([id], [component_code], [component_name], [created_at], [created_by], [input_order], [is_active], [is_required], [max_score], [min_score], [updated_at], [updated_by], [weight_percentage], [deleted_at], [deleted_by], [course_section_id]) VALUES (N'b5c05161-d051-42c3-a22b-c1da8dda356a', N'KTGK', N'Ki?m tra gi?a k?', CAST(N'2026-05-04T12:10:52.5056120' AS DateTime2), NULL, 2, 1, 1, CAST(10.00 AS Numeric(4, 2)), CAST(0.00 AS Numeric(4, 2)), NULL, NULL, CAST(15.00 AS Numeric(5, 2)), CAST(N'2026-05-04T15:28:38.1366670' AS DateTime2), NULL, N'ab363d19-81a1-446c-b97a-9304e7bd1142')
INSERT [dbo].[n8_grade_components] ([id], [component_code], [component_name], [created_at], [created_by], [input_order], [is_active], [is_required], [max_score], [min_score], [updated_at], [updated_by], [weight_percentage], [deleted_at], [deleted_by], [course_section_id]) VALUES (N'db7d877d-5166-4214-91b3-d12532d79ba5', N'TL', N'Th?o lu?n', CAST(N'2026-05-04T12:10:52.5061290' AS DateTime2), NULL, 7, 1, 1, CAST(10.00 AS Numeric(4, 2)), CAST(0.00 AS Numeric(4, 2)), NULL, NULL, CAST(40.00 AS Numeric(5, 2)), CAST(N'2026-05-04T15:28:38.1400000' AS DateTime2), NULL, N'ab363d19-81a1-446c-b97a-9304e7bd1142')
INSERT [dbo].[n8_grade_components] ([id], [component_code], [component_name], [created_at], [created_by], [input_order], [is_active], [is_required], [max_score], [min_score], [updated_at], [updated_by], [weight_percentage], [deleted_at], [deleted_by], [course_section_id]) VALUES (N'09851dd1-3dea-4f6b-9d2f-d24c7aa529a6', N'KL', N'Khóa lu?n', CAST(N'2026-05-04T15:34:15.7655300' AS DateTime2), NULL, 0, 1, 1, CAST(10.00 AS Numeric(4, 2)), CAST(0.00 AS Numeric(4, 2)), NULL, NULL, CAST(100.00 AS Numeric(5, 2)), NULL, NULL, N'ed4baf75-dffa-48dc-bc85-2b0d97c5567b')
INSERT [dbo].[n8_grade_components] ([id], [component_code], [component_name], [created_at], [created_by], [input_order], [is_active], [is_required], [max_score], [min_score], [updated_at], [updated_by], [weight_percentage], [deleted_at], [deleted_by], [course_section_id]) VALUES (N'60881f1b-1219-4244-b345-d5679775cba4', N'CC', N'Chuyên c?n', CAST(N'2026-05-04T15:34:15.7640140' AS DateTime2), NULL, 0, 1, 1, CAST(10.00 AS Numeric(4, 2)), CAST(0.00 AS Numeric(4, 2)), NULL, NULL, CAST(10.00 AS Numeric(5, 2)), NULL, NULL, N'ed4baf75-dffa-48dc-bc85-2b0d97c5567b')
INSERT [dbo].[n8_grade_components] ([id], [component_code], [component_name], [created_at], [created_by], [input_order], [is_active], [is_required], [max_score], [min_score], [updated_at], [updated_by], [weight_percentage], [deleted_at], [deleted_by], [course_section_id]) VALUES (N'857a5887-a057-45bb-bc2b-e2cf58acc4e3', N'BT', N'Bài t?p', CAST(N'2026-05-04T15:34:15.7640140' AS DateTime2), NULL, 0, 1, 1, CAST(10.00 AS Numeric(4, 2)), CAST(0.00 AS Numeric(4, 2)), NULL, NULL, CAST(10.00 AS Numeric(5, 2)), NULL, NULL, N'ed4baf75-dffa-48dc-bc85-2b0d97c5567b')
INSERT [dbo].[n8_grade_components] ([id], [component_code], [component_name], [created_at], [created_by], [input_order], [is_active], [is_required], [max_score], [min_score], [updated_at], [updated_by], [weight_percentage], [deleted_at], [deleted_by], [course_section_id]) VALUES (N'795675e5-58b1-4038-80ea-e5980aea9c44', N'DACS', N'Đ? án cơ s?', CAST(N'2026-05-04T15:28:38.2847660' AS DateTime2), NULL, 0, 1, 1, CAST(10.00 AS Numeric(4, 2)), CAST(0.00 AS Numeric(4, 2)), NULL, NULL, CAST(20.00 AS Numeric(5, 2)), CAST(N'2026-05-04T15:29:55.0400000' AS DateTime2), NULL, N'6932b57b-029f-4f69-92ba-48f6396d2910')
INSERT [dbo].[n8_grade_components] ([id], [component_code], [component_name], [created_at], [created_by], [input_order], [is_active], [is_required], [max_score], [min_score], [updated_at], [updated_by], [weight_percentage], [deleted_at], [deleted_by], [course_section_id]) VALUES (N'ac85c54f-a713-4457-ad12-f458d2492bff', N'TH1', N'Th?c hành 1', CAST(N'2026-05-04T15:34:15.7640140' AS DateTime2), NULL, 0, 1, 1, CAST(10.00 AS Numeric(4, 2)), CAST(0.00 AS Numeric(4, 2)), NULL, NULL, CAST(10.00 AS Numeric(5, 2)), NULL, NULL, N'ed4baf75-dffa-48dc-bc85-2b0d97c5567b')
INSERT [dbo].[n8_grade_components] ([id], [component_code], [component_name], [created_at], [created_by], [input_order], [is_active], [is_required], [max_score], [min_score], [updated_at], [updated_by], [weight_percentage], [deleted_at], [deleted_by], [course_section_id]) VALUES (N'59c2f608-fe1b-4d74-8b5a-fefd8c22797e', N'CK', N'Ki?m tra cu?i k?', CAST(N'2026-05-04T15:28:38.2847660' AS DateTime2), NULL, 0, 1, 1, CAST(10.00 AS Numeric(4, 2)), CAST(0.00 AS Numeric(4, 2)), NULL, NULL, CAST(50.00 AS Numeric(5, 2)), CAST(N'2026-05-04T15:29:55.0433330' AS DateTime2), NULL, N'6932b57b-029f-4f69-92ba-48f6396d2910')
GO
INSERT [dbo].[n8_grade_scales] ([id], [created_at], [created_by], [deleted_at], [deleted_by], [gpa_value], [is_active], [is_pass], [letter_grade], [max_score], [min_score], [scale_code], [updated_at], [updated_by]) VALUES (N'446cfb05-fa9b-4e41-8b36-6cd13dcf3927', CAST(N'2026-05-04T15:34:15.7624150' AS DateTime2), NULL, NULL, NULL, CAST(2.00 AS Numeric(3, 2)), 1, 1, N'C', CAST(6.40 AS Numeric(4, 2)), CAST(5.50 AS Numeric(4, 2)), N'C', CAST(N'2026-05-04T15:34:15.7629220' AS DateTime2), NULL)
INSERT [dbo].[n8_grade_scales] ([id], [created_at], [created_by], [deleted_at], [deleted_by], [gpa_value], [is_active], [is_pass], [letter_grade], [max_score], [min_score], [scale_code], [updated_at], [updated_by]) VALUES (N'7a33fb2c-b918-4791-bfa3-8a9cb0cfc493', CAST(N'2026-05-04T15:34:15.7629220' AS DateTime2), NULL, NULL, NULL, CAST(1.50 AS Numeric(3, 2)), 1, 1, N'D+', CAST(5.40 AS Numeric(4, 2)), CAST(5.00 AS Numeric(4, 2)), N'D+', CAST(N'2026-05-04T15:34:15.7629220' AS DateTime2), NULL)
INSERT [dbo].[n8_grade_scales] ([id], [created_at], [created_by], [deleted_at], [deleted_by], [gpa_value], [is_active], [is_pass], [letter_grade], [max_score], [min_score], [scale_code], [updated_at], [updated_by]) VALUES (N'e09c672b-172d-48de-ad93-90db5c392075', CAST(N'2026-05-04T15:34:15.7629220' AS DateTime2), NULL, NULL, NULL, CAST(1.00 AS Numeric(3, 2)), 1, 1, N'D', CAST(4.90 AS Numeric(4, 2)), CAST(4.00 AS Numeric(4, 2)), N'D', CAST(N'2026-05-04T15:34:15.7629220' AS DateTime2), NULL)
INSERT [dbo].[n8_grade_scales] ([id], [created_at], [created_by], [deleted_at], [deleted_by], [gpa_value], [is_active], [is_pass], [letter_grade], [max_score], [min_score], [scale_code], [updated_at], [updated_by]) VALUES (N'3d45d395-7dda-4d27-a4de-91491cc6bad5', CAST(N'2026-05-04T15:34:15.7624150' AS DateTime2), NULL, NULL, NULL, CAST(3.00 AS Numeric(3, 2)), 1, 1, N'B', CAST(7.90 AS Numeric(4, 2)), CAST(7.00 AS Numeric(4, 2)), N'B', CAST(N'2026-05-04T15:34:15.7624150' AS DateTime2), NULL)
INSERT [dbo].[n8_grade_scales] ([id], [created_at], [created_by], [deleted_at], [deleted_by], [gpa_value], [is_active], [is_pass], [letter_grade], [max_score], [min_score], [scale_code], [updated_at], [updated_by]) VALUES (N'04f3ae38-128f-4e3e-951f-93ef1c38f583', CAST(N'2026-05-04T15:34:15.7629220' AS DateTime2), NULL, NULL, NULL, CAST(0.00 AS Numeric(3, 2)), 1, 0, N'X', CAST(0.00 AS Numeric(4, 2)), CAST(0.00 AS Numeric(4, 2)), N'X', CAST(N'2026-05-04T15:34:15.7629220' AS DateTime2), NULL)
INSERT [dbo].[n8_grade_scales] ([id], [created_at], [created_by], [deleted_at], [deleted_by], [gpa_value], [is_active], [is_pass], [letter_grade], [max_score], [min_score], [scale_code], [updated_at], [updated_by]) VALUES (N'e16bee95-a076-4270-a03b-b2adca66e7b9', CAST(N'2026-05-04T15:34:15.7629220' AS DateTime2), NULL, NULL, NULL, CAST(0.00 AS Numeric(3, 2)), 1, 0, N'F', CAST(3.90 AS Numeric(4, 2)), CAST(0.00 AS Numeric(4, 2)), N'F', CAST(N'2026-05-04T15:34:15.7629220' AS DateTime2), NULL)
INSERT [dbo].[n8_grade_scales] ([id], [created_at], [created_by], [deleted_at], [deleted_by], [gpa_value], [is_active], [is_pass], [letter_grade], [max_score], [min_score], [scale_code], [updated_at], [updated_by]) VALUES (N'2aeb93bb-0ff1-4d58-bc61-b3c24e94ebfe', CAST(N'2026-05-04T15:34:15.7624150' AS DateTime2), NULL, NULL, NULL, CAST(2.50 AS Numeric(3, 2)), 1, 1, N'C+', CAST(6.90 AS Numeric(4, 2)), CAST(6.50 AS Numeric(4, 2)), N'C+', CAST(N'2026-05-04T15:34:15.7624150' AS DateTime2), NULL)
INSERT [dbo].[n8_grade_scales] ([id], [created_at], [created_by], [deleted_at], [deleted_by], [gpa_value], [is_active], [is_pass], [letter_grade], [max_score], [min_score], [scale_code], [updated_at], [updated_by]) VALUES (N'7314aaa1-8ba5-4272-8f6e-c955f833340f', CAST(N'2026-05-04T15:34:15.7629220' AS DateTime2), NULL, NULL, NULL, CAST(0.00 AS Numeric(3, 2)), 1, 0, N'I', CAST(0.00 AS Numeric(4, 2)), CAST(0.00 AS Numeric(4, 2)), N'I', CAST(N'2026-05-04T15:34:15.7629220' AS DateTime2), NULL)
INSERT [dbo].[n8_grade_scales] ([id], [created_at], [created_by], [deleted_at], [deleted_by], [gpa_value], [is_active], [is_pass], [letter_grade], [max_score], [min_score], [scale_code], [updated_at], [updated_by]) VALUES (N'caaffbd6-6ffa-43f7-b73d-da4c54b74e81', CAST(N'2026-05-04T15:34:15.7624150' AS DateTime2), NULL, NULL, NULL, CAST(3.50 AS Numeric(3, 2)), 1, 1, N'B+', CAST(8.40 AS Numeric(4, 2)), CAST(8.00 AS Numeric(4, 2)), N'B+', CAST(N'2026-05-04T15:34:15.7624150' AS DateTime2), NULL)
INSERT [dbo].[n8_grade_scales] ([id], [created_at], [created_by], [deleted_at], [deleted_by], [gpa_value], [is_active], [is_pass], [letter_grade], [max_score], [min_score], [scale_code], [updated_at], [updated_by]) VALUES (N'247c7554-34ce-4c3d-9cf4-df81f8ac1e5b', CAST(N'2026-05-04T15:34:15.7614010' AS DateTime2), NULL, NULL, NULL, CAST(4.00 AS Numeric(3, 2)), 1, 1, N'A', CAST(10.00 AS Numeric(4, 2)), CAST(8.50 AS Numeric(4, 2)), N'A', CAST(N'2026-05-04T15:34:15.7614010' AS DateTime2), NULL)
GO
INSERT [dbo].[n8_student_grades] ([id], [created_at], [created_by], [deleted_at], [deleted_by], [gpa_value], [grade_component_id], [is_active], [is_finalized], [is_locked], [is_retake], [is_total], [letter_grade], [note], [registration_id], [result], [scale_id], [score], [updated_at], [updated_by]) VALUES (N'60f0ea3b-5a83-4be4-b3a0-09edb2631824', CAST(N'2026-05-04T15:34:15.8978710' AS DateTime2), NULL, NULL, NULL, NULL, N'da9d8eec-89ab-4723-bc04-776faf753688', 1, NULL, 0, 0, NULL, NULL, N'Ghi chú m?u cho L? Văn Hùng', N'8e20778b-ef37-4f61-905b-2ea35b6cdaa5', NULL, NULL, CAST(4.23 AS Numeric(4, 2)), CAST(N'2026-05-04T15:34:15.8978710' AS DateTime2), NULL)
INSERT [dbo].[n8_student_grades] ([id], [created_at], [created_by], [deleted_at], [deleted_by], [gpa_value], [grade_component_id], [is_active], [is_finalized], [is_locked], [is_retake], [is_total], [letter_grade], [note], [registration_id], [result], [scale_id], [score], [updated_at], [updated_by]) VALUES (N'82ecc538-f488-4b3a-aac9-2539c77d4ce1', CAST(N'2026-05-04T15:34:15.8968700' AS DateTime2), NULL, NULL, NULL, NULL, N'9ec1e7d2-f3f7-4647-8039-516a43c92412', 1, NULL, 0, 0, NULL, NULL, N'Ghi chú m?u cho Lê Văn Cư?ng', N'297cd7b9-5e9d-448e-ba61-2c83845dc5b7', NULL, NULL, CAST(7.57 AS Numeric(4, 2)), CAST(N'2026-05-04T15:34:15.8968700' AS DateTime2), NULL)
INSERT [dbo].[n8_student_grades] ([id], [created_at], [created_by], [deleted_at], [deleted_by], [gpa_value], [grade_component_id], [is_active], [is_finalized], [is_locked], [is_retake], [is_total], [letter_grade], [note], [registration_id], [result], [scale_id], [score], [updated_at], [updated_by]) VALUES (N'14f4a97b-17b0-448c-a552-5cc1189f2ee5', CAST(N'2026-05-04T15:34:15.9056150' AS DateTime2), NULL, NULL, NULL, NULL, N'ac85c54f-a713-4457-ad12-f458d2492bff', 1, NULL, 0, 0, NULL, NULL, N'Ghi chú m?u cho Bùi Th? H?nh', N'1547a5f1-040c-427c-8c6e-ffe40e99ce68', NULL, NULL, CAST(7.72 AS Numeric(4, 2)), CAST(N'2026-05-04T15:34:15.9056150' AS DateTime2), NULL)
INSERT [dbo].[n8_student_grades] ([id], [created_at], [created_by], [deleted_at], [deleted_by], [gpa_value], [grade_component_id], [is_active], [is_finalized], [is_locked], [is_retake], [is_total], [letter_grade], [note], [registration_id], [result], [scale_id], [score], [updated_at], [updated_by]) VALUES (N'39817081-5bad-4898-bc45-6deacee174ca', CAST(N'2026-05-04T15:34:15.9045940' AS DateTime2), NULL, NULL, NULL, NULL, N'857a5887-a057-45bb-bc2b-e2cf58acc4e3', 1, NULL, 0, 0, NULL, NULL, N'Ghi chú m?u cho Hoàng Văn Em', N'a527b5c1-3a3f-4a61-99c5-d7734eedae18', NULL, NULL, CAST(5.98 AS Numeric(4, 2)), CAST(N'2026-05-04T15:34:15.9045940' AS DateTime2), NULL)
INSERT [dbo].[n8_student_grades] ([id], [created_at], [created_by], [deleted_at], [deleted_by], [gpa_value], [grade_component_id], [is_active], [is_finalized], [is_locked], [is_retake], [is_total], [letter_grade], [note], [registration_id], [result], [scale_id], [score], [updated_at], [updated_by]) VALUES (N'3eba6839-f004-4699-9411-8f2e5bd569e0', CAST(N'2026-05-04T15:34:15.8913300' AS DateTime2), NULL, NULL, NULL, NULL, N'fff53a7e-c8c1-497d-a68f-21b34f207af4', 1, NULL, 0, 0, NULL, NULL, N'Ghi chú m?u cho Tr?n Th? B?nh', N'1c3a9409-8d81-420f-9b9c-25e85ae90e31', NULL, NULL, CAST(6.15 AS Numeric(4, 2)), CAST(N'2026-05-04T15:34:15.8913300' AS DateTime2), NULL)
INSERT [dbo].[n8_student_grades] ([id], [created_at], [created_by], [deleted_at], [deleted_by], [gpa_value], [grade_component_id], [is_active], [is_finalized], [is_locked], [is_retake], [is_total], [letter_grade], [note], [registration_id], [result], [scale_id], [score], [updated_at], [updated_by]) VALUES (N'0fb7aec8-5d1d-4cdb-9b75-9f5a4a0783a5', CAST(N'2026-05-04T15:34:15.9024980' AS DateTime2), NULL, NULL, NULL, NULL, N'60881f1b-1219-4244-b345-d5679775cba4', 1, NULL, 0, 0, NULL, NULL, N'Ghi chú m?u cho Ngô Th? Lan', N'fcccaa59-43bf-4425-ac9b-ba21720c6b63', NULL, NULL, CAST(6.73 AS Numeric(4, 2)), CAST(N'2026-05-04T15:34:15.9024980' AS DateTime2), NULL)
INSERT [dbo].[n8_student_grades] ([id], [created_at], [created_by], [deleted_at], [deleted_by], [gpa_value], [grade_component_id], [is_active], [is_finalized], [is_locked], [is_retake], [is_total], [letter_grade], [note], [registration_id], [result], [scale_id], [score], [updated_at], [updated_by]) VALUES (N'bb8ac5a9-2f90-4cbc-a854-be4dec3ea814', CAST(N'2026-05-04T15:34:15.9019770' AS DateTime2), NULL, NULL, NULL, NULL, N'09851dd1-3dea-4f6b-9d2f-d24c7aa529a6', 1, NULL, 0, 0, NULL, NULL, N'Ghi chú m?u cho Nguy?n Văn An', N'd0b5f043-fd59-4762-bc05-7f4e5d4ce4e6', NULL, NULL, CAST(7.75 AS Numeric(4, 2)), CAST(N'2026-05-04T15:34:15.9019770' AS DateTime2), NULL)
INSERT [dbo].[n8_student_grades] ([id], [created_at], [created_by], [deleted_at], [deleted_by], [gpa_value], [grade_component_id], [is_active], [is_finalized], [is_locked], [is_retake], [is_total], [letter_grade], [note], [registration_id], [result], [scale_id], [score], [updated_at], [updated_by]) VALUES (N'f50a00eb-46ed-44c8-ad54-c56b6182e86c', CAST(N'2026-05-04T15:34:15.8948350' AS DateTime2), NULL, NULL, NULL, NULL, N'43cea2d8-68de-418f-af21-36df6de81c0d', 1, NULL, 0, 0, NULL, NULL, N'Ghi chú m?u cho Đ? Văn Giang', N'098edef3-7501-4f9c-b223-2b924ca9665c', NULL, NULL, CAST(4.83 AS Numeric(4, 2)), CAST(N'2026-05-04T15:34:15.8948350' AS DateTime2), NULL)
INSERT [dbo].[n8_student_grades] ([id], [created_at], [created_by], [deleted_at], [deleted_by], [gpa_value], [grade_component_id], [is_active], [is_finalized], [is_locked], [is_retake], [is_total], [letter_grade], [note], [registration_id], [result], [scale_id], [score], [updated_at], [updated_by]) VALUES (N'34f8121b-6da6-4036-899c-dc68ced4e34b', CAST(N'2026-05-04T15:34:15.8988700' AS DateTime2), NULL, NULL, NULL, NULL, N'aba1b4b8-1ec6-4f1d-9ad2-9229ccac735a', 1, NULL, 0, 0, NULL, NULL, N'Ghi chú m?u cho Ph?m Th? Dung', N'2a16d3ba-f767-4901-bf74-68aeba39a46d', NULL, NULL, CAST(4.13 AS Numeric(4, 2)), CAST(N'2026-05-04T15:34:15.8988700' AS DateTime2), NULL)
INSERT [dbo].[n8_student_grades] ([id], [created_at], [created_by], [deleted_at], [deleted_by], [gpa_value], [grade_component_id], [is_active], [is_finalized], [is_locked], [is_retake], [is_total], [letter_grade], [note], [registration_id], [result], [scale_id], [score], [updated_at], [updated_by]) VALUES (N'69df2c23-c3c2-450c-ab97-ff791f239ab4', CAST(N'2026-05-04T15:34:15.9003760' AS DateTime2), NULL, NULL, NULL, NULL, N'48ea16d6-b8ce-4807-9ebd-98eb0110631c', 1, NULL, 0, 0, NULL, NULL, N'Ghi chú m?u cho V? Th? Phương', N'7bdb23c2-e9b1-481e-8dad-6f628b497ed1', NULL, NULL, CAST(5.71 AS Numeric(4, 2)), CAST(N'2026-05-04T15:34:15.9003760' AS DateTime2), NULL)
GO
INSERT [dbo].[n8_students] ([id], [email], [is_active], [name], [student_code]) VALUES (N'1c3a9409-8d81-420f-9b9c-25e85ae90e31', N'student2@school.edu.vn', 1, N'Tr?n Th? B?nh', N'SV1001')
INSERT [dbo].[n8_students] ([id], [email], [is_active], [name], [student_code]) VALUES (N'098edef3-7501-4f9c-b223-2b924ca9665c', N'student7@school.edu.vn', 1, N'Đ? Văn Giang', N'SV1006')
INSERT [dbo].[n8_students] ([id], [email], [is_active], [name], [student_code]) VALUES (N'297cd7b9-5e9d-448e-ba61-2c83845dc5b7', N'student3@school.edu.vn', 1, N'Lê Văn Cư?ng', N'SV1002')
INSERT [dbo].[n8_students] ([id], [email], [is_active], [name], [student_code]) VALUES (N'8e20778b-ef37-4f61-905b-2ea35b6cdaa5', N'student9@school.edu.vn', 1, N'L? Văn Hùng', N'SV1008')
INSERT [dbo].[n8_students] ([id], [email], [is_active], [name], [student_code]) VALUES (N'2a16d3ba-f767-4901-bf74-68aeba39a46d', N'student4@school.edu.vn', 1, N'Ph?m Th? Dung', N'SV1003')
INSERT [dbo].[n8_students] ([id], [email], [is_active], [name], [student_code]) VALUES (N'7bdb23c2-e9b1-481e-8dad-6f628b497ed1', N'student6@school.edu.vn', 1, N'V? Th? Phương', N'SV1005')
INSERT [dbo].[n8_students] ([id], [email], [is_active], [name], [student_code]) VALUES (N'd0b5f043-fd59-4762-bc05-7f4e5d4ce4e6', N'student1@school.edu.vn', 1, N'Nguy?n Văn An', N'SV1000')
INSERT [dbo].[n8_students] ([id], [email], [is_active], [name], [student_code]) VALUES (N'fcccaa59-43bf-4425-ac9b-ba21720c6b63', N'student10@school.edu.vn', 1, N'Ngô Th? Lan', N'SV1009')
INSERT [dbo].[n8_students] ([id], [email], [is_active], [name], [student_code]) VALUES (N'a527b5c1-3a3f-4a61-99c5-d7734eedae18', N'student5@school.edu.vn', 1, N'Hoàng Văn Em', N'SV1004')
INSERT [dbo].[n8_students] ([id], [email], [is_active], [name], [student_code]) VALUES (N'1547a5f1-040c-427c-8c6e-ffe40e99ce68', N'student8@school.edu.vn', 1, N'Bùi Th? H?nh', N'SV1007')
GO
INSERT [dbo].[n8_v3_grade_components] ([input_order], [is_active], [is_final], [is_required], [max_score], [min_score], [weight_percentage], [created_at], [deleted_at], [updated_at], [course_id], [course_section_id], [created_by], [deleted_by], [grade_category_id], [id], [updated_by], [component_code], [component_name]) VALUES (2, 1, 0, 1, NULL, NULL, CAST(30.00 AS Numeric(5, 2)), NULL, CAST(N'2026-05-12T23:06:31.2466670' AS DateTime2), NULL, NULL, N'78eb7952-c59a-43f9-a509-12d090048490', NULL, NULL, NULL, N'6a994457-0e15-4b8c-ba22-0615734a3480', NULL, N'GK', N'Giữa kỳ')
INSERT [dbo].[n8_v3_grade_components] ([input_order], [is_active], [is_final], [is_required], [max_score], [min_score], [weight_percentage], [created_at], [deleted_at], [updated_at], [course_id], [course_section_id], [created_by], [deleted_by], [grade_category_id], [id], [updated_by], [component_code], [component_name]) VALUES (1, 1, 0, 1, NULL, NULL, CAST(15.00 AS Numeric(5, 2)), NULL, NULL, CAST(N'2026-05-13T17:46:58.0496360' AS DateTime2), NULL, N'6e1a7820-39fc-4ac3-a7f6-c7eebc67182b', NULL, NULL, NULL, N'93771759-2ce0-4cba-a51c-26703d98a605', NULL, N'GK', N'Giữa kỳ')
INSERT [dbo].[n8_v3_grade_components] ([input_order], [is_active], [is_final], [is_required], [max_score], [min_score], [weight_percentage], [created_at], [deleted_at], [updated_at], [course_id], [course_section_id], [created_by], [deleted_by], [grade_category_id], [id], [updated_by], [component_code], [component_name]) VALUES (3, 1, 0, 1, CAST(10.00 AS Numeric(4, 2)), CAST(0.00 AS Numeric(4, 2)), CAST(25.00 AS Numeric(5, 2)), CAST(N'2026-05-13T17:46:58.0432150' AS DateTime2), NULL, NULL, NULL, N'6e1a7820-39fc-4ac3-a7f6-c7eebc67182b', NULL, NULL, N'abe218ad-d8a4-44c7-a06c-985ce18849de', N'cd5e0128-6307-4d79-8512-26a49b9b86db', NULL, N'TX', N'Kiểm tra thường xuyên (Quiz)')
INSERT [dbo].[n8_v3_grade_components] ([input_order], [is_active], [is_final], [is_required], [max_score], [min_score], [weight_percentage], [created_at], [deleted_at], [updated_at], [course_id], [course_section_id], [created_by], [deleted_by], [grade_category_id], [id], [updated_by], [component_code], [component_name]) VALUES (0, 1, 0, 1, NULL, NULL, CAST(10.00 AS Numeric(5, 2)), NULL, NULL, CAST(N'2026-05-13T17:46:58.0480930' AS DateTime2), NULL, N'6e1a7820-39fc-4ac3-a7f6-c7eebc67182b', NULL, NULL, NULL, N'25b774b4-b1d2-43d5-a026-2fee28be43bd', NULL, N'CC', N'Chuyên cần')
INSERT [dbo].[n8_v3_grade_components] ([input_order], [is_active], [is_final], [is_required], [max_score], [min_score], [weight_percentage], [created_at], [deleted_at], [updated_at], [course_id], [course_section_id], [created_by], [deleted_by], [grade_category_id], [id], [updated_by], [component_code], [component_name]) VALUES (0, 1, 0, 1, CAST(10.00 AS Numeric(4, 2)), CAST(0.00 AS Numeric(4, 2)), CAST(10.00 AS Numeric(5, 2)), CAST(N'2026-05-13T17:18:48.3430490' AS DateTime2), NULL, NULL, NULL, N'78eb7952-c59a-43f9-a509-12d090048490', NULL, NULL, N'503fe1ef-a8da-406e-907a-1e978ca27207', N'1d9a355b-f51f-46f4-ae2d-3184e915b470', NULL, N'CC', N'Chuyên cần')
INSERT [dbo].[n8_v3_grade_components] ([input_order], [is_active], [is_final], [is_required], [max_score], [min_score], [weight_percentage], [created_at], [deleted_at], [updated_at], [course_id], [course_section_id], [created_by], [deleted_by], [grade_category_id], [id], [updated_by], [component_code], [component_name]) VALUES (0, 1, 1, 1, CAST(10.00 AS Numeric(4, 2)), CAST(0.00 AS Numeric(4, 2)), CAST(50.00 AS Numeric(5, 2)), CAST(N'2026-05-13T17:18:48.3430490' AS DateTime2), NULL, NULL, NULL, N'78eb7952-c59a-43f9-a509-12d090048490', NULL, NULL, N'89c6f5f9-ffa4-457c-9222-0c095f155ead', N'9fe80baa-50e0-47a1-abdb-3a8bb1500f9a', NULL, N'GK', N'Giữa kỳ')
INSERT [dbo].[n8_v3_grade_components] ([input_order], [is_active], [is_final], [is_required], [max_score], [min_score], [weight_percentage], [created_at], [deleted_at], [updated_at], [course_id], [course_section_id], [created_by], [deleted_by], [grade_category_id], [id], [updated_by], [component_code], [component_name]) VALUES (0, 1, 1, 1, CAST(10.00 AS Numeric(4, 2)), CAST(0.00 AS Numeric(4, 2)), CAST(50.00 AS Numeric(5, 2)), CAST(N'2026-05-13T17:19:46.6546880' AS DateTime2), NULL, NULL, NULL, N'2ff787ee-9f8e-48c4-bee8-2aa728fd73ec', NULL, NULL, NULL, N'36030efd-abd1-4728-9dc5-44e2c2869ff1', NULL, N'CK', N'Cuối kỳ')
INSERT [dbo].[n8_v3_grade_components] ([input_order], [is_active], [is_final], [is_required], [max_score], [min_score], [weight_percentage], [created_at], [deleted_at], [updated_at], [course_id], [course_section_id], [created_by], [deleted_by], [grade_category_id], [id], [updated_by], [component_code], [component_name]) VALUES (2, 1, 0, 1, NULL, NULL, CAST(30.00 AS Numeric(5, 2)), NULL, NULL, NULL, NULL, N'3d561a99-4713-4ceb-8598-98a2c7f4ca2e', NULL, NULL, NULL, N'97d488c2-032d-4a02-ad97-46b53591aa51', NULL, N'GK', N'Giữa kỳ')
INSERT [dbo].[n8_v3_grade_components] ([input_order], [is_active], [is_final], [is_required], [max_score], [min_score], [weight_percentage], [created_at], [deleted_at], [updated_at], [course_id], [course_section_id], [created_by], [deleted_by], [grade_category_id], [id], [updated_by], [component_code], [component_name]) VALUES (3, 1, 1, 1, NULL, NULL, CAST(60.00 AS Numeric(5, 2)), NULL, NULL, NULL, NULL, N'4adb7a81-61b3-419b-a20b-5a444abe9ccf', NULL, NULL, NULL, N'30a53aaa-97e6-4524-9d0b-4871df434789', NULL, N'CK', N'Cuối kỳ')
INSERT [dbo].[n8_v3_grade_components] ([input_order], [is_active], [is_final], [is_required], [max_score], [min_score], [weight_percentage], [created_at], [deleted_at], [updated_at], [course_id], [course_section_id], [created_by], [deleted_by], [grade_category_id], [id], [updated_by], [component_code], [component_name]) VALUES (0, 1, 0, 1, CAST(10.00 AS Numeric(4, 2)), CAST(0.00 AS Numeric(4, 2)), CAST(25.00 AS Numeric(5, 2)), CAST(N'2026-05-13T17:19:46.6546880' AS DateTime2), NULL, NULL, NULL, N'2ff787ee-9f8e-48c4-bee8-2aa728fd73ec', NULL, NULL, N'abe218ad-d8a4-44c7-a06c-985ce18849de', N'e09e2a60-2051-4840-a67c-5290344fa098', NULL, N'TX', N'Kiểm tra thường xuyên (Quiz)')
INSERT [dbo].[n8_v3_grade_components] ([input_order], [is_active], [is_final], [is_required], [max_score], [min_score], [weight_percentage], [created_at], [deleted_at], [updated_at], [course_id], [course_section_id], [created_by], [deleted_by], [grade_category_id], [id], [updated_by], [component_code], [component_name]) VALUES (0, 1, 0, 1, CAST(10.00 AS Numeric(4, 2)), CAST(0.00 AS Numeric(4, 2)), CAST(10.00 AS Numeric(5, 2)), CAST(N'2026-05-13T00:31:52.9653990' AS DateTime2), CAST(N'2026-05-13T17:18:48.3566670' AS DateTime2), NULL, NULL, N'78eb7952-c59a-43f9-a509-12d090048490', NULL, NULL, N'503fe1ef-a8da-406e-907a-1e978ca27207', N'1b632f64-1cfd-4844-9d26-713b9a248938', NULL, N'CC', N'Chuyên cần')
INSERT [dbo].[n8_v3_grade_components] ([input_order], [is_active], [is_final], [is_required], [max_score], [min_score], [weight_percentage], [created_at], [deleted_at], [updated_at], [course_id], [course_section_id], [created_by], [deleted_by], [grade_category_id], [id], [updated_by], [component_code], [component_name]) VALUES (3, 1, 1, 1, NULL, NULL, CAST(60.00 AS Numeric(5, 2)), NULL, NULL, NULL, NULL, N'3d561a99-4713-4ceb-8598-98a2c7f4ca2e', NULL, NULL, NULL, N'50057593-34a0-4404-83f2-726b12de3081', NULL, N'CK', N'Cuối kỳ')
INSERT [dbo].[n8_v3_grade_components] ([input_order], [is_active], [is_final], [is_required], [max_score], [min_score], [weight_percentage], [created_at], [deleted_at], [updated_at], [course_id], [course_section_id], [created_by], [deleted_by], [grade_category_id], [id], [updated_by], [component_code], [component_name]) VALUES (1, 1, 0, 1, NULL, NULL, CAST(10.00 AS Numeric(5, 2)), NULL, CAST(N'2026-05-12T23:06:31.2400000' AS DateTime2), NULL, NULL, N'78eb7952-c59a-43f9-a509-12d090048490', NULL, NULL, NULL, N'1c4b5900-cb70-4136-b60c-7c3cd701775b', NULL, N'CC', N'Chuyên cần')
INSERT [dbo].[n8_v3_grade_components] ([input_order], [is_active], [is_final], [is_required], [max_score], [min_score], [weight_percentage], [created_at], [deleted_at], [updated_at], [course_id], [course_section_id], [created_by], [deleted_by], [grade_category_id], [id], [updated_by], [component_code], [component_name]) VALUES (3, 1, 1, 1, NULL, NULL, CAST(60.00 AS Numeric(5, 2)), NULL, CAST(N'2026-05-12T23:06:31.2466670' AS DateTime2), NULL, NULL, N'78eb7952-c59a-43f9-a509-12d090048490', NULL, NULL, NULL, N'8b018ede-3acb-4a11-9a68-83776ae61f79', NULL, N'CK', N'Cuối kỳ')
INSERT [dbo].[n8_v3_grade_components] ([input_order], [is_active], [is_final], [is_required], [max_score], [min_score], [weight_percentage], [created_at], [deleted_at], [updated_at], [course_id], [course_section_id], [created_by], [deleted_by], [grade_category_id], [id], [updated_by], [component_code], [component_name]) VALUES (3, 1, 1, 1, NULL, NULL, CAST(60.00 AS Numeric(5, 2)), NULL, CAST(N'2026-05-13T17:19:46.6933330' AS DateTime2), NULL, NULL, N'2ff787ee-9f8e-48c4-bee8-2aa728fd73ec', NULL, NULL, NULL, N'df4c8fdd-0286-4659-9fc3-851bde474f1c', NULL, N'CK', N'Cuối kỳ')
INSERT [dbo].[n8_v3_grade_components] ([input_order], [is_active], [is_final], [is_required], [max_score], [min_score], [weight_percentage], [created_at], [deleted_at], [updated_at], [course_id], [course_section_id], [created_by], [deleted_by], [grade_category_id], [id], [updated_by], [component_code], [component_name]) VALUES (0, 1, 0, 1, CAST(10.00 AS Numeric(4, 2)), CAST(0.00 AS Numeric(4, 2)), CAST(10.00 AS Numeric(5, 2)), CAST(N'2026-05-12T23:06:31.2237980' AS DateTime2), CAST(N'2026-05-13T00:31:52.9800000' AS DateTime2), NULL, NULL, N'78eb7952-c59a-43f9-a509-12d090048490', NULL, NULL, N'503fe1ef-a8da-406e-907a-1e978ca27207', N'de51048f-3ae1-46d7-b962-8d8d6e8fa63f', NULL, N'CC', N'Chuyên cần')
INSERT [dbo].[n8_v3_grade_components] ([input_order], [is_active], [is_final], [is_required], [max_score], [min_score], [weight_percentage], [created_at], [deleted_at], [updated_at], [course_id], [course_section_id], [created_by], [deleted_by], [grade_category_id], [id], [updated_by], [component_code], [component_name]) VALUES (0, 1, 0, 1, CAST(10.00 AS Numeric(4, 2)), CAST(0.00 AS Numeric(4, 2)), CAST(30.00 AS Numeric(5, 2)), CAST(N'2026-05-12T23:06:31.2237980' AS DateTime2), CAST(N'2026-05-13T00:31:52.9833330' AS DateTime2), NULL, NULL, N'78eb7952-c59a-43f9-a509-12d090048490', NULL, NULL, N'0b86e702-52f0-4fc0-886e-d75c822d541a', N'149efc78-dc7c-4e29-bb7a-a67ef223ca63', NULL, N'CK', N'Cuối kỳ')
INSERT [dbo].[n8_v3_grade_components] ([input_order], [is_active], [is_final], [is_required], [max_score], [min_score], [weight_percentage], [created_at], [deleted_at], [updated_at], [course_id], [course_section_id], [created_by], [deleted_by], [grade_category_id], [id], [updated_by], [component_code], [component_name]) VALUES (1, 1, 0, 1, NULL, NULL, CAST(10.00 AS Numeric(5, 2)), NULL, NULL, NULL, NULL, N'4adb7a81-61b3-419b-a20b-5a444abe9ccf', NULL, NULL, NULL, N'ce60ac99-0959-430e-b928-a6bf7c03a709', NULL, N'CC', N'Chuyên cần')
INSERT [dbo].[n8_v3_grade_components] ([input_order], [is_active], [is_final], [is_required], [max_score], [min_score], [weight_percentage], [created_at], [deleted_at], [updated_at], [course_id], [course_section_id], [created_by], [deleted_by], [grade_category_id], [id], [updated_by], [component_code], [component_name]) VALUES (0, 1, 0, 1, CAST(10.00 AS Numeric(4, 2)), CAST(0.00 AS Numeric(4, 2)), CAST(15.00 AS Numeric(5, 2)), CAST(N'2026-05-13T17:19:46.6536830' AS DateTime2), NULL, NULL, NULL, N'2ff787ee-9f8e-48c4-bee8-2aa728fd73ec', NULL, NULL, NULL, N'f1ff868b-2c4e-409c-b110-ae1692682c22', NULL, N'GK', N'Giữa kỳ')
INSERT [dbo].[n8_v3_grade_components] ([input_order], [is_active], [is_final], [is_required], [max_score], [min_score], [weight_percentage], [created_at], [deleted_at], [updated_at], [course_id], [course_section_id], [created_by], [deleted_by], [grade_category_id], [id], [updated_by], [component_code], [component_name]) VALUES (0, 1, 0, 1, CAST(10.00 AS Numeric(4, 2)), CAST(0.00 AS Numeric(4, 2)), CAST(15.00 AS Numeric(5, 2)), CAST(N'2026-05-13T17:18:48.3440480' AS DateTime2), NULL, NULL, NULL, N'78eb7952-c59a-43f9-a509-12d090048490', NULL, NULL, N'0b86e702-52f0-4fc0-886e-d75c822d541a', N'dafd5ac0-d040-4e4a-8b83-b7d3e4ab7674', NULL, N'CK', N'Cuối kỳ')
INSERT [dbo].[n8_v3_grade_components] ([input_order], [is_active], [is_final], [is_required], [max_score], [min_score], [weight_percentage], [created_at], [deleted_at], [updated_at], [course_id], [course_section_id], [created_by], [deleted_by], [grade_category_id], [id], [updated_by], [component_code], [component_name]) VALUES (1, 1, 0, 1, NULL, NULL, CAST(10.00 AS Numeric(5, 2)), NULL, NULL, NULL, NULL, N'3d561a99-4713-4ceb-8598-98a2c7f4ca2e', NULL, NULL, NULL, N'c1b0d14a-cd63-4987-8572-b874c31d5a40', NULL, N'CC', N'Chuyên cần')
INSERT [dbo].[n8_v3_grade_components] ([input_order], [is_active], [is_final], [is_required], [max_score], [min_score], [weight_percentage], [created_at], [deleted_at], [updated_at], [course_id], [course_section_id], [created_by], [deleted_by], [grade_category_id], [id], [updated_by], [component_code], [component_name]) VALUES (2, 1, 0, 1, NULL, NULL, CAST(30.00 AS Numeric(5, 2)), NULL, CAST(N'2026-05-13T17:19:46.6933330' AS DateTime2), NULL, NULL, N'2ff787ee-9f8e-48c4-bee8-2aa728fd73ec', NULL, NULL, NULL, N'331e791c-7912-4d53-9765-bdae603f33ce', NULL, N'GK', N'Giữa kỳ')
INSERT [dbo].[n8_v3_grade_components] ([input_order], [is_active], [is_final], [is_required], [max_score], [min_score], [weight_percentage], [created_at], [deleted_at], [updated_at], [course_id], [course_section_id], [created_by], [deleted_by], [grade_category_id], [id], [updated_by], [component_code], [component_name]) VALUES (0, 1, 1, 1, CAST(10.00 AS Numeric(4, 2)), CAST(0.00 AS Numeric(4, 2)), CAST(60.00 AS Numeric(5, 2)), CAST(N'2026-05-13T00:31:52.9664070' AS DateTime2), CAST(N'2026-05-13T17:18:48.3600000' AS DateTime2), NULL, NULL, N'78eb7952-c59a-43f9-a509-12d090048490', NULL, NULL, N'89c6f5f9-ffa4-457c-9222-0c095f155ead', N'c334d3ec-05b5-4257-a409-bea28eb79287', NULL, N'GK', N'Giữa kỳ')
INSERT [dbo].[n8_v3_grade_components] ([input_order], [is_active], [is_final], [is_required], [max_score], [min_score], [weight_percentage], [created_at], [deleted_at], [updated_at], [course_id], [course_section_id], [created_by], [deleted_by], [grade_category_id], [id], [updated_by], [component_code], [component_name]) VALUES (0, 1, 0, 1, CAST(10.00 AS Numeric(4, 2)), CAST(0.00 AS Numeric(4, 2)), CAST(25.00 AS Numeric(5, 2)), CAST(N'2026-05-13T17:18:48.3440480' AS DateTime2), NULL, NULL, NULL, N'78eb7952-c59a-43f9-a509-12d090048490', NULL, NULL, N'abe218ad-d8a4-44c7-a06c-985ce18849de', N'7b0ea766-a8df-4e81-ae44-bf79bc32e794', NULL, N'TX', N'Kiểm tra thường xuyên (Quiz)')
INSERT [dbo].[n8_v3_grade_components] ([input_order], [is_active], [is_final], [is_required], [max_score], [min_score], [weight_percentage], [created_at], [deleted_at], [updated_at], [course_id], [course_section_id], [created_by], [deleted_by], [grade_category_id], [id], [updated_by], [component_code], [component_name]) VALUES (0, 1, 1, 1, CAST(10.00 AS Numeric(4, 2)), CAST(0.00 AS Numeric(4, 2)), CAST(60.00 AS Numeric(5, 2)), CAST(N'2026-05-12T23:06:31.2227900' AS DateTime2), CAST(N'2026-05-13T00:31:52.9866670' AS DateTime2), NULL, NULL, N'78eb7952-c59a-43f9-a509-12d090048490', NULL, NULL, N'89c6f5f9-ffa4-457c-9222-0c095f155ead', N'3defdc1b-9782-4539-8315-d916dffd5e5a', NULL, N'GK', N'Giữa kỳ')
INSERT [dbo].[n8_v3_grade_components] ([input_order], [is_active], [is_final], [is_required], [max_score], [min_score], [weight_percentage], [created_at], [deleted_at], [updated_at], [course_id], [course_section_id], [created_by], [deleted_by], [grade_category_id], [id], [updated_by], [component_code], [component_name]) VALUES (2, 1, 0, 1, NULL, NULL, CAST(30.00 AS Numeric(5, 2)), NULL, NULL, NULL, NULL, N'4adb7a81-61b3-419b-a20b-5a444abe9ccf', NULL, NULL, NULL, N'9cf3fd10-7f76-4595-b3e9-d961054b39f5', NULL, N'GK', N'Giữa kỳ')
INSERT [dbo].[n8_v3_grade_components] ([input_order], [is_active], [is_final], [is_required], [max_score], [min_score], [weight_percentage], [created_at], [deleted_at], [updated_at], [course_id], [course_section_id], [created_by], [deleted_by], [grade_category_id], [id], [updated_by], [component_code], [component_name]) VALUES (0, 1, 0, 1, CAST(10.00 AS Numeric(4, 2)), CAST(0.00 AS Numeric(4, 2)), CAST(10.00 AS Numeric(5, 2)), CAST(N'2026-05-13T17:19:46.6531620' AS DateTime2), NULL, NULL, NULL, N'2ff787ee-9f8e-48c4-bee8-2aa728fd73ec', NULL, NULL, NULL, N'e32c2989-ac20-4c63-b261-dee7cf2b7732', NULL, N'CC', N'Chuyên cần')
INSERT [dbo].[n8_v3_grade_components] ([input_order], [is_active], [is_final], [is_required], [max_score], [min_score], [weight_percentage], [created_at], [deleted_at], [updated_at], [course_id], [course_section_id], [created_by], [deleted_by], [grade_category_id], [id], [updated_by], [component_code], [component_name]) VALUES (0, 1, 0, 1, CAST(10.00 AS Numeric(4, 2)), CAST(0.00 AS Numeric(4, 2)), CAST(30.00 AS Numeric(5, 2)), CAST(N'2026-05-13T00:31:52.9653990' AS DateTime2), CAST(N'2026-05-13T17:18:48.3633330' AS DateTime2), NULL, NULL, N'78eb7952-c59a-43f9-a509-12d090048490', NULL, NULL, N'0b86e702-52f0-4fc0-886e-d75c822d541a', N'9d5c1bf2-cbf1-4ce5-ba04-e1b0eada15d4', NULL, N'CK', N'Cuối kỳ')
INSERT [dbo].[n8_v3_grade_components] ([input_order], [is_active], [is_final], [is_required], [max_score], [min_score], [weight_percentage], [created_at], [deleted_at], [updated_at], [course_id], [course_section_id], [created_by], [deleted_by], [grade_category_id], [id], [updated_by], [component_code], [component_name]) VALUES (2, 1, 1, 1, NULL, NULL, CAST(50.00 AS Numeric(5, 2)), NULL, NULL, CAST(N'2026-05-13T17:46:58.0496360' AS DateTime2), NULL, N'6e1a7820-39fc-4ac3-a7f6-c7eebc67182b', NULL, NULL, N'0b86e702-52f0-4fc0-886e-d75c822d541a', N'19125981-8150-4d02-963c-ea38c09e5db7', NULL, N'CK', N'Cuối kỳ')
INSERT [dbo].[n8_v3_grade_components] ([input_order], [is_active], [is_final], [is_required], [max_score], [min_score], [weight_percentage], [created_at], [deleted_at], [updated_at], [course_id], [course_section_id], [created_by], [deleted_by], [grade_category_id], [id], [updated_by], [component_code], [component_name]) VALUES (1, 1, 0, 1, NULL, NULL, CAST(10.00 AS Numeric(5, 2)), NULL, CAST(N'2026-05-13T17:19:46.6900000' AS DateTime2), NULL, NULL, N'2ff787ee-9f8e-48c4-bee8-2aa728fd73ec', NULL, NULL, NULL, N'a70f2643-7f9c-4e13-8e3d-f5759343d920', NULL, N'CC', N'Chuyên cần')
GO
INSERT [dbo].[n8_v3_grade_scales] ([gpa_value], [is_active], [is_pass], [letter_grade], [max_score], [min_score], [created_at], [deleted_at], [updated_at], [scale_code], [created_by], [deleted_by], [id], [updated_by]) VALUES (CAST(1.00 AS Numeric(3, 2)), 1, 1, N'D', CAST(5.49 AS Numeric(4, 2)), CAST(4.00 AS Numeric(4, 2)), NULL, NULL, NULL, N'D', NULL, NULL, N'3bf178ed-2cb1-4b00-9fc3-1000695ebd46', NULL)
INSERT [dbo].[n8_v3_grade_scales] ([gpa_value], [is_active], [is_pass], [letter_grade], [max_score], [min_score], [created_at], [deleted_at], [updated_at], [scale_code], [created_by], [deleted_by], [id], [updated_by]) VALUES (CAST(0.00 AS Numeric(3, 2)), 1, 0, N'F', CAST(3.99 AS Numeric(4, 2)), CAST(0.00 AS Numeric(4, 2)), NULL, NULL, NULL, N'F', NULL, NULL, N'd59db920-fb3d-4ea8-ae24-1755774e9d23', NULL)
INSERT [dbo].[n8_v3_grade_scales] ([gpa_value], [is_active], [is_pass], [letter_grade], [max_score], [min_score], [created_at], [deleted_at], [updated_at], [scale_code], [created_by], [deleted_by], [id], [updated_by]) VALUES (CAST(4.00 AS Numeric(3, 2)), 1, 1, N'A', CAST(10.00 AS Numeric(4, 2)), CAST(8.50 AS Numeric(4, 2)), NULL, NULL, NULL, N'A', NULL, NULL, N'15d4207b-15c6-4084-ad02-54552fd2b94b', NULL)
INSERT [dbo].[n8_v3_grade_scales] ([gpa_value], [is_active], [is_pass], [letter_grade], [max_score], [min_score], [created_at], [deleted_at], [updated_at], [scale_code], [created_by], [deleted_by], [id], [updated_by]) VALUES (CAST(2.00 AS Numeric(3, 2)), 1, 1, N'C', CAST(6.99 AS Numeric(4, 2)), CAST(5.50 AS Numeric(4, 2)), NULL, NULL, NULL, N'C', NULL, NULL, N'e328041b-30f9-41b7-adc4-b1bac1e34ecc', NULL)
INSERT [dbo].[n8_v3_grade_scales] ([gpa_value], [is_active], [is_pass], [letter_grade], [max_score], [min_score], [created_at], [deleted_at], [updated_at], [scale_code], [created_by], [deleted_by], [id], [updated_by]) VALUES (CAST(3.00 AS Numeric(3, 2)), 1, 1, N'B', CAST(8.49 AS Numeric(4, 2)), CAST(7.00 AS Numeric(4, 2)), NULL, NULL, NULL, N'B', NULL, NULL, N'726733fd-60ca-4000-b084-dee11be4d5d7', NULL)
GO
INSERT [dbo].[n8_v3_student_grades] ([gpa_value], [is_active], [is_finalized], [is_locked], [is_retake], [is_total], [letter_grade], [score], [created_at], [deleted_at], [graded_at], [locked_at], [updated_at], [result], [created_by], [deleted_by], [grade_component_id], [graded_by], [id], [locked_by], [registration_id], [scale_id], [updated_by], [status], [history_note], [note]) VALUES (NULL, 1, NULL, 0, NULL, 0, NULL, CAST(6.30 AS Numeric(4, 2)), NULL, NULL, NULL, NULL, NULL, NULL, NULL, NULL, N'8b018ede-3acb-4a11-9a68-83776ae61f79', NULL, N'dfe66005-5250-4ef8-8913-01198a7e35d6', NULL, N'a642ef63-3499-4c9c-9a48-1dbd356a8eef', NULL, NULL, N'SUBMITTED', NULL, NULL)
INSERT [dbo].[n8_v3_student_grades] ([gpa_value], [is_active], [is_finalized], [is_locked], [is_retake], [is_total], [letter_grade], [score], [created_at], [deleted_at], [graded_at], [locked_at], [updated_at], [result], [created_by], [deleted_by], [grade_component_id], [graded_by], [id], [locked_by], [registration_id], [scale_id], [updated_by], [status], [history_note], [note]) VALUES (NULL, 1, NULL, 0, NULL, 0, NULL, CAST(9.70 AS Numeric(4, 2)), NULL, NULL, NULL, NULL, NULL, NULL, NULL, NULL, N'97d488c2-032d-4a02-ad97-46b53591aa51', NULL, N'0f036890-b9e4-4d2b-b6f9-074e7727186e', NULL, N'5ffeb8e9-3989-4f8f-bb1a-12d636cacfbd', NULL, NULL, N'SUBMITTED', NULL, NULL)
INSERT [dbo].[n8_v3_student_grades] ([gpa_value], [is_active], [is_finalized], [is_locked], [is_retake], [is_total], [letter_grade], [score], [created_at], [deleted_at], [graded_at], [locked_at], [updated_at], [result], [created_by], [deleted_by], [grade_component_id], [graded_by], [id], [locked_by], [registration_id], [scale_id], [updated_by], [status], [history_note], [note]) VALUES (NULL, 1, NULL, 0, NULL, 0, NULL, CAST(10.00 AS Numeric(4, 2)), CAST(N'2026-05-13T17:25:40.0443790' AS DateTime2), NULL, CAST(N'2026-05-13T17:26:05.5735560' AS DateTime2), NULL, CAST(N'2026-05-13T17:26:05.5755670' AS DateTime2), NULL, NULL, NULL, N'36030efd-abd1-4728-9dc5-44e2c2869ff1', N'482e504d-6d59-41cc-8c78-056055d8e7e0', N'901a3928-7075-4893-8c7e-08c6aa9bb019', NULL, N'de5cfe47-a0db-4dc0-83ad-01ceb51edd36', NULL, NULL, N'SUBMITTED', NULL, NULL)
INSERT [dbo].[n8_v3_student_grades] ([gpa_value], [is_active], [is_finalized], [is_locked], [is_retake], [is_total], [letter_grade], [score], [created_at], [deleted_at], [graded_at], [locked_at], [updated_at], [result], [created_by], [deleted_by], [grade_component_id], [graded_by], [id], [locked_by], [registration_id], [scale_id], [updated_by], [status], [history_note], [note]) VALUES (NULL, 1, NULL, 0, NULL, 0, NULL, CAST(5.00 AS Numeric(4, 2)), CAST(N'2026-05-13T17:25:40.0637550' AS DateTime2), NULL, CAST(N'2026-05-13T17:25:40.0621540' AS DateTime2), NULL, CAST(N'2026-05-13T17:25:40.0637550' AS DateTime2), NULL, NULL, NULL, N'e09e2a60-2051-4840-a67c-5290344fa098', N'482e504d-6d59-41cc-8c78-056055d8e7e0', N'd483dce7-a095-401d-a48d-0d76fe4d5ea2', NULL, N'de5cfe47-a0db-4dc0-83ad-01ceb51edd36', NULL, NULL, N'SUBMITTED', NULL, NULL)
INSERT [dbo].[n8_v3_student_grades] ([gpa_value], [is_active], [is_finalized], [is_locked], [is_retake], [is_total], [letter_grade], [score], [created_at], [deleted_at], [graded_at], [locked_at], [updated_at], [result], [created_by], [deleted_by], [grade_component_id], [graded_by], [id], [locked_by], [registration_id], [scale_id], [updated_by], [status], [history_note], [note]) VALUES (NULL, 1, NULL, 0, NULL, 0, NULL, CAST(9.10 AS Numeric(4, 2)), NULL, NULL, NULL, NULL, NULL, NULL, NULL, NULL, N'30a53aaa-97e6-4524-9d0b-4871df434789', NULL, N'3ac9fe49-2ba4-47bd-8135-0f2f1f559ca1', NULL, N'6da04fdc-f56e-4f94-a091-0e388f90ea51', NULL, NULL, N'SUBMITTED', NULL, NULL)
INSERT [dbo].[n8_v3_student_grades] ([gpa_value], [is_active], [is_finalized], [is_locked], [is_retake], [is_total], [letter_grade], [score], [created_at], [deleted_at], [graded_at], [locked_at], [updated_at], [result], [created_by], [deleted_by], [grade_component_id], [graded_by], [id], [locked_by], [registration_id], [scale_id], [updated_by], [status], [history_note], [note]) VALUES (NULL, 1, NULL, 0, NULL, 0, NULL, CAST(9.10 AS Numeric(4, 2)), NULL, NULL, NULL, NULL, NULL, NULL, NULL, NULL, N'1c4b5900-cb70-4136-b60c-7c3cd701775b', NULL, N'30ecbcfd-d434-4e88-808b-0fed44cdbc34', NULL, N'ccff4d25-f080-4a12-ab4b-1ba71e84b0b8', NULL, NULL, N'SUBMITTED', NULL, NULL)
INSERT [dbo].[n8_v3_student_grades] ([gpa_value], [is_active], [is_finalized], [is_locked], [is_retake], [is_total], [letter_grade], [score], [created_at], [deleted_at], [graded_at], [locked_at], [updated_at], [result], [created_by], [deleted_by], [grade_component_id], [graded_by], [id], [locked_by], [registration_id], [scale_id], [updated_by], [status], [history_note], [note]) VALUES (NULL, 1, NULL, 0, NULL, 0, NULL, CAST(10.00 AS Numeric(4, 2)), CAST(N'2026-05-13T17:47:19.8706920' AS DateTime2), NULL, CAST(N'2026-05-13T17:47:19.8666450' AS DateTime2), NULL, CAST(N'2026-05-13T17:47:19.8706920' AS DateTime2), NULL, NULL, NULL, N'cd5e0128-6307-4d79-8512-26a49b9b86db', N'482e504d-6d59-41cc-8c78-056055d8e7e0', N'879b3705-a69c-4de5-bbc4-13e4476f6bed', NULL, N'eb75c4a2-97bc-438e-88c9-13a1bef75a8a', NULL, NULL, N'SUBMITTED', NULL, NULL)
INSERT [dbo].[n8_v3_student_grades] ([gpa_value], [is_active], [is_finalized], [is_locked], [is_retake], [is_total], [letter_grade], [score], [created_at], [deleted_at], [graded_at], [locked_at], [updated_at], [result], [created_by], [deleted_by], [grade_component_id], [graded_by], [id], [locked_by], [registration_id], [scale_id], [updated_by], [status], [history_note], [note]) VALUES (NULL, 1, NULL, 0, NULL, 0, NULL, CAST(9.50 AS Numeric(4, 2)), NULL, NULL, NULL, NULL, NULL, NULL, NULL, NULL, N'93771759-2ce0-4cba-a51c-26703d98a605', NULL, N'ffabd6d1-7890-49ee-9ed1-1456cbe8f84d', NULL, N'2dcbde82-fa00-486b-82e0-3b1bbafd8449', NULL, NULL, N'SUBMITTED', NULL, NULL)
INSERT [dbo].[n8_v3_student_grades] ([gpa_value], [is_active], [is_finalized], [is_locked], [is_retake], [is_total], [letter_grade], [score], [created_at], [deleted_at], [graded_at], [locked_at], [updated_at], [result], [created_by], [deleted_by], [grade_component_id], [graded_by], [id], [locked_by], [registration_id], [scale_id], [updated_by], [status], [history_note], [note]) VALUES (NULL, 1, NULL, 0, NULL, 0, NULL, CAST(6.10 AS Numeric(4, 2)), NULL, NULL, NULL, NULL, NULL, NULL, NULL, NULL, N'ce60ac99-0959-430e-b928-a6bf7c03a709', NULL, N'734be556-6668-44ba-8e19-14b54d728b2b', NULL, N'6da04fdc-f56e-4f94-a091-0e388f90ea51', NULL, NULL, N'SUBMITTED', NULL, NULL)
INSERT [dbo].[n8_v3_student_grades] ([gpa_value], [is_active], [is_finalized], [is_locked], [is_retake], [is_total], [letter_grade], [score], [created_at], [deleted_at], [graded_at], [locked_at], [updated_at], [result], [created_by], [deleted_by], [grade_component_id], [graded_by], [id], [locked_by], [registration_id], [scale_id], [updated_by], [status], [history_note], [note]) VALUES (NULL, 1, NULL, 0, NULL, 0, NULL, CAST(9.10 AS Numeric(4, 2)), NULL, NULL, NULL, NULL, NULL, NULL, NULL, NULL, N'6a994457-0e15-4b8c-ba22-0615734a3480', NULL, N'c2d6a71a-fe28-4138-b42f-191262c2fc4e', NULL, N'd963bf5f-7fa0-4acf-bbf2-0aa4a77dd617', NULL, NULL, N'SUBMITTED', NULL, NULL)
INSERT [dbo].[n8_v3_student_grades] ([gpa_value], [is_active], [is_finalized], [is_locked], [is_retake], [is_total], [letter_grade], [score], [created_at], [deleted_at], [graded_at], [locked_at], [updated_at], [result], [created_by], [deleted_by], [grade_component_id], [graded_by], [id], [locked_by], [registration_id], [scale_id], [updated_by], [status], [history_note], [note]) VALUES (CAST(3.00 AS Numeric(3, 2)), 1, NULL, NULL, NULL, 1, N'B', CAST(7.75 AS Numeric(4, 2)), CAST(N'2026-05-13T17:47:19.9778510' AS DateTime2), NULL, NULL, NULL, CAST(N'2026-05-13T17:47:19.9778510' AS DateTime2), N'PASSED', NULL, NULL, NULL, NULL, N'3a0dcde7-f975-4d6a-80ab-1c2638b9a875', NULL, N'efc1eae3-26c9-4979-8b5b-029f337211bb', N'726733fd-60ca-4000-b084-dee11be4d5d7', NULL, N'DRAFT', NULL, NULL)
INSERT [dbo].[n8_v3_student_grades] ([gpa_value], [is_active], [is_finalized], [is_locked], [is_retake], [is_total], [letter_grade], [score], [created_at], [deleted_at], [graded_at], [locked_at], [updated_at], [result], [created_by], [deleted_by], [grade_component_id], [graded_by], [id], [locked_by], [registration_id], [scale_id], [updated_by], [status], [history_note], [note]) VALUES (NULL, 1, NULL, 0, NULL, 0, NULL, CAST(9.80 AS Numeric(4, 2)), NULL, NULL, NULL, NULL, NULL, NULL, NULL, NULL, N'50057593-34a0-4404-83f2-726b12de3081', NULL, N'5d80a951-6342-4d04-9c3a-22935379f995', NULL, N'33f54e32-3f6f-4aff-976e-2e0c9d3f0641', NULL, NULL, N'SUBMITTED', NULL, NULL)
INSERT [dbo].[n8_v3_student_grades] ([gpa_value], [is_active], [is_finalized], [is_locked], [is_retake], [is_total], [letter_grade], [score], [created_at], [deleted_at], [graded_at], [locked_at], [updated_at], [result], [created_by], [deleted_by], [grade_component_id], [graded_by], [id], [locked_by], [registration_id], [scale_id], [updated_by], [status], [history_note], [note]) VALUES (NULL, 1, NULL, 0, NULL, 0, NULL, CAST(6.60 AS Numeric(4, 2)), NULL, NULL, NULL, NULL, NULL, NULL, NULL, NULL, N'97d488c2-032d-4a02-ad97-46b53591aa51', NULL, N'bdb52ae4-8516-487d-8b6e-2415e7eb82ae', NULL, N'33f54e32-3f6f-4aff-976e-2e0c9d3f0641', NULL, NULL, N'SUBMITTED', NULL, NULL)
INSERT [dbo].[n8_v3_student_grades] ([gpa_value], [is_active], [is_finalized], [is_locked], [is_retake], [is_total], [letter_grade], [score], [created_at], [deleted_at], [graded_at], [locked_at], [updated_at], [result], [created_by], [deleted_by], [grade_component_id], [graded_by], [id], [locked_by], [registration_id], [scale_id], [updated_by], [status], [history_note], [note]) VALUES (NULL, 1, NULL, 0, NULL, 0, NULL, CAST(6.30 AS Numeric(4, 2)), NULL, NULL, NULL, NULL, NULL, NULL, NULL, NULL, N'c1b0d14a-cd63-4987-8572-b874c31d5a40', NULL, N'7de43f1a-9619-49a9-95cd-26b35da99b01', NULL, N'3ef0144e-04ec-45d9-8789-24efe2df35b5', NULL, NULL, N'SUBMITTED', NULL, NULL)
INSERT [dbo].[n8_v3_student_grades] ([gpa_value], [is_active], [is_finalized], [is_locked], [is_retake], [is_total], [letter_grade], [score], [created_at], [deleted_at], [graded_at], [locked_at], [updated_at], [result], [created_by], [deleted_by], [grade_component_id], [graded_by], [id], [locked_by], [registration_id], [scale_id], [updated_by], [status], [history_note], [note]) VALUES (NULL, 1, NULL, 0, NULL, 0, NULL, CAST(7.70 AS Numeric(4, 2)), NULL, NULL, NULL, NULL, NULL, NULL, NULL, NULL, N'97d488c2-032d-4a02-ad97-46b53591aa51', NULL, N'0a5aecad-7583-43ad-a0df-27bbffe0bc77', NULL, N'82ba0244-6414-4678-bb88-331231e080e3', NULL, NULL, N'SUBMITTED', NULL, NULL)
INSERT [dbo].[n8_v3_student_grades] ([gpa_value], [is_active], [is_finalized], [is_locked], [is_retake], [is_total], [letter_grade], [score], [created_at], [deleted_at], [graded_at], [locked_at], [updated_at], [result], [created_by], [deleted_by], [grade_component_id], [graded_by], [id], [locked_by], [registration_id], [scale_id], [updated_by], [status], [history_note], [note]) VALUES (NULL, 1, NULL, 0, NULL, 0, NULL, CAST(5.20 AS Numeric(4, 2)), NULL, NULL, NULL, NULL, NULL, NULL, NULL, NULL, N'9cf3fd10-7f76-4595-b3e9-d961054b39f5', NULL, N'8bb85c15-320b-4c8f-b865-2d0612ce21fe', NULL, N'19f7cdb7-893a-4037-847b-06f17731e1d6', NULL, NULL, N'SUBMITTED', NULL, NULL)
INSERT [dbo].[n8_v3_student_grades] ([gpa_value], [is_active], [is_finalized], [is_locked], [is_retake], [is_total], [letter_grade], [score], [created_at], [deleted_at], [graded_at], [locked_at], [updated_at], [result], [created_by], [deleted_by], [grade_component_id], [graded_by], [id], [locked_by], [registration_id], [scale_id], [updated_by], [status], [history_note], [note]) VALUES (NULL, 1, NULL, 0, NULL, 0, NULL, CAST(10.00 AS Numeric(4, 2)), CAST(N'2026-05-13T17:47:19.8593770' AS DateTime2), NULL, CAST(N'2026-05-13T17:47:19.8427820' AS DateTime2), NULL, CAST(N'2026-05-13T17:47:19.8593770' AS DateTime2), NULL, NULL, NULL, N'cd5e0128-6307-4d79-8512-26a49b9b86db', N'482e504d-6d59-41cc-8c78-056055d8e7e0', N'd3de2c38-41c1-4d48-847a-3000017b77fc', NULL, N'efc1eae3-26c9-4979-8b5b-029f337211bb', NULL, NULL, N'SUBMITTED', NULL, NULL)
INSERT [dbo].[n8_v3_student_grades] ([gpa_value], [is_active], [is_finalized], [is_locked], [is_retake], [is_total], [letter_grade], [score], [created_at], [deleted_at], [graded_at], [locked_at], [updated_at], [result], [created_by], [deleted_by], [grade_component_id], [graded_by], [id], [locked_by], [registration_id], [scale_id], [updated_by], [status], [history_note], [note]) VALUES (NULL, 1, NULL, 0, NULL, 0, NULL, CAST(6.50 AS Numeric(4, 2)), NULL, NULL, NULL, NULL, NULL, NULL, NULL, NULL, N'df4c8fdd-0286-4659-9fc3-851bde474f1c', NULL, N'828f58a9-dd37-4330-880b-30764c45209c', NULL, N'8e3e3ba9-6461-48b9-9a1f-206055521f89', NULL, NULL, N'SUBMITTED', NULL, NULL)
INSERT [dbo].[n8_v3_student_grades] ([gpa_value], [is_active], [is_finalized], [is_locked], [is_retake], [is_total], [letter_grade], [score], [created_at], [deleted_at], [graded_at], [locked_at], [updated_at], [result], [created_by], [deleted_by], [grade_component_id], [graded_by], [id], [locked_by], [registration_id], [scale_id], [updated_by], [status], [history_note], [note]) VALUES (NULL, 1, NULL, 0, NULL, 0, NULL, CAST(9.60 AS Numeric(4, 2)), NULL, NULL, NULL, NULL, NULL, NULL, NULL, NULL, N'331e791c-7912-4d53-9765-bdae603f33ce', NULL, N'bcd8475d-e8c5-4b50-9f09-3b272d27b117', NULL, N'19c47bd4-ba9f-45ef-99f5-1fb1553238a2', NULL, NULL, N'SUBMITTED', NULL, NULL)
INSERT [dbo].[n8_v3_student_grades] ([gpa_value], [is_active], [is_finalized], [is_locked], [is_retake], [is_total], [letter_grade], [score], [created_at], [deleted_at], [graded_at], [locked_at], [updated_at], [result], [created_by], [deleted_by], [grade_component_id], [graded_by], [id], [locked_by], [registration_id], [scale_id], [updated_by], [status], [history_note], [note]) VALUES (NULL, 1, NULL, 0, NULL, 0, NULL, CAST(8.30 AS Numeric(4, 2)), NULL, NULL, NULL, NULL, NULL, NULL, NULL, NULL, N'50057593-34a0-4404-83f2-726b12de3081', NULL, N'eaf133bc-fd5f-4ff9-ada6-3c74236a1764', NULL, N'82ba0244-6414-4678-bb88-331231e080e3', NULL, NULL, N'SUBMITTED', NULL, NULL)
INSERT [dbo].[n8_v3_student_grades] ([gpa_value], [is_active], [is_finalized], [is_locked], [is_retake], [is_total], [letter_grade], [score], [created_at], [deleted_at], [graded_at], [locked_at], [updated_at], [result], [created_by], [deleted_by], [grade_component_id], [graded_by], [id], [locked_by], [registration_id], [scale_id], [updated_by], [status], [history_note], [note]) VALUES (NULL, 1, NULL, 0, NULL, 0, NULL, CAST(9.80 AS Numeric(4, 2)), NULL, NULL, NULL, NULL, NULL, NULL, NULL, NULL, N'30a53aaa-97e6-4524-9d0b-4871df434789', NULL, N'c779720b-62e3-4474-95c9-3da4d70e1656', NULL, N'8b2dfe90-4016-4257-851f-0dad88f9e064', NULL, NULL, N'SUBMITTED', NULL, NULL)
INSERT [dbo].[n8_v3_student_grades] ([gpa_value], [is_active], [is_finalized], [is_locked], [is_retake], [is_total], [letter_grade], [score], [created_at], [deleted_at], [graded_at], [locked_at], [updated_at], [result], [created_by], [deleted_by], [grade_component_id], [graded_by], [id], [locked_by], [registration_id], [scale_id], [updated_by], [status], [history_note], [note]) VALUES (CAST(2.00 AS Numeric(3, 2)), 1, NULL, NULL, NULL, 1, N'C', CAST(6.24 AS Numeric(4, 2)), CAST(N'2026-05-13T00:43:40.4319970' AS DateTime2), NULL, NULL, NULL, CAST(N'2026-05-13T00:43:40.4319970' AS DateTime2), N'PASSED', NULL, NULL, NULL, NULL, N'f835a8d7-398f-4104-b146-41cf40bc1a58', NULL, N'77659577-a9aa-40d7-ba9a-2202bfcba782', N'e328041b-30f9-41b7-adc4-b1bac1e34ecc', NULL, N'DRAFT', NULL, NULL)
INSERT [dbo].[n8_v3_student_grades] ([gpa_value], [is_active], [is_finalized], [is_locked], [is_retake], [is_total], [letter_grade], [score], [created_at], [deleted_at], [graded_at], [locked_at], [updated_at], [result], [created_by], [deleted_by], [grade_component_id], [graded_by], [id], [locked_by], [registration_id], [scale_id], [updated_by], [status], [history_note], [note]) VALUES (NULL, 1, NULL, 0, NULL, 0, NULL, CAST(5.00 AS Numeric(4, 2)), CAST(N'2026-05-13T17:51:37.5301650' AS DateTime2), NULL, CAST(N'2026-05-13T17:51:37.5286520' AS DateTime2), NULL, CAST(N'2026-05-13T17:51:37.5301650' AS DateTime2), NULL, NULL, NULL, N'9fe80baa-50e0-47a1-abdb-3a8bb1500f9a', N'2a63a401-8e7b-4533-96d5-7fe587d01b53', N'2374e5c3-7fdf-4067-88be-46662eadb812', NULL, N'12a5d32f-d4ca-4332-a0ab-595773a1e5c6', NULL, NULL, N'SUBMITTED', NULL, NULL)
INSERT [dbo].[n8_v3_student_grades] ([gpa_value], [is_active], [is_finalized], [is_locked], [is_retake], [is_total], [letter_grade], [score], [created_at], [deleted_at], [graded_at], [locked_at], [updated_at], [result], [created_by], [deleted_by], [grade_component_id], [graded_by], [id], [locked_by], [registration_id], [scale_id], [updated_by], [status], [history_note], [note]) VALUES (NULL, 1, NULL, 0, NULL, 0, NULL, CAST(8.20 AS Numeric(4, 2)), NULL, NULL, NULL, NULL, NULL, NULL, NULL, NULL, N'9cf3fd10-7f76-4595-b3e9-d961054b39f5', NULL, N'5ef19922-fb62-46f0-9334-4667187e6c31', NULL, N'8b2dfe90-4016-4257-851f-0dad88f9e064', NULL, NULL, N'SUBMITTED', NULL, NULL)
INSERT [dbo].[n8_v3_student_grades] ([gpa_value], [is_active], [is_finalized], [is_locked], [is_retake], [is_total], [letter_grade], [score], [created_at], [deleted_at], [graded_at], [locked_at], [updated_at], [result], [created_by], [deleted_by], [grade_component_id], [graded_by], [id], [locked_by], [registration_id], [scale_id], [updated_by], [status], [history_note], [note]) VALUES (NULL, 1, NULL, 0, NULL, 0, NULL, CAST(9.20 AS Numeric(4, 2)), NULL, NULL, NULL, NULL, NULL, NULL, NULL, NULL, N'a70f2643-7f9c-4e13-8e3d-f5759343d920', NULL, N'27bde878-17fa-4c93-910a-4c57d1e8c79c', NULL, N'19c47bd4-ba9f-45ef-99f5-1fb1553238a2', NULL, NULL, N'SUBMITTED', NULL, NULL)
INSERT [dbo].[n8_v3_student_grades] ([gpa_value], [is_active], [is_finalized], [is_locked], [is_retake], [is_total], [letter_grade], [score], [created_at], [deleted_at], [graded_at], [locked_at], [updated_at], [result], [created_by], [deleted_by], [grade_component_id], [graded_by], [id], [locked_by], [registration_id], [scale_id], [updated_by], [status], [history_note], [note]) VALUES (NULL, 1, NULL, 0, NULL, 0, NULL, CAST(7.70 AS Numeric(4, 2)), NULL, NULL, NULL, NULL, NULL, NULL, NULL, NULL, N'331e791c-7912-4d53-9765-bdae603f33ce', NULL, N'eefa3d1f-72b5-46f6-a83e-4f71f1628812', NULL, N'8e3e3ba9-6461-48b9-9a1f-206055521f89', NULL, NULL, N'SUBMITTED', NULL, NULL)
INSERT [dbo].[n8_v3_student_grades] ([gpa_value], [is_active], [is_finalized], [is_locked], [is_retake], [is_total], [letter_grade], [score], [created_at], [deleted_at], [graded_at], [locked_at], [updated_at], [result], [created_by], [deleted_by], [grade_component_id], [graded_by], [id], [locked_by], [registration_id], [scale_id], [updated_by], [status], [history_note], [note]) VALUES (NULL, 1, NULL, 0, NULL, 0, NULL, CAST(8.00 AS Numeric(4, 2)), NULL, NULL, NULL, NULL, NULL, NULL, NULL, NULL, N'6a994457-0e15-4b8c-ba22-0615734a3480', NULL, N'655f5239-d911-4a8d-b77e-4f9ea4f2ef52', NULL, N'12a5d32f-d4ca-4332-a0ab-595773a1e5c6', NULL, NULL, N'SUBMITTED', NULL, NULL)
INSERT [dbo].[n8_v3_student_grades] ([gpa_value], [is_active], [is_finalized], [is_locked], [is_retake], [is_total], [letter_grade], [score], [created_at], [deleted_at], [graded_at], [locked_at], [updated_at], [result], [created_by], [deleted_by], [grade_component_id], [graded_by], [id], [locked_by], [registration_id], [scale_id], [updated_by], [status], [history_note], [note]) VALUES (NULL, 1, NULL, 0, NULL, 0, NULL, CAST(5.00 AS Numeric(4, 2)), CAST(N'2026-05-13T17:25:40.0724150' AS DateTime2), NULL, CAST(N'2026-05-13T17:25:40.0708860' AS DateTime2), NULL, CAST(N'2026-05-13T17:25:40.0724150' AS DateTime2), NULL, NULL, NULL, N'f1ff868b-2c4e-409c-b110-ae1692682c22', N'482e504d-6d59-41cc-8c78-056055d8e7e0', N'1d6af869-b801-4075-bc83-53e9e6997998', NULL, N'de5cfe47-a0db-4dc0-83ad-01ceb51edd36', NULL, NULL, N'SUBMITTED', NULL, NULL)
INSERT [dbo].[n8_v3_student_grades] ([gpa_value], [is_active], [is_finalized], [is_locked], [is_retake], [is_total], [letter_grade], [score], [created_at], [deleted_at], [graded_at], [locked_at], [updated_at], [result], [created_by], [deleted_by], [grade_component_id], [graded_by], [id], [locked_by], [registration_id], [scale_id], [updated_by], [status], [history_note], [note]) VALUES (NULL, 1, NULL, 0, NULL, 0, NULL, CAST(5.00 AS Numeric(4, 2)), NULL, NULL, NULL, NULL, NULL, NULL, NULL, NULL, N'97d488c2-032d-4a02-ad97-46b53591aa51', NULL, N'6276429a-c5c5-4a7a-9f2d-574c0bedf357', NULL, N'3ef0144e-04ec-45d9-8789-24efe2df35b5', NULL, NULL, N'SUBMITTED', NULL, NULL)
INSERT [dbo].[n8_v3_student_grades] ([gpa_value], [is_active], [is_finalized], [is_locked], [is_retake], [is_total], [letter_grade], [score], [created_at], [deleted_at], [graded_at], [locked_at], [updated_at], [result], [created_by], [deleted_by], [grade_component_id], [graded_by], [id], [locked_by], [registration_id], [scale_id], [updated_by], [status], [history_note], [note]) VALUES (CAST(3.00 AS Numeric(3, 2)), 1, NULL, NULL, NULL, 1, N'B', CAST(7.28 AS Numeric(4, 2)), CAST(N'2026-05-13T17:47:19.9643040' AS DateTime2), NULL, NULL, NULL, CAST(N'2026-05-13T17:47:19.9643040' AS DateTime2), N'PASSED', NULL, NULL, NULL, NULL, N'7b421e8f-b04b-4da4-ac9e-57bab93d496c', NULL, N'2dcbde82-fa00-486b-82e0-3b1bbafd8449', N'726733fd-60ca-4000-b084-dee11be4d5d7', NULL, N'DRAFT', NULL, NULL)
INSERT [dbo].[n8_v3_student_grades] ([gpa_value], [is_active], [is_finalized], [is_locked], [is_retake], [is_total], [letter_grade], [score], [created_at], [deleted_at], [graded_at], [locked_at], [updated_at], [result], [created_by], [deleted_by], [grade_component_id], [graded_by], [id], [locked_by], [registration_id], [scale_id], [updated_by], [status], [history_note], [note]) VALUES (NULL, 1, NULL, 0, NULL, 0, NULL, CAST(5.20 AS Numeric(4, 2)), NULL, NULL, NULL, NULL, NULL, NULL, NULL, NULL, N'6a994457-0e15-4b8c-ba22-0615734a3480', NULL, N'0d36d1f0-d859-4938-a026-5bbe650c8e44', NULL, N'ccff4d25-f080-4a12-ab4b-1ba71e84b0b8', NULL, NULL, N'SUBMITTED', NULL, NULL)
INSERT [dbo].[n8_v3_student_grades] ([gpa_value], [is_active], [is_finalized], [is_locked], [is_retake], [is_total], [letter_grade], [score], [created_at], [deleted_at], [graded_at], [locked_at], [updated_at], [result], [created_by], [deleted_by], [grade_component_id], [graded_by], [id], [locked_by], [registration_id], [scale_id], [updated_by], [status], [history_note], [note]) VALUES (NULL, 1, NULL, 0, NULL, 0, NULL, CAST(0.00 AS Numeric(4, 2)), NULL, NULL, CAST(N'2026-05-13T00:43:40.3871620' AS DateTime2), NULL, CAST(N'2026-05-13T00:43:40.3948860' AS DateTime2), NULL, NULL, NULL, N'a70f2643-7f9c-4e13-8e3d-f5759343d920', N'482e504d-6d59-41cc-8c78-056055d8e7e0', N'edeb829e-babb-45f0-98ee-5be79b5c0c80', NULL, N'77659577-a9aa-40d7-ba9a-2202bfcba782', NULL, NULL, N'SUBMITTED', NULL, NULL)
INSERT [dbo].[n8_v3_student_grades] ([gpa_value], [is_active], [is_finalized], [is_locked], [is_retake], [is_total], [letter_grade], [score], [created_at], [deleted_at], [graded_at], [locked_at], [updated_at], [result], [created_by], [deleted_by], [grade_component_id], [graded_by], [id], [locked_by], [registration_id], [scale_id], [updated_by], [status], [history_note], [note]) VALUES (NULL, 1, NULL, 0, NULL, 0, NULL, CAST(8.90 AS Numeric(4, 2)), NULL, NULL, NULL, NULL, NULL, NULL, NULL, NULL, N'a70f2643-7f9c-4e13-8e3d-f5759343d920', NULL, N'fd450019-528a-4c0f-bfea-617be3a23322', NULL, N'8e3e3ba9-6461-48b9-9a1f-206055521f89', NULL, NULL, N'SUBMITTED', NULL, NULL)
INSERT [dbo].[n8_v3_student_grades] ([gpa_value], [is_active], [is_finalized], [is_locked], [is_retake], [is_total], [letter_grade], [score], [created_at], [deleted_at], [graded_at], [locked_at], [updated_at], [result], [created_by], [deleted_by], [grade_component_id], [graded_by], [id], [locked_by], [registration_id], [scale_id], [updated_by], [status], [history_note], [note]) VALUES (NULL, 1, NULL, 0, NULL, 0, NULL, CAST(5.50 AS Numeric(4, 2)), NULL, NULL, NULL, NULL, NULL, NULL, NULL, NULL, N'c1b0d14a-cd63-4987-8572-b874c31d5a40', NULL, N'c5fbd039-ada0-47d0-b656-6649d77f9238', NULL, N'33f54e32-3f6f-4aff-976e-2e0c9d3f0641', NULL, NULL, N'SUBMITTED', NULL, NULL)
INSERT [dbo].[n8_v3_student_grades] ([gpa_value], [is_active], [is_finalized], [is_locked], [is_retake], [is_total], [letter_grade], [score], [created_at], [deleted_at], [graded_at], [locked_at], [updated_at], [result], [created_by], [deleted_by], [grade_component_id], [graded_by], [id], [locked_by], [registration_id], [scale_id], [updated_by], [status], [history_note], [note]) VALUES (NULL, 1, NULL, 0, NULL, 0, NULL, CAST(8.20 AS Numeric(4, 2)), NULL, NULL, NULL, NULL, NULL, NULL, NULL, NULL, N'30a53aaa-97e6-4524-9d0b-4871df434789', NULL, N'15b0238f-21c8-4dff-8739-6c3e49189013', NULL, N'19f7cdb7-893a-4037-847b-06f17731e1d6', NULL, NULL, N'SUBMITTED', NULL, NULL)
INSERT [dbo].[n8_v3_student_grades] ([gpa_value], [is_active], [is_finalized], [is_locked], [is_retake], [is_total], [letter_grade], [score], [created_at], [deleted_at], [graded_at], [locked_at], [updated_at], [result], [created_by], [deleted_by], [grade_component_id], [graded_by], [id], [locked_by], [registration_id], [scale_id], [updated_by], [status], [history_note], [note]) VALUES (NULL, 1, NULL, 0, NULL, 0, NULL, CAST(6.50 AS Numeric(4, 2)), NULL, NULL, NULL, NULL, NULL, NULL, NULL, NULL, N'ce60ac99-0959-430e-b928-a6bf7c03a709', NULL, N'39dde986-76e5-4e86-9cc2-71bb66da963d', NULL, N'380706d9-9538-4232-aa4a-16505eea1aaf', NULL, NULL, N'SUBMITTED', NULL, NULL)
INSERT [dbo].[n8_v3_student_grades] ([gpa_value], [is_active], [is_finalized], [is_locked], [is_retake], [is_total], [letter_grade], [score], [created_at], [deleted_at], [graded_at], [locked_at], [updated_at], [result], [created_by], [deleted_by], [grade_component_id], [graded_by], [id], [locked_by], [registration_id], [scale_id], [updated_by], [status], [history_note], [note]) VALUES (NULL, 1, NULL, 0, NULL, 0, NULL, CAST(8.00 AS Numeric(4, 2)), NULL, NULL, CAST(N'2026-05-13T17:13:20.2890160' AS DateTime2), NULL, CAST(N'2026-05-13T17:13:20.3120630' AS DateTime2), NULL, NULL, NULL, N'a70f2643-7f9c-4e13-8e3d-f5759343d920', N'482e504d-6d59-41cc-8c78-056055d8e7e0', N'cfcfb30c-6d24-4468-b9cc-74253bfc25ed', NULL, N'de5cfe47-a0db-4dc0-83ad-01ceb51edd36', NULL, NULL, N'SUBMITTED', NULL, NULL)
INSERT [dbo].[n8_v3_student_grades] ([gpa_value], [is_active], [is_finalized], [is_locked], [is_retake], [is_total], [letter_grade], [score], [created_at], [deleted_at], [graded_at], [locked_at], [updated_at], [result], [created_by], [deleted_by], [grade_component_id], [graded_by], [id], [locked_by], [registration_id], [scale_id], [updated_by], [status], [history_note], [note]) VALUES (NULL, 1, NULL, 0, NULL, 0, NULL, CAST(6.50 AS Numeric(4, 2)), NULL, NULL, NULL, NULL, NULL, NULL, NULL, NULL, N'93771759-2ce0-4cba-a51c-26703d98a605', NULL, N'18ec7820-c6fc-41d1-ac57-796a7a0e0a03', NULL, N'5ce33123-77b5-4e3c-8246-28bfba8df46b', NULL, NULL, N'SUBMITTED', NULL, NULL)
INSERT [dbo].[n8_v3_student_grades] ([gpa_value], [is_active], [is_finalized], [is_locked], [is_retake], [is_total], [letter_grade], [score], [created_at], [deleted_at], [graded_at], [locked_at], [updated_at], [result], [created_by], [deleted_by], [grade_component_id], [graded_by], [id], [locked_by], [registration_id], [scale_id], [updated_by], [status], [history_note], [note]) VALUES (NULL, 1, NULL, 0, NULL, 0, NULL, CAST(5.00 AS Numeric(4, 2)), CAST(N'2026-05-13T17:51:37.5057360' AS DateTime2), NULL, CAST(N'2026-05-13T17:51:37.4847080' AS DateTime2), NULL, CAST(N'2026-05-13T17:51:37.5057360' AS DateTime2), NULL, NULL, NULL, N'1d9a355b-f51f-46f4-ae2d-3184e915b470', N'2a63a401-8e7b-4533-96d5-7fe587d01b53', N'0cbb286b-7673-493e-94db-7cd445c2c5a4', NULL, N'12a5d32f-d4ca-4332-a0ab-595773a1e5c6', NULL, NULL, N'SUBMITTED', NULL, NULL)
INSERT [dbo].[n8_v3_student_grades] ([gpa_value], [is_active], [is_finalized], [is_locked], [is_retake], [is_total], [letter_grade], [score], [created_at], [deleted_at], [graded_at], [locked_at], [updated_at], [result], [created_by], [deleted_by], [grade_component_id], [graded_by], [id], [locked_by], [registration_id], [scale_id], [updated_by], [status], [history_note], [note]) VALUES (NULL, 1, NULL, 0, NULL, 0, NULL, CAST(8.50 AS Numeric(4, 2)), NULL, NULL, NULL, NULL, NULL, NULL, NULL, NULL, N'9cf3fd10-7f76-4595-b3e9-d961054b39f5', NULL, N'70d7b945-1513-4ea9-8ed2-7fb6c868e282', NULL, N'6da04fdc-f56e-4f94-a091-0e388f90ea51', NULL, NULL, N'SUBMITTED', NULL, NULL)
INSERT [dbo].[n8_v3_student_grades] ([gpa_value], [is_active], [is_finalized], [is_locked], [is_retake], [is_total], [letter_grade], [score], [created_at], [deleted_at], [graded_at], [locked_at], [updated_at], [result], [created_by], [deleted_by], [grade_component_id], [graded_by], [id], [locked_by], [registration_id], [scale_id], [updated_by], [status], [history_note], [note]) VALUES (NULL, 1, NULL, 0, NULL, 0, NULL, CAST(6.80 AS Numeric(4, 2)), NULL, NULL, NULL, NULL, NULL, NULL, NULL, NULL, N'ce60ac99-0959-430e-b928-a6bf7c03a709', NULL, N'c3c74d06-c0ad-4edd-a0ba-81cbd5b02d4a', NULL, N'8b2dfe90-4016-4257-851f-0dad88f9e064', NULL, NULL, N'SUBMITTED', NULL, NULL)
INSERT [dbo].[n8_v3_student_grades] ([gpa_value], [is_active], [is_finalized], [is_locked], [is_retake], [is_total], [letter_grade], [score], [created_at], [deleted_at], [graded_at], [locked_at], [updated_at], [result], [created_by], [deleted_by], [grade_component_id], [graded_by], [id], [locked_by], [registration_id], [scale_id], [updated_by], [status], [history_note], [note]) VALUES (NULL, 1, NULL, 0, NULL, 0, NULL, CAST(5.00 AS Numeric(4, 2)), NULL, NULL, NULL, NULL, NULL, NULL, NULL, NULL, N'50057593-34a0-4404-83f2-726b12de3081', NULL, N'0810c198-77c6-44f7-9f99-8454d131f5d8', NULL, N'3ef0144e-04ec-45d9-8789-24efe2df35b5', NULL, NULL, N'SUBMITTED', NULL, NULL)
INSERT [dbo].[n8_v3_student_grades] ([gpa_value], [is_active], [is_finalized], [is_locked], [is_retake], [is_total], [letter_grade], [score], [created_at], [deleted_at], [graded_at], [locked_at], [updated_at], [result], [created_by], [deleted_by], [grade_component_id], [graded_by], [id], [locked_by], [registration_id], [scale_id], [updated_by], [status], [history_note], [note]) VALUES (NULL, 1, NULL, 0, NULL, 0, NULL, CAST(10.00 AS Numeric(4, 2)), CAST(N'2026-05-13T17:47:19.8789320' AS DateTime2), NULL, CAST(N'2026-05-13T17:47:19.8758530' AS DateTime2), NULL, CAST(N'2026-05-13T17:47:19.8789320' AS DateTime2), NULL, NULL, NULL, N'cd5e0128-6307-4d79-8512-26a49b9b86db', N'482e504d-6d59-41cc-8c78-056055d8e7e0', N'f2577438-8342-45d2-a3d7-84ac39089700', NULL, N'5ce33123-77b5-4e3c-8246-28bfba8df46b', NULL, NULL, N'SUBMITTED', NULL, NULL)
INSERT [dbo].[n8_v3_student_grades] ([gpa_value], [is_active], [is_finalized], [is_locked], [is_retake], [is_total], [letter_grade], [score], [created_at], [deleted_at], [graded_at], [locked_at], [updated_at], [result], [created_by], [deleted_by], [grade_component_id], [graded_by], [id], [locked_by], [registration_id], [scale_id], [updated_by], [status], [history_note], [note]) VALUES (NULL, 1, NULL, 0, NULL, 0, NULL, CAST(5.00 AS Numeric(4, 2)), NULL, NULL, NULL, NULL, NULL, NULL, NULL, NULL, N'ce60ac99-0959-430e-b928-a6bf7c03a709', NULL, N'74885db6-389e-44f3-8d2a-8a434f27eb74', NULL, N'19f7cdb7-893a-4037-847b-06f17731e1d6', NULL, NULL, N'SUBMITTED', NULL, NULL)
INSERT [dbo].[n8_v3_student_grades] ([gpa_value], [is_active], [is_finalized], [is_locked], [is_retake], [is_total], [letter_grade], [score], [created_at], [deleted_at], [graded_at], [locked_at], [updated_at], [result], [created_by], [deleted_by], [grade_component_id], [graded_by], [id], [locked_by], [registration_id], [scale_id], [updated_by], [status], [history_note], [note]) VALUES (NULL, 1, NULL, 0, NULL, 0, NULL, CAST(5.00 AS Numeric(4, 2)), CAST(N'2026-05-13T17:25:40.0810820' AS DateTime2), NULL, CAST(N'2026-05-13T17:25:40.0779870' AS DateTime2), NULL, CAST(N'2026-05-13T17:25:40.0810820' AS DateTime2), NULL, NULL, NULL, N'e32c2989-ac20-4c63-b261-dee7cf2b7732', N'482e504d-6d59-41cc-8c78-056055d8e7e0', N'aa65c8e6-af6a-4e93-803a-8d1fd491fa77', NULL, N'de5cfe47-a0db-4dc0-83ad-01ceb51edd36', NULL, NULL, N'SUBMITTED', NULL, NULL)
INSERT [dbo].[n8_v3_student_grades] ([gpa_value], [is_active], [is_finalized], [is_locked], [is_retake], [is_total], [letter_grade], [score], [created_at], [deleted_at], [graded_at], [locked_at], [updated_at], [result], [created_by], [deleted_by], [grade_component_id], [graded_by], [id], [locked_by], [registration_id], [scale_id], [updated_by], [status], [history_note], [note]) VALUES (NULL, 1, NULL, 0, NULL, 0, NULL, CAST(5.00 AS Numeric(4, 2)), CAST(N'2026-05-13T17:51:37.5445450' AS DateTime2), NULL, CAST(N'2026-05-13T17:51:37.5421750' AS DateTime2), NULL, CAST(N'2026-05-13T17:51:37.5445450' AS DateTime2), NULL, NULL, NULL, N'7b0ea766-a8df-4e81-ae44-bf79bc32e794', N'2a63a401-8e7b-4533-96d5-7fe587d01b53', N'5314169e-c665-427e-89a9-8f28a3bd2ac8', NULL, N'12a5d32f-d4ca-4332-a0ab-595773a1e5c6', NULL, NULL, N'SUBMITTED', NULL, NULL)
INSERT [dbo].[n8_v3_student_grades] ([gpa_value], [is_active], [is_finalized], [is_locked], [is_retake], [is_total], [letter_grade], [score], [created_at], [deleted_at], [graded_at], [locked_at], [updated_at], [result], [created_by], [deleted_by], [grade_component_id], [graded_by], [id], [locked_by], [registration_id], [scale_id], [updated_by], [status], [history_note], [note]) VALUES (NULL, 1, NULL, 0, NULL, 0, NULL, CAST(8.70 AS Numeric(4, 2)), NULL, NULL, NULL, NULL, NULL, NULL, NULL, NULL, N'25b774b4-b1d2-43d5-a026-2fee28be43bd', NULL, N'42089ac0-7720-460c-9a4e-901c4624eb9c', NULL, N'5ce33123-77b5-4e3c-8246-28bfba8df46b', NULL, NULL, N'SUBMITTED', NULL, NULL)
INSERT [dbo].[n8_v3_student_grades] ([gpa_value], [is_active], [is_finalized], [is_locked], [is_retake], [is_total], [letter_grade], [score], [created_at], [deleted_at], [graded_at], [locked_at], [updated_at], [result], [created_by], [deleted_by], [grade_component_id], [graded_by], [id], [locked_by], [registration_id], [scale_id], [updated_by], [status], [history_note], [note]) VALUES (NULL, 1, NULL, 0, NULL, 0, NULL, CAST(6.30 AS Numeric(4, 2)), NULL, NULL, NULL, NULL, NULL, NULL, NULL, NULL, N'93771759-2ce0-4cba-a51c-26703d98a605', NULL, N'ef3731c7-c360-42c7-9f69-92bc6e4bdcac', NULL, N'eb75c4a2-97bc-438e-88c9-13a1bef75a8a', NULL, NULL, N'SUBMITTED', NULL, NULL)
INSERT [dbo].[n8_v3_student_grades] ([gpa_value], [is_active], [is_finalized], [is_locked], [is_retake], [is_total], [letter_grade], [score], [created_at], [deleted_at], [graded_at], [locked_at], [updated_at], [result], [created_by], [deleted_by], [grade_component_id], [graded_by], [id], [locked_by], [registration_id], [scale_id], [updated_by], [status], [history_note], [note]) VALUES (NULL, 1, NULL, 0, NULL, 0, NULL, CAST(7.70 AS Numeric(4, 2)), NULL, NULL, NULL, NULL, NULL, NULL, NULL, NULL, N'6a994457-0e15-4b8c-ba22-0615734a3480', NULL, N'18005d8f-d392-4155-84af-9304c11a5605', NULL, N'a642ef63-3499-4c9c-9a48-1dbd356a8eef', NULL, NULL, N'SUBMITTED', NULL, NULL)
INSERT [dbo].[n8_v3_student_grades] ([gpa_value], [is_active], [is_finalized], [is_locked], [is_retake], [is_total], [letter_grade], [score], [created_at], [deleted_at], [graded_at], [locked_at], [updated_at], [result], [created_by], [deleted_by], [grade_component_id], [graded_by], [id], [locked_by], [registration_id], [scale_id], [updated_by], [status], [history_note], [note]) VALUES (NULL, 1, NULL, 0, NULL, 0, NULL, CAST(7.00 AS Numeric(4, 2)), NULL, NULL, CAST(N'2026-05-13T00:20:26.3240380' AS DateTime2), NULL, CAST(N'2026-05-13T00:20:26.3315720' AS DateTime2), NULL, NULL, NULL, N'c1b0d14a-cd63-4987-8572-b874c31d5a40', N'482e504d-6d59-41cc-8c78-056055d8e7e0', N'bc5dbc19-2f50-4451-a9f4-93f4f2ccba62', NULL, N'5ffeb8e9-3989-4f8f-bb1a-12d636cacfbd', NULL, NULL, N'SUBMITTED', NULL, NULL)
INSERT [dbo].[n8_v3_student_grades] ([gpa_value], [is_active], [is_finalized], [is_locked], [is_retake], [is_total], [letter_grade], [score], [created_at], [deleted_at], [graded_at], [locked_at], [updated_at], [result], [created_by], [deleted_by], [grade_component_id], [graded_by], [id], [locked_by], [registration_id], [scale_id], [updated_by], [status], [history_note], [note]) VALUES (NULL, 1, NULL, 0, NULL, 0, NULL, CAST(6.90 AS Numeric(4, 2)), NULL, NULL, NULL, NULL, NULL, NULL, NULL, NULL, N'19125981-8150-4d02-963c-ea38c09e5db7', NULL, N'1d58e71d-dc7b-40b5-90e1-974eef0e9259', NULL, N'efc1eae3-26c9-4979-8b5b-029f337211bb', NULL, NULL, N'SUBMITTED', NULL, NULL)
INSERT [dbo].[n8_v3_student_grades] ([gpa_value], [is_active], [is_finalized], [is_locked], [is_retake], [is_total], [letter_grade], [score], [created_at], [deleted_at], [graded_at], [locked_at], [updated_at], [result], [created_by], [deleted_by], [grade_component_id], [graded_by], [id], [locked_by], [registration_id], [scale_id], [updated_by], [status], [history_note], [note]) VALUES (NULL, 1, NULL, 0, NULL, 0, NULL, CAST(7.00 AS Numeric(4, 2)), NULL, NULL, NULL, NULL, NULL, NULL, NULL, NULL, N'25b774b4-b1d2-43d5-a026-2fee28be43bd', NULL, N'bc096044-ef96-4b5f-9e9e-9a7820e02dd3', NULL, N'2dcbde82-fa00-486b-82e0-3b1bbafd8449', NULL, NULL, N'SUBMITTED', NULL, NULL)
INSERT [dbo].[n8_v3_student_grades] ([gpa_value], [is_active], [is_finalized], [is_locked], [is_retake], [is_total], [letter_grade], [score], [created_at], [deleted_at], [graded_at], [locked_at], [updated_at], [result], [created_by], [deleted_by], [grade_component_id], [graded_by], [id], [locked_by], [registration_id], [scale_id], [updated_by], [status], [history_note], [note]) VALUES (NULL, 1, NULL, 0, NULL, 0, NULL, CAST(7.70 AS Numeric(4, 2)), NULL, NULL, NULL, NULL, NULL, NULL, NULL, NULL, N'df4c8fdd-0286-4659-9fc3-851bde474f1c', NULL, N'bdd4b6e6-5e1d-4f67-a46d-9b528fd967bf', NULL, N'77659577-a9aa-40d7-ba9a-2202bfcba782', NULL, NULL, N'SUBMITTED', NULL, NULL)
INSERT [dbo].[n8_v3_student_grades] ([gpa_value], [is_active], [is_finalized], [is_locked], [is_retake], [is_total], [letter_grade], [score], [created_at], [deleted_at], [graded_at], [locked_at], [updated_at], [result], [created_by], [deleted_by], [grade_component_id], [graded_by], [id], [locked_by], [registration_id], [scale_id], [updated_by], [status], [history_note], [note]) VALUES (CAST(3.00 AS Numeric(3, 2)), 1, NULL, NULL, NULL, 1, N'B', CAST(7.50 AS Numeric(4, 2)), CAST(N'2026-05-13T17:13:20.3642350' AS DateTime2), NULL, NULL, NULL, CAST(N'2026-05-13T17:26:05.6061920' AS DateTime2), N'PASSED', NULL, NULL, NULL, NULL, N'bcbf6ab1-80f0-49fa-9290-a17f5cb2af51', NULL, N'de5cfe47-a0db-4dc0-83ad-01ceb51edd36', N'726733fd-60ca-4000-b084-dee11be4d5d7', NULL, N'DRAFT', NULL, NULL)
INSERT [dbo].[n8_v3_student_grades] ([gpa_value], [is_active], [is_finalized], [is_locked], [is_retake], [is_total], [letter_grade], [score], [created_at], [deleted_at], [graded_at], [locked_at], [updated_at], [result], [created_by], [deleted_by], [grade_component_id], [graded_by], [id], [locked_by], [registration_id], [scale_id], [updated_by], [status], [history_note], [note]) VALUES (NULL, 1, NULL, 0, NULL, 0, NULL, CAST(8.50 AS Numeric(4, 2)), NULL, NULL, NULL, NULL, NULL, NULL, NULL, NULL, N'331e791c-7912-4d53-9765-bdae603f33ce', NULL, N'2e62a1ad-0f9c-47f8-9541-a39f52a76763', NULL, N'de5cfe47-a0db-4dc0-83ad-01ceb51edd36', NULL, NULL, N'SUBMITTED', NULL, NULL)
INSERT [dbo].[n8_v3_student_grades] ([gpa_value], [is_active], [is_finalized], [is_locked], [is_retake], [is_total], [letter_grade], [score], [created_at], [deleted_at], [graded_at], [locked_at], [updated_at], [result], [created_by], [deleted_by], [grade_component_id], [graded_by], [id], [locked_by], [registration_id], [scale_id], [updated_by], [status], [history_note], [note]) VALUES (NULL, 1, NULL, 0, NULL, 0, NULL, CAST(9.90 AS Numeric(4, 2)), NULL, NULL, NULL, NULL, NULL, NULL, NULL, NULL, N'8b018ede-3acb-4a11-9a68-83776ae61f79', NULL, N'30477649-caaa-47a9-be36-a436eb01bba1', NULL, N'12a5d32f-d4ca-4332-a0ab-595773a1e5c6', NULL, NULL, N'SUBMITTED', NULL, NULL)
INSERT [dbo].[n8_v3_student_grades] ([gpa_value], [is_active], [is_finalized], [is_locked], [is_retake], [is_total], [letter_grade], [score], [created_at], [deleted_at], [graded_at], [locked_at], [updated_at], [result], [created_by], [deleted_by], [grade_component_id], [graded_by], [id], [locked_by], [registration_id], [scale_id], [updated_by], [status], [history_note], [note]) VALUES (NULL, 1, NULL, 0, NULL, 0, NULL, CAST(6.30 AS Numeric(4, 2)), NULL, NULL, NULL, NULL, NULL, NULL, NULL, NULL, N'25b774b4-b1d2-43d5-a026-2fee28be43bd', NULL, N'8da1811f-d21d-4120-ab5f-a4558dadfc0d', NULL, N'efc1eae3-26c9-4979-8b5b-029f337211bb', NULL, NULL, N'SUBMITTED', NULL, NULL)
INSERT [dbo].[n8_v3_student_grades] ([gpa_value], [is_active], [is_finalized], [is_locked], [is_retake], [is_total], [letter_grade], [score], [created_at], [deleted_at], [graded_at], [locked_at], [updated_at], [result], [created_by], [deleted_by], [grade_component_id], [graded_by], [id], [locked_by], [registration_id], [scale_id], [updated_by], [status], [history_note], [note]) VALUES (NULL, 1, NULL, 0, NULL, 0, NULL, CAST(8.50 AS Numeric(4, 2)), NULL, NULL, NULL, NULL, NULL, NULL, NULL, NULL, N'19125981-8150-4d02-963c-ea38c09e5db7', NULL, N'63413fad-1a59-4bf1-9b02-acf3a1a1cadf', NULL, N'eb75c4a2-97bc-438e-88c9-13a1bef75a8a', NULL, NULL, N'SUBMITTED', NULL, NULL)
INSERT [dbo].[n8_v3_student_grades] ([gpa_value], [is_active], [is_finalized], [is_locked], [is_retake], [is_total], [letter_grade], [score], [created_at], [deleted_at], [graded_at], [locked_at], [updated_at], [result], [created_by], [deleted_by], [grade_component_id], [graded_by], [id], [locked_by], [registration_id], [scale_id], [updated_by], [status], [history_note], [note]) VALUES (CAST(1.00 AS Numeric(3, 2)), 1, NULL, NULL, NULL, 1, N'D', CAST(5.00 AS Numeric(4, 2)), CAST(N'2026-05-13T17:51:37.5706580' AS DateTime2), NULL, NULL, NULL, CAST(N'2026-05-13T17:51:37.5706580' AS DateTime2), N'PASSED', NULL, NULL, NULL, NULL, N'd8ef1ea2-a848-4afc-8a83-acfe365359e3', NULL, N'12a5d32f-d4ca-4332-a0ab-595773a1e5c6', N'3bf178ed-2cb1-4b00-9fc3-1000695ebd46', NULL, N'DRAFT', NULL, NULL)
INSERT [dbo].[n8_v3_student_grades] ([gpa_value], [is_active], [is_finalized], [is_locked], [is_retake], [is_total], [letter_grade], [score], [created_at], [deleted_at], [graded_at], [locked_at], [updated_at], [result], [created_by], [deleted_by], [grade_component_id], [graded_by], [id], [locked_by], [registration_id], [scale_id], [updated_by], [status], [history_note], [note]) VALUES (NULL, 1, NULL, 0, NULL, 0, NULL, CAST(5.00 AS Numeric(4, 2)), CAST(N'2026-05-13T17:51:37.5369220' AS DateTime2), NULL, CAST(N'2026-05-13T17:51:37.5362670' AS DateTime2), NULL, CAST(N'2026-05-13T17:51:37.5369220' AS DateTime2), NULL, NULL, NULL, N'dafd5ac0-d040-4e4a-8b83-b7d3e4ab7674', N'2a63a401-8e7b-4533-96d5-7fe587d01b53', N'24a2dd46-98e2-4e85-a252-ad1a0f1fd847', NULL, N'12a5d32f-d4ca-4332-a0ab-595773a1e5c6', NULL, NULL, N'SUBMITTED', NULL, NULL)
INSERT [dbo].[n8_v3_student_grades] ([gpa_value], [is_active], [is_finalized], [is_locked], [is_retake], [is_total], [letter_grade], [score], [created_at], [deleted_at], [graded_at], [locked_at], [updated_at], [result], [created_by], [deleted_by], [grade_component_id], [graded_by], [id], [locked_by], [registration_id], [scale_id], [updated_by], [status], [history_note], [note]) VALUES (NULL, 1, NULL, 0, NULL, 0, NULL, CAST(5.40 AS Numeric(4, 2)), NULL, NULL, NULL, NULL, NULL, NULL, NULL, NULL, N'331e791c-7912-4d53-9765-bdae603f33ce', NULL, N'14e8e700-1cc4-425c-880c-ba75c421f206', NULL, N'77659577-a9aa-40d7-ba9a-2202bfcba782', NULL, NULL, N'SUBMITTED', NULL, NULL)
INSERT [dbo].[n8_v3_student_grades] ([gpa_value], [is_active], [is_finalized], [is_locked], [is_retake], [is_total], [letter_grade], [score], [created_at], [deleted_at], [graded_at], [locked_at], [updated_at], [result], [created_by], [deleted_by], [grade_component_id], [graded_by], [id], [locked_by], [registration_id], [scale_id], [updated_by], [status], [history_note], [note]) VALUES (NULL, 1, NULL, 0, NULL, 0, NULL, CAST(8.60 AS Numeric(4, 2)), NULL, NULL, NULL, NULL, NULL, NULL, NULL, NULL, N'1c4b5900-cb70-4136-b60c-7c3cd701775b', NULL, N'2cbe8842-0207-468d-b2d1-c9f9e34fca84', NULL, N'12a5d32f-d4ca-4332-a0ab-595773a1e5c6', NULL, NULL, N'SUBMITTED', NULL, NULL)
INSERT [dbo].[n8_v3_student_grades] ([gpa_value], [is_active], [is_finalized], [is_locked], [is_retake], [is_total], [letter_grade], [score], [created_at], [deleted_at], [graded_at], [locked_at], [updated_at], [result], [created_by], [deleted_by], [grade_component_id], [graded_by], [id], [locked_by], [registration_id], [scale_id], [updated_by], [status], [history_note], [note]) VALUES (NULL, 1, NULL, 0, NULL, 0, NULL, CAST(5.80 AS Numeric(4, 2)), NULL, NULL, NULL, NULL, NULL, NULL, NULL, NULL, N'30a53aaa-97e6-4524-9d0b-4871df434789', NULL, N'b4795d8b-f90f-4cb2-a18e-cc99910acaf2', NULL, N'380706d9-9538-4232-aa4a-16505eea1aaf', NULL, NULL, N'SUBMITTED', NULL, NULL)
INSERT [dbo].[n8_v3_student_grades] ([gpa_value], [is_active], [is_finalized], [is_locked], [is_retake], [is_total], [letter_grade], [score], [created_at], [deleted_at], [graded_at], [locked_at], [updated_at], [result], [created_by], [deleted_by], [grade_component_id], [graded_by], [id], [locked_by], [registration_id], [scale_id], [updated_by], [status], [history_note], [note]) VALUES (NULL, 1, NULL, 0, NULL, 0, NULL, CAST(7.70 AS Numeric(4, 2)), NULL, NULL, NULL, NULL, NULL, NULL, NULL, NULL, N'50057593-34a0-4404-83f2-726b12de3081', NULL, N'141b2366-5a91-41d0-afd0-ce8bdecf15fa', NULL, N'5ffeb8e9-3989-4f8f-bb1a-12d636cacfbd', NULL, NULL, N'SUBMITTED', NULL, NULL)
INSERT [dbo].[n8_v3_student_grades] ([gpa_value], [is_active], [is_finalized], [is_locked], [is_retake], [is_total], [letter_grade], [score], [created_at], [deleted_at], [graded_at], [locked_at], [updated_at], [result], [created_by], [deleted_by], [grade_component_id], [graded_by], [id], [locked_by], [registration_id], [scale_id], [updated_by], [status], [history_note], [note]) VALUES (NULL, 1, NULL, 0, NULL, 0, NULL, CAST(5.30 AS Numeric(4, 2)), NULL, NULL, NULL, NULL, NULL, NULL, NULL, NULL, N'8b018ede-3acb-4a11-9a68-83776ae61f79', NULL, N'3d6b5f52-8472-4ede-aeda-d00c1bcd6fea', NULL, N'd963bf5f-7fa0-4acf-bbf2-0aa4a77dd617', NULL, NULL, N'SUBMITTED', NULL, NULL)
INSERT [dbo].[n8_v3_student_grades] ([gpa_value], [is_active], [is_finalized], [is_locked], [is_retake], [is_total], [letter_grade], [score], [created_at], [deleted_at], [graded_at], [locked_at], [updated_at], [result], [created_by], [deleted_by], [grade_component_id], [graded_by], [id], [locked_by], [registration_id], [scale_id], [updated_by], [status], [history_note], [note]) VALUES (NULL, 1, NULL, 0, NULL, 0, NULL, CAST(9.20 AS Numeric(4, 2)), NULL, NULL, NULL, NULL, NULL, NULL, NULL, NULL, N'1c4b5900-cb70-4136-b60c-7c3cd701775b', NULL, N'e1a058de-78a9-433d-b92d-d028f8813460', NULL, N'd963bf5f-7fa0-4acf-bbf2-0aa4a77dd617', NULL, NULL, N'SUBMITTED', NULL, NULL)
INSERT [dbo].[n8_v3_student_grades] ([gpa_value], [is_active], [is_finalized], [is_locked], [is_retake], [is_total], [letter_grade], [score], [created_at], [deleted_at], [graded_at], [locked_at], [updated_at], [result], [created_by], [deleted_by], [grade_component_id], [graded_by], [id], [locked_by], [registration_id], [scale_id], [updated_by], [status], [history_note], [note]) VALUES (NULL, 1, NULL, 0, NULL, 0, NULL, CAST(7.80 AS Numeric(4, 2)), NULL, NULL, NULL, NULL, NULL, NULL, NULL, NULL, N'93771759-2ce0-4cba-a51c-26703d98a605', NULL, N'f4ed780b-2244-405d-9ee0-d2396452fbfb', NULL, N'efc1eae3-26c9-4979-8b5b-029f337211bb', NULL, NULL, N'SUBMITTED', NULL, NULL)
INSERT [dbo].[n8_v3_student_grades] ([gpa_value], [is_active], [is_finalized], [is_locked], [is_retake], [is_total], [letter_grade], [score], [created_at], [deleted_at], [graded_at], [locked_at], [updated_at], [result], [created_by], [deleted_by], [grade_component_id], [graded_by], [id], [locked_by], [registration_id], [scale_id], [updated_by], [status], [history_note], [note]) VALUES (CAST(3.00 AS Numeric(3, 2)), 1, NULL, NULL, NULL, 1, N'B', CAST(8.23 AS Numeric(4, 2)), CAST(N'2026-05-13T00:20:26.3648320' AS DateTime2), NULL, NULL, NULL, CAST(N'2026-05-13T00:20:26.3648320' AS DateTime2), N'PASSED', NULL, NULL, NULL, NULL, N'21226fcf-2af0-4193-adc3-d24abe30ba98', NULL, N'5ffeb8e9-3989-4f8f-bb1a-12d636cacfbd', N'726733fd-60ca-4000-b084-dee11be4d5d7', NULL, N'DRAFT', NULL, NULL)
INSERT [dbo].[n8_v3_student_grades] ([gpa_value], [is_active], [is_finalized], [is_locked], [is_retake], [is_total], [letter_grade], [score], [created_at], [deleted_at], [graded_at], [locked_at], [updated_at], [result], [created_by], [deleted_by], [grade_component_id], [graded_by], [id], [locked_by], [registration_id], [scale_id], [updated_by], [status], [history_note], [note]) VALUES (CAST(4.00 AS Numeric(3, 2)), 1, NULL, NULL, NULL, 1, N'A', CAST(8.59 AS Numeric(4, 2)), CAST(N'2026-05-13T17:47:19.9104090' AS DateTime2), NULL, NULL, NULL, CAST(N'2026-05-13T17:47:19.9104090' AS DateTime2), N'PASSED', NULL, NULL, NULL, NULL, N'01d5f437-8724-42e9-b0b4-d4087d886311', NULL, N'eb75c4a2-97bc-438e-88c9-13a1bef75a8a', N'15d4207b-15c6-4084-ad02-54552fd2b94b', NULL, N'DRAFT', NULL, NULL)
INSERT [dbo].[n8_v3_student_grades] ([gpa_value], [is_active], [is_finalized], [is_locked], [is_retake], [is_total], [letter_grade], [score], [created_at], [deleted_at], [graded_at], [locked_at], [updated_at], [result], [created_by], [deleted_by], [grade_component_id], [graded_by], [id], [locked_by], [registration_id], [scale_id], [updated_by], [status], [history_note], [note]) VALUES (NULL, 1, NULL, 0, NULL, 0, NULL, CAST(10.00 AS Numeric(4, 2)), CAST(N'2026-05-13T17:47:19.8860170' AS DateTime2), NULL, CAST(N'2026-05-13T17:47:19.8829740' AS DateTime2), NULL, CAST(N'2026-05-13T17:47:19.8860170' AS DateTime2), NULL, NULL, NULL, N'cd5e0128-6307-4d79-8512-26a49b9b86db', N'482e504d-6d59-41cc-8c78-056055d8e7e0', N'9d599744-f750-4310-8e1f-d441011d7d33', NULL, N'2dcbde82-fa00-486b-82e0-3b1bbafd8449', NULL, NULL, N'SUBMITTED', NULL, NULL)
INSERT [dbo].[n8_v3_student_grades] ([gpa_value], [is_active], [is_finalized], [is_locked], [is_retake], [is_total], [letter_grade], [score], [created_at], [deleted_at], [graded_at], [locked_at], [updated_at], [result], [created_by], [deleted_by], [grade_component_id], [graded_by], [id], [locked_by], [registration_id], [scale_id], [updated_by], [status], [history_note], [note]) VALUES (NULL, 1, NULL, 0, NULL, 0, NULL, CAST(7.60 AS Numeric(4, 2)), NULL, NULL, NULL, NULL, NULL, NULL, NULL, NULL, N'1c4b5900-cb70-4136-b60c-7c3cd701775b', NULL, N'b262cbe5-7137-42cb-9baa-d617623c5d1d', NULL, N'a642ef63-3499-4c9c-9a48-1dbd356a8eef', NULL, NULL, N'SUBMITTED', NULL, NULL)
INSERT [dbo].[n8_v3_student_grades] ([gpa_value], [is_active], [is_finalized], [is_locked], [is_retake], [is_total], [letter_grade], [score], [created_at], [deleted_at], [graded_at], [locked_at], [updated_at], [result], [created_by], [deleted_by], [grade_component_id], [graded_by], [id], [locked_by], [registration_id], [scale_id], [updated_by], [status], [history_note], [note]) VALUES (CAST(4.00 AS Numeric(3, 2)), 1, NULL, NULL, NULL, 1, N'A', CAST(8.90 AS Numeric(4, 2)), CAST(N'2026-05-13T17:47:19.9367230' AS DateTime2), NULL, NULL, NULL, CAST(N'2026-05-13T17:47:19.9367230' AS DateTime2), N'PASSED', NULL, NULL, NULL, NULL, N'11686d7b-839c-4c5d-b699-dc577b00fbcb', NULL, N'5ce33123-77b5-4e3c-8246-28bfba8df46b', N'15d4207b-15c6-4084-ad02-54552fd2b94b', NULL, N'DRAFT', NULL, NULL)
INSERT [dbo].[n8_v3_student_grades] ([gpa_value], [is_active], [is_finalized], [is_locked], [is_retake], [is_total], [letter_grade], [score], [created_at], [deleted_at], [graded_at], [locked_at], [updated_at], [result], [created_by], [deleted_by], [grade_component_id], [graded_by], [id], [locked_by], [registration_id], [scale_id], [updated_by], [status], [history_note], [note]) VALUES (NULL, 1, NULL, 0, NULL, 0, NULL, CAST(8.50 AS Numeric(4, 2)), NULL, NULL, NULL, NULL, NULL, NULL, NULL, NULL, N'df4c8fdd-0286-4659-9fc3-851bde474f1c', NULL, N'93505b90-67da-4aca-a964-e978283285e1', NULL, N'19c47bd4-ba9f-45ef-99f5-1fb1553238a2', NULL, NULL, N'SUBMITTED', NULL, NULL)
INSERT [dbo].[n8_v3_student_grades] ([gpa_value], [is_active], [is_finalized], [is_locked], [is_retake], [is_total], [letter_grade], [score], [created_at], [deleted_at], [graded_at], [locked_at], [updated_at], [result], [created_by], [deleted_by], [grade_component_id], [graded_by], [id], [locked_by], [registration_id], [scale_id], [updated_by], [status], [history_note], [note]) VALUES (NULL, 1, NULL, 0, NULL, 0, NULL, CAST(5.30 AS Numeric(4, 2)), NULL, NULL, NULL, NULL, NULL, NULL, NULL, NULL, N'19125981-8150-4d02-963c-ea38c09e5db7', NULL, N'7f9854aa-2a00-40c1-90fc-ea59302c6f0f', NULL, N'2dcbde82-fa00-486b-82e0-3b1bbafd8449', NULL, NULL, N'SUBMITTED', NULL, NULL)
INSERT [dbo].[n8_v3_student_grades] ([gpa_value], [is_active], [is_finalized], [is_locked], [is_retake], [is_total], [letter_grade], [score], [created_at], [deleted_at], [graded_at], [locked_at], [updated_at], [result], [created_by], [deleted_by], [grade_component_id], [graded_by], [id], [locked_by], [registration_id], [scale_id], [updated_by], [status], [history_note], [note]) VALUES (NULL, 1, NULL, 0, NULL, 0, NULL, CAST(8.60 AS Numeric(4, 2)), NULL, NULL, NULL, NULL, NULL, NULL, NULL, NULL, N'9cf3fd10-7f76-4595-b3e9-d961054b39f5', NULL, N'1a0f4045-d06d-4ea5-be14-ee35e94a4a0a', NULL, N'380706d9-9538-4232-aa4a-16505eea1aaf', NULL, NULL, N'SUBMITTED', NULL, NULL)
INSERT [dbo].[n8_v3_student_grades] ([gpa_value], [is_active], [is_finalized], [is_locked], [is_retake], [is_total], [letter_grade], [score], [created_at], [deleted_at], [graded_at], [locked_at], [updated_at], [result], [created_by], [deleted_by], [grade_component_id], [graded_by], [id], [locked_by], [registration_id], [scale_id], [updated_by], [status], [history_note], [note]) VALUES (NULL, 1, NULL, 0, NULL, 0, NULL, CAST(7.80 AS Numeric(4, 2)), NULL, NULL, NULL, NULL, NULL, NULL, NULL, NULL, N'df4c8fdd-0286-4659-9fc3-851bde474f1c', NULL, N'1666e125-5f25-4e1a-99a6-f02f4c45d348', NULL, N'de5cfe47-a0db-4dc0-83ad-01ceb51edd36', NULL, NULL, N'SUBMITTED', NULL, NULL)
INSERT [dbo].[n8_v3_student_grades] ([gpa_value], [is_active], [is_finalized], [is_locked], [is_retake], [is_total], [letter_grade], [score], [created_at], [deleted_at], [graded_at], [locked_at], [updated_at], [result], [created_by], [deleted_by], [grade_component_id], [graded_by], [id], [locked_by], [registration_id], [scale_id], [updated_by], [status], [history_note], [note]) VALUES (NULL, 1, NULL, 0, NULL, 0, NULL, CAST(5.00 AS Numeric(4, 2)), NULL, NULL, NULL, NULL, NULL, NULL, NULL, NULL, N'c1b0d14a-cd63-4987-8572-b874c31d5a40', NULL, N'8fc1e190-29c0-4cbe-b556-f1f2e62f5d56', NULL, N'82ba0244-6414-4678-bb88-331231e080e3', NULL, NULL, N'SUBMITTED', NULL, NULL)
INSERT [dbo].[n8_v3_student_grades] ([gpa_value], [is_active], [is_finalized], [is_locked], [is_retake], [is_total], [letter_grade], [score], [created_at], [deleted_at], [graded_at], [locked_at], [updated_at], [result], [created_by], [deleted_by], [grade_component_id], [graded_by], [id], [locked_by], [registration_id], [scale_id], [updated_by], [status], [history_note], [note]) VALUES (NULL, 1, NULL, 0, NULL, 0, NULL, CAST(5.60 AS Numeric(4, 2)), NULL, NULL, NULL, NULL, NULL, NULL, NULL, NULL, N'8b018ede-3acb-4a11-9a68-83776ae61f79', NULL, N'c4a554bc-e657-47b4-873d-f9f3992f4ba1', NULL, N'ccff4d25-f080-4a12-ab4b-1ba71e84b0b8', NULL, NULL, N'SUBMITTED', NULL, NULL)
INSERT [dbo].[n8_v3_student_grades] ([gpa_value], [is_active], [is_finalized], [is_locked], [is_retake], [is_total], [letter_grade], [score], [created_at], [deleted_at], [graded_at], [locked_at], [updated_at], [result], [created_by], [deleted_by], [grade_component_id], [graded_by], [id], [locked_by], [registration_id], [scale_id], [updated_by], [status], [history_note], [note]) VALUES (NULL, 1, NULL, 0, NULL, 0, NULL, CAST(8.90 AS Numeric(4, 2)), NULL, NULL, NULL, NULL, NULL, NULL, NULL, NULL, N'25b774b4-b1d2-43d5-a026-2fee28be43bd', NULL, N'53cd8439-9398-410d-b7c5-fa7cc7fd9470', NULL, N'eb75c4a2-97bc-438e-88c9-13a1bef75a8a', NULL, NULL, N'SUBMITTED', NULL, NULL)
INSERT [dbo].[n8_v3_student_grades] ([gpa_value], [is_active], [is_finalized], [is_locked], [is_retake], [is_total], [letter_grade], [score], [created_at], [deleted_at], [graded_at], [locked_at], [updated_at], [result], [created_by], [deleted_by], [grade_component_id], [graded_by], [id], [locked_by], [registration_id], [scale_id], [updated_by], [status], [history_note], [note]) VALUES (NULL, 1, NULL, 0, NULL, 0, NULL, CAST(9.10 AS Numeric(4, 2)), NULL, NULL, NULL, NULL, NULL, NULL, NULL, NULL, N'19125981-8150-4d02-963c-ea38c09e5db7', NULL, N'b47230d0-2d8e-46a1-bf05-ff3843bd4d12', NULL, N'5ce33123-77b5-4e3c-8246-28bfba8df46b', NULL, NULL, N'SUBMITTED', NULL, NULL)
GO
INSERT [dbo].[positions] ([id], [code], [name], [description], [level], [department_id], [created_at], [updated_at], [created_by], [updated_by], [deleted_at], [deleted_by], [is_active]) VALUES (N'6917d6aa-bb7f-4612-9e7c-04f0c174213b', N'GV', N'Giảng viên', N'Giảng dạy sinh viên', N'Nhân sự', NULL, CAST(N'2026-04-02T17:39:10.0666667' AS DateTime2), CAST(N'2026-04-02T17:39:10.0666667' AS DateTime2), NULL, NULL, NULL, NULL, 1)
INSERT [dbo].[positions] ([id], [code], [name], [description], [level], [department_id], [created_at], [updated_at], [created_by], [updated_by], [deleted_at], [deleted_by], [is_active]) VALUES (N'a0f31994-f76f-424c-81eb-0575790f68dc', N'AIENG', N'Kỹ sư AI', N'Phát triển AI', N'Kỹ thuật', NULL, CAST(N'2026-04-02T17:39:10.0666667' AS DateTime2), CAST(N'2026-04-02T17:39:10.0666667' AS DateTime2), NULL, NULL, NULL, NULL, 1)
INSERT [dbo].[positions] ([id], [code], [name], [description], [level], [department_id], [created_at], [updated_at], [created_by], [updated_by], [deleted_at], [deleted_by], [is_active]) VALUES (N'fda6a4a1-2e36-4a8e-b519-125006a7aa95', N'TEST', N'Kiểm thử phần mềm', N'Tester', N'Kỹ thuật', NULL, CAST(N'2026-04-02T17:39:10.0666667' AS DateTime2), CAST(N'2026-04-02T17:39:10.0666667' AS DateTime2), NULL, NULL, NULL, NULL, 1)
INSERT [dbo].[positions] ([id], [code], [name], [description], [level], [department_id], [created_at], [updated_at], [created_by], [updated_by], [deleted_at], [deleted_by], [is_active]) VALUES (N'29684934-c616-47fe-ace2-20bbf5618685', N'TK', N'Trưởng khoa', N'Quản lý khoa', N'Quản lý', NULL, CAST(N'2026-04-02T17:39:10.0666667' AS DateTime2), CAST(N'2026-04-02T17:39:10.0666667' AS DateTime2), NULL, NULL, NULL, NULL, 1)
INSERT [dbo].[positions] ([id], [code], [name], [description], [level], [department_id], [created_at], [updated_at], [created_by], [updated_by], [deleted_at], [deleted_by], [is_active]) VALUES (N'c7007db5-b05d-4f9c-b7ce-2237f6b4d2e1', N'HC', N'Nhân viên hành chính', N'Quản lý hành chính', N'Nhân sự', NULL, CAST(N'2026-04-02T17:39:10.0666667' AS DateTime2), CAST(N'2026-04-02T17:39:10.0666667' AS DateTime2), NULL, NULL, NULL, NULL, 1)
INSERT [dbo].[positions] ([id], [code], [name], [description], [level], [department_id], [created_at], [updated_at], [created_by], [updated_by], [deleted_at], [deleted_by], [is_active]) VALUES (N'05e794f2-48ca-4a03-9a8f-2cc2c6afd412', N'QA', N'Chuyên viên đảm bảo chất lượng', N'Kiểm định chất lượng', N'Nhân sự', NULL, CAST(N'2026-04-02T17:39:10.0666667' AS DateTime2), CAST(N'2026-04-02T17:39:10.0666667' AS DateTime2), NULL, NULL, NULL, NULL, 1)
INSERT [dbo].[positions] ([id], [code], [name], [description], [level], [department_id], [created_at], [updated_at], [created_by], [updated_by], [deleted_at], [deleted_by], [is_active]) VALUES (N'9dbb030f-deaf-4b61-82d8-2efaa9ff0a68', N'TG', N'Trợ giảng', N'Hỗ trợ giảng dạy', N'Nhân sự', NULL, CAST(N'2026-04-02T17:39:10.0666667' AS DateTime2), CAST(N'2026-04-02T17:39:10.0666667' AS DateTime2), NULL, NULL, NULL, NULL, 1)
INSERT [dbo].[positions] ([id], [code], [name], [description], [level], [department_id], [created_at], [updated_at], [created_by], [updated_by], [deleted_at], [deleted_by], [is_active]) VALUES (N'b69c1df3-de51-4f20-86df-2fd08eab9a0e', N'GVU', N'Giáo vụ khoa', N'Quản lý học vụ khoa', N'Nhân sự', NULL, CAST(N'2026-04-02T17:39:10.0666667' AS DateTime2), CAST(N'2026-04-02T17:39:10.0666667' AS DateTime2), NULL, NULL, NULL, NULL, 1)
INSERT [dbo].[positions] ([id], [code], [name], [description], [level], [department_id], [created_at], [updated_at], [created_by], [updated_by], [deleted_at], [deleted_by], [is_active]) VALUES (N'bcb63a2c-84bf-4b67-b797-4e9e044990d2', N'BV', N'Bảo vệ', N'An ninh', N'Nhân sự', NULL, CAST(N'2026-04-02T17:39:10.0666667' AS DateTime2), CAST(N'2026-04-02T17:39:10.0666667' AS DateTime2), NULL, NULL, NULL, NULL, 1)
INSERT [dbo].[positions] ([id], [code], [name], [description], [level], [department_id], [created_at], [updated_at], [created_by], [updated_by], [deleted_at], [deleted_by], [is_active]) VALUES (N'851fff14-0280-4d03-9341-55a5ac7c004f', N'BA', N'Business Analyst', N'Phân tích nghiệp vụ', N'Kỹ thuật', NULL, CAST(N'2026-04-02T17:39:10.0666667' AS DateTime2), CAST(N'2026-04-02T17:39:10.0666667' AS DateTime2), NULL, NULL, NULL, NULL, 1)
INSERT [dbo].[positions] ([id], [code], [name], [description], [level], [department_id], [created_at], [updated_at], [created_by], [updated_by], [deleted_at], [deleted_by], [is_active]) VALUES (N'248902e5-f207-4f0d-9d00-595be434311b', N'DEV', N'Lập trình viên', N'Phát triển hệ thống', N'Kỹ thuật', NULL, CAST(N'2026-04-02T17:39:10.0666667' AS DateTime2), CAST(N'2026-04-02T17:39:10.0666667' AS DateTime2), NULL, NULL, NULL, NULL, 1)
INSERT [dbo].[positions] ([id], [code], [name], [description], [level], [department_id], [created_at], [updated_at], [created_by], [updated_by], [deleted_at], [deleted_by], [is_active]) VALUES (N'06c54cf6-8a7b-4a35-8ef4-62a5ee7fb829', N'CV?T', N'Chuyên viên đào tạo', N'Xử lý học vụ', N'Nhân sự', NULL, CAST(N'2026-04-02T17:39:10.0666667' AS DateTime2), CAST(N'2026-04-02T17:39:10.0666667' AS DateTime2), NULL, NULL, NULL, NULL, 1)
INSERT [dbo].[positions] ([id], [code], [name], [description], [level], [department_id], [created_at], [updated_at], [created_by], [updated_by], [deleted_at], [deleted_by], [is_active]) VALUES (N'9dce8bb0-1753-436a-849a-697a2ea3b337', N'TPKT', N'Trưởng phòng khảo thí', N'Quản lý khảo thí', N'Quản lý', NULL, CAST(N'2026-04-02T17:39:10.0666667' AS DateTime2), CAST(N'2026-04-02T17:39:10.0666667' AS DateTime2), NULL, NULL, NULL, NULL, 1)
INSERT [dbo].[positions] ([id], [code], [name], [description], [level], [department_id], [created_at], [updated_at], [created_by], [updated_by], [deleted_at], [deleted_by], [is_active]) VALUES (N'3d7bb1ab-ebc6-4020-90b9-6cc686ff89ca', N'VS', N'Vệ sinh', N'Làm sạch', N'Nhân sự', NULL, CAST(N'2026-04-02T17:39:10.0666667' AS DateTime2), CAST(N'2026-04-02T17:39:10.0666667' AS DateTime2), NULL, NULL, NULL, NULL, 1)
INSERT [dbo].[positions] ([id], [code], [name], [description], [level], [department_id], [created_at], [updated_at], [created_by], [updated_by], [deleted_at], [deleted_by], [is_active]) VALUES (N'4101c129-7a6e-4bcc-bd29-6f249480d9cd', N'GVP', N'Giáo vụ phòng đào tạo', N'Quản lý đào tạo', N'Nhân sự', NULL, CAST(N'2026-04-02T17:39:10.0666667' AS DateTime2), CAST(N'2026-04-02T17:39:10.0666667' AS DateTime2), NULL, NULL, NULL, NULL, 1)
INSERT [dbo].[positions] ([id], [code], [name], [description], [level], [department_id], [created_at], [updated_at], [created_by], [updated_by], [deleted_at], [deleted_by], [is_active]) VALUES (N'e04f6ee5-154e-4d81-a2ca-7052b5ff84b6', N'QLDA', N'Quản lý dự án', N'Quản lý dự án CNTT', N'Quản lý', NULL, CAST(N'2026-04-02T17:39:10.0666667' AS DateTime2), CAST(N'2026-04-02T17:39:10.0666667' AS DateTime2), NULL, NULL, NULL, NULL, 1)
INSERT [dbo].[positions] ([id], [code], [name], [description], [level], [department_id], [created_at], [updated_at], [created_by], [updated_by], [deleted_at], [deleted_by], [is_active]) VALUES (N'99795f8f-334f-4f73-9f07-7932a3ce67bd', N'HT', N'Hiệu trưởng', N'Quản lý toàn bộ trường', N'Cấp cao', NULL, CAST(N'2026-04-02T17:39:10.0666667' AS DateTime2), CAST(N'2026-04-02T17:39:10.0666667' AS DateTime2), NULL, NULL, NULL, NULL, 1)
INSERT [dbo].[positions] ([id], [code], [name], [description], [level], [department_id], [created_at], [updated_at], [created_by], [updated_by], [deleted_at], [deleted_by], [is_active]) VALUES (N'5186e5fc-f4c9-4a4c-9407-80256bfd49c4', N'TPTC', N'Trưởng phòng tài chính', N'Quản lý tài chính', N'Quản lý', NULL, CAST(N'2026-04-02T17:39:10.0666667' AS DateTime2), CAST(N'2026-04-02T17:39:10.0666667' AS DateTime2), NULL, NULL, NULL, NULL, 1)
INSERT [dbo].[positions] ([id], [code], [name], [description], [level], [department_id], [created_at], [updated_at], [created_by], [updated_by], [deleted_at], [deleted_by], [is_active]) VALUES (N'1267c35f-91d7-442a-aa5a-89704e1ff9b7', N'IT', N'Nhân viên IT', N'Hỗ trợ hệ thống', N'Kỹ thuật', NULL, CAST(N'2026-04-02T17:39:10.0666667' AS DateTime2), CAST(N'2026-04-02T17:39:10.0666667' AS DateTime2), NULL, NULL, NULL, NULL, 1)
INSERT [dbo].[positions] ([id], [code], [name], [description], [level], [department_id], [created_at], [updated_at], [created_by], [updated_by], [deleted_at], [deleted_by], [is_active]) VALUES (N'17aa3f8e-d22d-4a48-97b9-8d6d1eed4632', N'TPCTSV', N'Trưởng phòng CTSV', N'Quản lý sinh viên', N'Quản lý', NULL, CAST(N'2026-04-02T17:39:10.0666667' AS DateTime2), CAST(N'2026-04-02T17:39:10.0666667' AS DateTime2), NULL, NULL, NULL, NULL, 1)
INSERT [dbo].[positions] ([id], [code], [name], [description], [level], [department_id], [created_at], [updated_at], [created_by], [updated_by], [deleted_at], [deleted_by], [is_active]) VALUES (N'bee1b28a-be31-40e2-bb4b-94c4d108166d', N'GVCH', N'Giảng viên chính', N'Giảng viên có kinh nghiệm', N'Nhân sự', NULL, CAST(N'2026-04-02T17:39:10.0666667' AS DateTime2), CAST(N'2026-04-02T17:39:10.0666667' AS DateTime2), NULL, NULL, NULL, NULL, 1)
INSERT [dbo].[positions] ([id], [code], [name], [description], [level], [department_id], [created_at], [updated_at], [created_by], [updated_by], [deleted_at], [deleted_by], [is_active]) VALUES (N'89a8a314-897c-448b-85f3-988bb455cfb9', N'DATA', N'Chuyên viên dữ liệu', N'Phân tích dữ liệu', N'Kỹ thuật', NULL, CAST(N'2026-04-02T17:39:10.0666667' AS DateTime2), CAST(N'2026-04-02T17:39:10.0666667' AS DateTime2), NULL, NULL, NULL, NULL, 1)
INSERT [dbo].[positions] ([id], [code], [name], [description], [level], [department_id], [created_at], [updated_at], [created_by], [updated_by], [deleted_at], [deleted_by], [is_active]) VALUES (N'57cbbaef-56ea-436c-9936-99e391f739a9', N'SUP', N'Giám sát', N'Giám sát hoạt động', N'Quản lý', NULL, CAST(N'2026-04-02T17:39:10.0666667' AS DateTime2), CAST(N'2026-04-02T17:39:10.0666667' AS DateTime2), NULL, NULL, NULL, NULL, 1)
INSERT [dbo].[positions] ([id], [code], [name], [description], [level], [department_id], [created_at], [updated_at], [created_by], [updated_by], [deleted_at], [deleted_by], [is_active]) VALUES (N'bd03770e-e424-4bd5-ba69-a2d3ad6066d8', N'TS', N'Chuyên viên tuyển sinh', N'Tuyển sinh', N'Nhân sự', NULL, CAST(N'2026-04-02T17:39:10.0666667' AS DateTime2), CAST(N'2026-04-02T17:39:10.0666667' AS DateTime2), NULL, NULL, NULL, NULL, 1)
INSERT [dbo].[positions] ([id], [code], [name], [description], [level], [department_id], [created_at], [updated_at], [created_by], [updated_by], [deleted_at], [deleted_by], [is_active]) VALUES (N'0d8a2c13-04a6-40ea-a7fd-a94abd9d01fd', N'TBM', N'Trưởng bộ môn', N'Quản lý bộ môn', N'Quản lý', NULL, CAST(N'2026-04-02T17:39:10.0666667' AS DateTime2), CAST(N'2026-04-02T17:39:10.0666667' AS DateTime2), NULL, NULL, NULL, NULL, 1)
INSERT [dbo].[positions] ([id], [code], [name], [description], [level], [department_id], [created_at], [updated_at], [created_by], [updated_by], [deleted_at], [deleted_by], [is_active]) VALUES (N'48ded3e7-980c-4c89-92a2-b6ac70235c60', N'HR', N'Chuyên viên nhân sự', N'Quản lý nhân sự', N'Nhân sự', NULL, CAST(N'2026-04-02T17:39:10.0666667' AS DateTime2), CAST(N'2026-04-02T17:39:10.0666667' AS DateTime2), NULL, NULL, NULL, NULL, 1)
INSERT [dbo].[positions] ([id], [code], [name], [description], [level], [department_id], [created_at], [updated_at], [created_by], [updated_by], [deleted_at], [deleted_by], [is_active]) VALUES (N'87f45af2-b662-4d74-8f49-b78c1a18d13c', N'TPDT', N'Trưởng phòng đào tạo', N'Quản lý đào tạo', N'Quản lý', NULL, CAST(N'2026-04-02T17:39:10.0666667' AS DateTime2), CAST(N'2026-04-02T17:39:10.0666667' AS DateTime2), NULL, NULL, NULL, NULL, 1)
INSERT [dbo].[positions] ([id], [code], [name], [description], [level], [department_id], [created_at], [updated_at], [created_by], [updated_by], [deleted_at], [deleted_by], [is_active]) VALUES (N'e03d7942-7a5a-4e1f-8397-c3591591df8b', N'KTTC', N'Kế toán', N'Quản lý tài chính', N'Nhân sự', NULL, CAST(N'2026-04-02T17:39:10.0666667' AS DateTime2), CAST(N'2026-04-02T17:39:10.0666667' AS DateTime2), NULL, NULL, NULL, NULL, 1)
INSERT [dbo].[positions] ([id], [code], [name], [description], [level], [department_id], [created_at], [updated_at], [created_by], [updated_by], [deleted_at], [deleted_by], [is_active]) VALUES (N'0416dad3-f020-407a-a146-c387dc484a84', N'CTSV', N'Chuyên viên công tác sinh viên', N'Hỗ trợ sinh viên', N'Nhân sự', NULL, CAST(N'2026-04-02T17:39:10.0666667' AS DateTime2), CAST(N'2026-04-02T17:39:10.0666667' AS DateTime2), NULL, NULL, NULL, NULL, 1)
INSERT [dbo].[positions] ([id], [code], [name], [description], [level], [department_id], [created_at], [updated_at], [created_by], [updated_by], [deleted_at], [deleted_by], [is_active]) VALUES (N'74baef74-0f33-42db-aa47-c5f3368f5e36', N'TV', N'Nhân viên thư viện', N'Quản lý sách', N'Nhân sự', NULL, CAST(N'2026-04-02T17:39:10.0666667' AS DateTime2), CAST(N'2026-04-02T17:39:10.0666667' AS DateTime2), NULL, NULL, NULL, NULL, 1)
INSERT [dbo].[positions] ([id], [code], [name], [description], [level], [department_id], [created_at], [updated_at], [created_by], [updated_by], [deleted_at], [deleted_by], [is_active]) VALUES (N'd132bfca-c9f8-40a9-b6fd-d2e9bfcc02c6', N'GVCC', N'Giảng viên cao cấp', N'Giảng viên cấp cao', N'Nhân sự', NULL, CAST(N'2026-04-02T17:39:10.0666667' AS DateTime2), CAST(N'2026-04-02T17:39:10.0666667' AS DateTime2), NULL, NULL, NULL, NULL, 1)
INSERT [dbo].[positions] ([id], [code], [name], [description], [level], [department_id], [created_at], [updated_at], [created_by], [updated_by], [deleted_at], [deleted_by], [is_active]) VALUES (N'a16cb169-467c-42fa-86e0-d30c3c95e7cf', N'TPTS', N'Trưởng phòng tuyển sinh', N'Quản lý tuyển sinh', N'Quản lý', NULL, CAST(N'2026-04-02T17:39:10.0666667' AS DateTime2), CAST(N'2026-04-02T17:39:10.0666667' AS DateTime2), NULL, NULL, NULL, NULL, 1)
INSERT [dbo].[positions] ([id], [code], [name], [description], [level], [department_id], [created_at], [updated_at], [created_by], [updated_by], [deleted_at], [deleted_by], [is_active]) VALUES (N'fc575679-fa23-4c80-83b4-d5ac929f483b', N'ADMIN', N'Quản trị hệ thống', N'Quản lý server', N'Kỹ thuật', NULL, CAST(N'2026-04-02T17:39:10.0666667' AS DateTime2), CAST(N'2026-04-02T17:39:10.0666667' AS DateTime2), NULL, NULL, NULL, NULL, 1)
INSERT [dbo].[positions] ([id], [code], [name], [description], [level], [department_id], [created_at], [updated_at], [created_by], [updated_by], [deleted_at], [deleted_by], [is_active]) VALUES (N'b2c3b9c6-7043-499a-bd12-d6b39e9513d0', N'PTBM', N'Phó Trưởng bộ môn', N'Hỗ trợ trưởng bộ môn', N'Quản lý', NULL, CAST(N'2026-04-02T17:39:10.0666667' AS DateTime2), CAST(N'2026-04-02T17:39:10.0666667' AS DateTime2), NULL, NULL, NULL, NULL, 1)
INSERT [dbo].[positions] ([id], [code], [name], [description], [level], [department_id], [created_at], [updated_at], [created_by], [updated_by], [deleted_at], [deleted_by], [is_active]) VALUES (N'33427ed1-e3a3-4792-b7ea-e17eefec9e3a', N'PTK', N'Phó Trưởng khoa', N'Hỗ trợ trưởng khoa', N'Quản lý', NULL, CAST(N'2026-04-02T17:39:10.0666667' AS DateTime2), CAST(N'2026-04-02T17:39:10.0666667' AS DateTime2), NULL, NULL, NULL, NULL, 1)
INSERT [dbo].[positions] ([id], [code], [name], [description], [level], [department_id], [created_at], [updated_at], [created_by], [updated_by], [deleted_at], [deleted_by], [is_active]) VALUES (N'2d36f128-069c-408d-afa7-eaf499b136d3', N'PHT', N'Phó Hiệu trưởng', N'Hỗ trợ hiệu trưởng', N'Cấp cao', NULL, CAST(N'2026-04-02T17:39:10.0666667' AS DateTime2), CAST(N'2026-04-02T17:39:10.0666667' AS DateTime2), NULL, NULL, NULL, NULL, 1)
INSERT [dbo].[positions] ([id], [code], [name], [description], [level], [department_id], [created_at], [updated_at], [created_by], [updated_by], [deleted_at], [deleted_by], [is_active]) VALUES (N'b5c9689c-378e-4131-a426-f08d02ee62a8', N'PDT', N'Phó phòng đào tạo', N'Hỗ trợ quản lý đào tạo', N'Quản lý', NULL, CAST(N'2026-04-02T17:39:10.0666667' AS DateTime2), CAST(N'2026-04-02T17:39:10.0666667' AS DateTime2), NULL, NULL, NULL, NULL, 1)
INSERT [dbo].[positions] ([id], [code], [name], [description], [level], [department_id], [created_at], [updated_at], [created_by], [updated_by], [deleted_at], [deleted_by], [is_active]) VALUES (N'8496592c-9afe-4f6c-be0b-f19518d2b322', N'KT', N'Chuyên viên khảo thí', N'Quản lý thi cử', N'Nhân sự', NULL, CAST(N'2026-04-02T17:39:10.0666667' AS DateTime2), CAST(N'2026-04-02T17:39:10.0666667' AS DateTime2), NULL, NULL, NULL, NULL, 1)
GO
INSERT [dbo].[roles] ([is_active], [is_system], [created_at], [deleted_at], [updated_at], [created_by], [deleted_by], [id], [updated_by], [code], [name], [description]) VALUES (1, 1, CAST(N'2026-05-12T22:37:22.1434870' AS DateTime2), NULL, NULL, NULL, NULL, N'08e0d852-1c15-4dd8-9b43-10f31429bfbb', NULL, N'STUDENT', N'Sinh viên', NULL)
INSERT [dbo].[roles] ([is_active], [is_system], [created_at], [deleted_at], [updated_at], [created_by], [deleted_by], [id], [updated_by], [code], [name], [description]) VALUES (1, 1, CAST(N'2026-05-12T22:37:22.1305690' AS DateTime2), NULL, NULL, NULL, NULL, N'98cb4df5-c52f-4e9d-9e3c-a369dd75946e', NULL, N'TEACHER', N'Gi?ng viên', NULL)
INSERT [dbo].[roles] ([is_active], [is_system], [created_at], [deleted_at], [updated_at], [created_by], [deleted_by], [id], [updated_by], [code], [name], [description]) VALUES (1, 1, CAST(N'2026-05-12T22:37:22.0807420' AS DateTime2), NULL, NULL, NULL, NULL, N'209be787-958d-4b4b-8bd8-b8a22b491815', NULL, N'ADMIN', N'Qu?n tr? viên', NULL)
GO
INSERT [dbo].[school_years] ([id], [code], [name], [description], [note], [start_date], [end_date], [created_at], [updated_at], [created_by], [updated_by], [deleted_at], [deleted_by], [is_active]) VALUES (N'24806991-3c90-4139-9e47-0e2ceaa05230', N'SY2030', N'Năm học 2030-2031', N'Năm học từ 2030 đến 2031', NULL, CAST(N'2030-09-01' AS Date), CAST(N'2031-06-30' AS Date), CAST(N'2026-04-02T16:03:10.7200000' AS DateTime2), CAST(N'2026-04-02T16:03:10.7200000' AS DateTime2), NULL, NULL, NULL, NULL, 1)
INSERT [dbo].[school_years] ([id], [code], [name], [description], [note], [start_date], [end_date], [created_at], [updated_at], [created_by], [updated_by], [deleted_at], [deleted_by], [is_active]) VALUES (N'115fd0d2-2578-4c46-9f0e-0f22f539805e', N'SY2016', N'Năm học 2016-2017', N'Năm học từ 2016 đến 2017', NULL, CAST(N'2016-09-01' AS Date), CAST(N'2017-06-30' AS Date), CAST(N'2026-04-02T16:03:10.7200000' AS DateTime2), CAST(N'2026-04-02T16:03:10.7200000' AS DateTime2), NULL, NULL, NULL, NULL, 1)
INSERT [dbo].[school_years] ([id], [code], [name], [description], [note], [start_date], [end_date], [created_at], [updated_at], [created_by], [updated_by], [deleted_at], [deleted_by], [is_active]) VALUES (N'ade33bc3-1440-47fd-9a72-3c0a2f8e5813', N'SY2017', N'Năm học 2017-2018', N'Năm học từ 2017 đến 2018', NULL, CAST(N'2017-09-01' AS Date), CAST(N'2018-06-30' AS Date), CAST(N'2026-04-02T16:03:10.7200000' AS DateTime2), CAST(N'2026-04-02T16:03:10.7200000' AS DateTime2), NULL, NULL, NULL, NULL, 1)
INSERT [dbo].[school_years] ([id], [code], [name], [description], [note], [start_date], [end_date], [created_at], [updated_at], [created_by], [updated_by], [deleted_at], [deleted_by], [is_active]) VALUES (N'68d97205-fa1a-4348-8fe2-40c74d7d01d9', N'SY2031', N'Năm học 2031-2032', N'Năm học từ 2031 đến 2032', NULL, CAST(N'2031-09-01' AS Date), CAST(N'2032-06-30' AS Date), CAST(N'2026-04-02T16:03:10.7200000' AS DateTime2), CAST(N'2026-04-02T16:03:10.7200000' AS DateTime2), NULL, NULL, NULL, NULL, 1)
INSERT [dbo].[school_years] ([id], [code], [name], [description], [note], [start_date], [end_date], [created_at], [updated_at], [created_by], [updated_by], [deleted_at], [deleted_by], [is_active]) VALUES (N'85f97dd6-4283-4741-b7d2-46f1cd1f10f1', N'SY2020', N'Năm học 2020-2021', N'Năm học từ 2020 đến 2021', NULL, CAST(N'2020-09-01' AS Date), CAST(N'2021-06-30' AS Date), CAST(N'2026-04-02T16:03:10.7200000' AS DateTime2), CAST(N'2026-04-02T16:03:10.7200000' AS DateTime2), NULL, NULL, NULL, NULL, 1)
INSERT [dbo].[school_years] ([id], [code], [name], [description], [note], [start_date], [end_date], [created_at], [updated_at], [created_by], [updated_by], [deleted_at], [deleted_by], [is_active]) VALUES (N'9395573d-cb69-4c82-aa1a-588b5fba4570', N'SY2015', N'Năm học 2015-2016', N'Năm học từ 2015 đến 2016', NULL, CAST(N'2015-09-01' AS Date), CAST(N'2016-06-30' AS Date), CAST(N'2026-04-02T16:03:10.7200000' AS DateTime2), CAST(N'2026-04-02T16:03:10.7200000' AS DateTime2), NULL, NULL, NULL, NULL, 1)
INSERT [dbo].[school_years] ([id], [code], [name], [description], [note], [start_date], [end_date], [created_at], [updated_at], [created_by], [updated_by], [deleted_at], [deleted_by], [is_active]) VALUES (N'71b13306-be42-467e-aaf0-592e3c5a7c6c', N'SY2021', N'Năm học 2021-2022', N'Năm học từ 2021 đến 2022', NULL, CAST(N'2021-09-01' AS Date), CAST(N'2022-06-30' AS Date), CAST(N'2026-04-02T16:03:10.7200000' AS DateTime2), CAST(N'2026-04-02T16:03:10.7200000' AS DateTime2), NULL, NULL, NULL, NULL, 1)
INSERT [dbo].[school_years] ([id], [code], [name], [description], [note], [start_date], [end_date], [created_at], [updated_at], [created_by], [updated_by], [deleted_at], [deleted_by], [is_active]) VALUES (N'fda757d9-3df2-4320-8c9d-7758427c8e1b', N'SY2033', N'Năm học 2033-2034', N'Năm học từ 2033 đến 2034', NULL, CAST(N'2033-09-01' AS Date), CAST(N'2034-06-30' AS Date), CAST(N'2026-04-02T16:03:10.7200000' AS DateTime2), CAST(N'2026-04-02T16:03:10.7200000' AS DateTime2), NULL, NULL, NULL, NULL, 1)
INSERT [dbo].[school_years] ([id], [code], [name], [description], [note], [start_date], [end_date], [created_at], [updated_at], [created_by], [updated_by], [deleted_at], [deleted_by], [is_active]) VALUES (N'05771552-de9d-46c2-85c9-7bf2b9759197', N'SY2028', N'Năm học 2028-2029', N'Năm học từ 2028 đến 2029', NULL, CAST(N'2028-09-01' AS Date), CAST(N'2029-06-30' AS Date), CAST(N'2026-04-02T16:03:10.7200000' AS DateTime2), CAST(N'2026-04-02T16:03:10.7200000' AS DateTime2), NULL, NULL, NULL, NULL, 1)
INSERT [dbo].[school_years] ([id], [code], [name], [description], [note], [start_date], [end_date], [created_at], [updated_at], [created_by], [updated_by], [deleted_at], [deleted_by], [is_active]) VALUES (N'13b78918-3084-44b6-a132-881edcc24c37', N'SY2025', N'Năm học 2025-2026', N'Năm học từ 2025 đến 2026', NULL, CAST(N'2025-09-01' AS Date), CAST(N'2026-06-30' AS Date), CAST(N'2026-04-02T16:03:10.7200000' AS DateTime2), CAST(N'2026-04-02T16:03:10.7200000' AS DateTime2), NULL, NULL, NULL, NULL, 1)
INSERT [dbo].[school_years] ([id], [code], [name], [description], [note], [start_date], [end_date], [created_at], [updated_at], [created_by], [updated_by], [deleted_at], [deleted_by], [is_active]) VALUES (N'b8633d5a-0629-4131-8d29-8d6e071ec4ff', N'SY2022', N'Năm học 2022-2023', N'Năm học từ 2022 đến 2023', NULL, CAST(N'2022-09-01' AS Date), CAST(N'2023-06-30' AS Date), CAST(N'2026-04-02T16:03:10.7200000' AS DateTime2), CAST(N'2026-04-02T16:03:10.7200000' AS DateTime2), NULL, NULL, NULL, NULL, 1)
INSERT [dbo].[school_years] ([id], [code], [name], [description], [note], [start_date], [end_date], [created_at], [updated_at], [created_by], [updated_by], [deleted_at], [deleted_by], [is_active]) VALUES (N'080db854-446e-404e-ab61-9083a5c10701', N'SY2027', N'Năm học 2027-2028', N'Năm học từ 2027 đến 2028', NULL, CAST(N'2027-09-01' AS Date), CAST(N'2028-06-30' AS Date), CAST(N'2026-04-02T16:03:10.7200000' AS DateTime2), CAST(N'2026-04-02T16:03:10.7200000' AS DateTime2), NULL, NULL, NULL, NULL, 1)
INSERT [dbo].[school_years] ([id], [code], [name], [description], [note], [start_date], [end_date], [created_at], [updated_at], [created_by], [updated_by], [deleted_at], [deleted_by], [is_active]) VALUES (N'9db8ee48-6323-431f-9ee4-b4904053fb9e', N'SY2032', N'Năm học 2032-2033', N'Năm học từ 2032 đến 2033', NULL, CAST(N'2032-09-01' AS Date), CAST(N'2033-06-30' AS Date), CAST(N'2026-04-02T16:03:10.7200000' AS DateTime2), CAST(N'2026-04-02T16:03:10.7200000' AS DateTime2), NULL, NULL, NULL, NULL, 1)
INSERT [dbo].[school_years] ([id], [code], [name], [description], [note], [start_date], [end_date], [created_at], [updated_at], [created_by], [updated_by], [deleted_at], [deleted_by], [is_active]) VALUES (N'e7a1a9ed-629f-4ecc-8c6e-b4cc934161f5', N'SY2019', N'Năm học 2019-2020', N'Năm học từ 2019 đến 2020', NULL, CAST(N'2019-09-01' AS Date), CAST(N'2020-06-30' AS Date), CAST(N'2026-04-02T16:03:10.7200000' AS DateTime2), CAST(N'2026-04-02T16:03:10.7200000' AS DateTime2), NULL, NULL, NULL, NULL, 1)
INSERT [dbo].[school_years] ([id], [code], [name], [description], [note], [start_date], [end_date], [created_at], [updated_at], [created_by], [updated_by], [deleted_at], [deleted_by], [is_active]) VALUES (N'c35d0e1a-92af-477d-bdb0-b5ea2a7be6c1', N'SY2024', N'Năm học 2024-2025', N'Năm học từ 2024 đến 2025', NULL, CAST(N'2024-09-01' AS Date), CAST(N'2025-06-30' AS Date), CAST(N'2026-04-02T16:03:10.7200000' AS DateTime2), CAST(N'2026-04-02T16:03:10.7200000' AS DateTime2), NULL, NULL, NULL, NULL, 1)
INSERT [dbo].[school_years] ([id], [code], [name], [description], [note], [start_date], [end_date], [created_at], [updated_at], [created_by], [updated_by], [deleted_at], [deleted_by], [is_active]) VALUES (N'a035a99f-e5d3-4f4e-92c9-ba9ed581a22f', N'SY2023', N'Năm học 2023-2024', N'Năm học từ 2023 đến 2024', NULL, CAST(N'2023-09-01' AS Date), CAST(N'2024-06-30' AS Date), CAST(N'2026-04-02T16:03:10.7200000' AS DateTime2), CAST(N'2026-04-02T16:03:10.7200000' AS DateTime2), NULL, NULL, NULL, NULL, 1)
INSERT [dbo].[school_years] ([id], [code], [name], [description], [note], [start_date], [end_date], [created_at], [updated_at], [created_by], [updated_by], [deleted_at], [deleted_by], [is_active]) VALUES (N'07688bf4-403c-4e05-a569-bf294b0700b9', N'SY2026', N'Năm học 2026-2027', N'Năm học từ 2026 đến 2027', NULL, CAST(N'2026-09-01' AS Date), CAST(N'2027-06-30' AS Date), CAST(N'2026-04-02T16:03:10.7200000' AS DateTime2), CAST(N'2026-04-02T16:03:10.7200000' AS DateTime2), NULL, NULL, NULL, NULL, 1)
INSERT [dbo].[school_years] ([id], [code], [name], [description], [note], [start_date], [end_date], [created_at], [updated_at], [created_by], [updated_by], [deleted_at], [deleted_by], [is_active]) VALUES (N'9c2071cd-d9a8-44c2-9318-c941a1bd1dd1', N'SY2029', N'Năm học 2029-2030', N'Năm học từ 2029 đến 2030', NULL, CAST(N'2029-09-01' AS Date), CAST(N'2030-06-30' AS Date), CAST(N'2026-04-02T16:03:10.7200000' AS DateTime2), CAST(N'2026-04-02T16:03:10.7200000' AS DateTime2), NULL, NULL, NULL, NULL, 1)
INSERT [dbo].[school_years] ([id], [code], [name], [description], [note], [start_date], [end_date], [created_at], [updated_at], [created_by], [updated_by], [deleted_at], [deleted_by], [is_active]) VALUES (N'691523f2-bd96-441b-9357-e0caff11af4a', N'SY2018', N'Năm học 2018-2019', N'Năm học từ 2018 đến 2019', NULL, CAST(N'2018-09-01' AS Date), CAST(N'2019-06-30' AS Date), CAST(N'2026-04-02T16:03:10.7200000' AS DateTime2), CAST(N'2026-04-02T16:03:10.7200000' AS DateTime2), NULL, NULL, NULL, NULL, 1)
INSERT [dbo].[school_years] ([id], [code], [name], [description], [note], [start_date], [end_date], [created_at], [updated_at], [created_by], [updated_by], [deleted_at], [deleted_by], [is_active]) VALUES (N'e25c5a00-6710-41af-a648-fcdcb231cb9a', N'SY2014', N'Năm học 2014-2015', N'Năm học từ 2014 đến 2015', NULL, CAST(N'2014-09-01' AS Date), CAST(N'2015-06-30' AS Date), CAST(N'2026-04-02T16:03:10.7200000' AS DateTime2), CAST(N'2026-04-02T16:03:10.7200000' AS DateTime2), NULL, NULL, NULL, NULL, 1)
GO
INSERT [dbo].[semesters] ([id], [code], [name], [school_year_id], [school_year_name], [start_date], [end_date], [created_at], [updated_at], [created_by], [updated_by], [deleted_at], [deleted_by], [is_active]) VALUES (N'e941f638-e0ae-48d8-b0a4-6c356af20048', N'HK1_2014_2015', N'Học kỳ 1 năm học 2014-2015', N'84e45293-813a-4891-b233-b2b66b195c04', N'Năm học 2014-2015', CAST(N'2014-09-01' AS Date), CAST(N'2015-01-15' AS Date), CAST(N'2026-04-02T17:05:26.3333333' AS DateTime2), CAST(N'2026-04-02T17:05:26.3333333' AS DateTime2), NULL, NULL, NULL, NULL, 1)
INSERT [dbo].[semesters] ([id], [code], [name], [school_year_id], [school_year_name], [start_date], [end_date], [created_at], [updated_at], [created_by], [updated_by], [deleted_at], [deleted_by], [is_active]) VALUES (N'66112440-b80c-49b9-a774-ae728cd1731a', N'HK2_2014_2015', N'Học kỳ 2 năm học 2014-2015', N'84e45293-813a-4891-b233-b2b66b195c04', N'Năm học 2014-2015', CAST(N'2015-01-16' AS Date), CAST(N'2015-06-30' AS Date), CAST(N'2026-04-02T17:05:26.3700000' AS DateTime2), CAST(N'2026-04-02T17:05:26.3700000' AS DateTime2), NULL, NULL, NULL, NULL, 1)
INSERT [dbo].[semesters] ([id], [code], [name], [school_year_id], [school_year_name], [start_date], [end_date], [created_at], [updated_at], [created_by], [updated_by], [deleted_at], [deleted_by], [is_active]) VALUES (N'ec5ca34f-7ff7-43f6-a514-7d3e1acff750', N'HK1_2015_2016', N'Học kỳ 1 năm học 2015-2016', N'21f9301f-e941-480f-9e7c-aa527e5b3be4', N'Năm học 2015-2016', CAST(N'2015-09-01' AS Date), CAST(N'2016-01-15' AS Date), CAST(N'2026-04-02T17:05:26.3700000' AS DateTime2), CAST(N'2026-04-02T17:05:26.3700000' AS DateTime2), NULL, NULL, NULL, NULL, 1)
INSERT [dbo].[semesters] ([id], [code], [name], [school_year_id], [school_year_name], [start_date], [end_date], [created_at], [updated_at], [created_by], [updated_by], [deleted_at], [deleted_by], [is_active]) VALUES (N'4f5d7528-58b0-4188-8013-d71dc8a8d7e9', N'HK2_2015_2016', N'Học kỳ 2 năm học 2015-2016', N'21f9301f-e941-480f-9e7c-aa527e5b3be4', N'Năm học 2015-2016', CAST(N'2016-01-16' AS Date), CAST(N'2016-06-30' AS Date), CAST(N'2026-04-02T17:05:26.3700000' AS DateTime2), CAST(N'2026-04-02T17:05:26.3700000' AS DateTime2), NULL, NULL, NULL, NULL, 1)
INSERT [dbo].[semesters] ([id], [code], [name], [school_year_id], [school_year_name], [start_date], [end_date], [created_at], [updated_at], [created_by], [updated_by], [deleted_at], [deleted_by], [is_active]) VALUES (N'26b559fa-4e1f-4383-a8b2-21ea050b4efd', N'HK1_2016_2017', N'Học kỳ 1 năm học 2016-2017', N'33435934-8d8e-4df1-94f1-a70bfbca6ca8', N'Năm học 2016-2017', CAST(N'2016-09-01' AS Date), CAST(N'2017-01-15' AS Date), CAST(N'2026-04-02T17:05:26.3700000' AS DateTime2), CAST(N'2026-04-02T17:05:26.3700000' AS DateTime2), NULL, NULL, NULL, NULL, 1)
INSERT [dbo].[semesters] ([id], [code], [name], [school_year_id], [school_year_name], [start_date], [end_date], [created_at], [updated_at], [created_by], [updated_by], [deleted_at], [deleted_by], [is_active]) VALUES (N'12cf94ba-2bae-404b-8ce2-dd055cc224da', N'HK2_2016_2017', N'Học kỳ 2 năm học 2016-2017', N'33435934-8d8e-4df1-94f1-a70bfbca6ca8', N'Năm học 2016-2017', CAST(N'2017-01-16' AS Date), CAST(N'2017-06-30' AS Date), CAST(N'2026-04-02T17:05:26.3700000' AS DateTime2), CAST(N'2026-04-02T17:05:26.3700000' AS DateTime2), NULL, NULL, NULL, NULL, 1)
INSERT [dbo].[semesters] ([id], [code], [name], [school_year_id], [school_year_name], [start_date], [end_date], [created_at], [updated_at], [created_by], [updated_by], [deleted_at], [deleted_by], [is_active]) VALUES (N'66b9bf66-c342-4d8e-8abf-7b8bf323e147', N'HK1_2017_2018', N'Học kỳ 1 năm học 2017-2018', N'efcf3006-f452-4d92-b10d-6e00973dcf63', N'Năm học 2017-2018', CAST(N'2017-09-01' AS Date), CAST(N'2018-01-15' AS Date), CAST(N'2026-04-02T17:05:26.3700000' AS DateTime2), CAST(N'2026-04-02T17:05:26.3700000' AS DateTime2), NULL, NULL, NULL, NULL, 1)
INSERT [dbo].[semesters] ([id], [code], [name], [school_year_id], [school_year_name], [start_date], [end_date], [created_at], [updated_at], [created_by], [updated_by], [deleted_at], [deleted_by], [is_active]) VALUES (N'687c2c9a-c3fa-4307-afc4-ae582c8b966e', N'HK2_2017_2018', N'Học kỳ 2 năm học 2017-2018', N'efcf3006-f452-4d92-b10d-6e00973dcf63', N'Năm học 2017-2018', CAST(N'2018-01-16' AS Date), CAST(N'2018-06-30' AS Date), CAST(N'2026-04-02T17:05:26.3700000' AS DateTime2), CAST(N'2026-04-02T17:05:26.3700000' AS DateTime2), NULL, NULL, NULL, NULL, 1)
INSERT [dbo].[semesters] ([id], [code], [name], [school_year_id], [school_year_name], [start_date], [end_date], [created_at], [updated_at], [created_by], [updated_by], [deleted_at], [deleted_by], [is_active]) VALUES (N'8813efe9-d290-44ea-b5f2-9afe32fbe90b', N'HK1_2018_2019', N'Học kỳ 1 năm học 2018-2019', N'b3d2bfcc-7c34-4b3a-bd3a-ebf85cc57984', N'Năm học 2018-2019', CAST(N'2018-09-01' AS Date), CAST(N'2019-01-15' AS Date), CAST(N'2026-04-02T17:05:26.3700000' AS DateTime2), CAST(N'2026-04-02T17:05:26.3700000' AS DateTime2), NULL, NULL, NULL, NULL, 1)
INSERT [dbo].[semesters] ([id], [code], [name], [school_year_id], [school_year_name], [start_date], [end_date], [created_at], [updated_at], [created_by], [updated_by], [deleted_at], [deleted_by], [is_active]) VALUES (N'ffa49fea-a360-4fd7-98f7-47ed64ebdd1e', N'HK2_2018_2019', N'Học kỳ 2 năm học 2018-2019', N'b3d2bfcc-7c34-4b3a-bd3a-ebf85cc57984', N'Năm học 2018-2019', CAST(N'2019-01-16' AS Date), CAST(N'2019-06-30' AS Date), CAST(N'2026-04-02T17:05:26.3700000' AS DateTime2), CAST(N'2026-04-02T17:05:26.3700000' AS DateTime2), NULL, NULL, NULL, NULL, 1)
INSERT [dbo].[semesters] ([id], [code], [name], [school_year_id], [school_year_name], [start_date], [end_date], [created_at], [updated_at], [created_by], [updated_by], [deleted_at], [deleted_by], [is_active]) VALUES (N'ec7d5270-08f7-49ac-83df-4113f3c11059', N'HK1_2019_2020', N'Học kỳ 1 năm học 2019-2020', N'3e50e706-8dc2-4770-81a3-3c6f3537b8e6', N'Năm học 2019-2020', CAST(N'2019-09-01' AS Date), CAST(N'2020-01-15' AS Date), CAST(N'2026-04-02T17:05:26.3700000' AS DateTime2), CAST(N'2026-04-02T17:05:26.3700000' AS DateTime2), NULL, NULL, NULL, NULL, 1)
INSERT [dbo].[semesters] ([id], [code], [name], [school_year_id], [school_year_name], [start_date], [end_date], [created_at], [updated_at], [created_by], [updated_by], [deleted_at], [deleted_by], [is_active]) VALUES (N'c3fe279c-288a-41f5-b974-35d3b7741a66', N'HK2_2019_2020', N'Học kỳ 2 năm học 2019-2020', N'3e50e706-8dc2-4770-81a3-3c6f3537b8e6', N'Năm học 2019-2020', CAST(N'2020-01-16' AS Date), CAST(N'2020-06-30' AS Date), CAST(N'2026-04-02T17:05:26.3700000' AS DateTime2), CAST(N'2026-04-02T17:05:26.3700000' AS DateTime2), NULL, NULL, NULL, NULL, 1)
INSERT [dbo].[semesters] ([id], [code], [name], [school_year_id], [school_year_name], [start_date], [end_date], [created_at], [updated_at], [created_by], [updated_by], [deleted_at], [deleted_by], [is_active]) VALUES (N'f3b97c4a-a75b-4706-a0e7-e52dffc6454a', N'HK1_2020_2021', N'Học kỳ 1 năm học 2020-2021', N'44911347-7e33-4056-b5e5-2ed0c77caf3e', N'Năm học 2020-2021', CAST(N'2020-09-01' AS Date), CAST(N'2021-01-15' AS Date), CAST(N'2026-04-02T17:05:26.3700000' AS DateTime2), CAST(N'2026-04-02T17:05:26.3700000' AS DateTime2), NULL, NULL, NULL, NULL, 1)
INSERT [dbo].[semesters] ([id], [code], [name], [school_year_id], [school_year_name], [start_date], [end_date], [created_at], [updated_at], [created_by], [updated_by], [deleted_at], [deleted_by], [is_active]) VALUES (N'd9ef18fa-90fa-422e-ba65-cb065fc73096', N'HK2_2020_2021', N'Học kỳ 2 năm học 2020-2021', N'44911347-7e33-4056-b5e5-2ed0c77caf3e', N'Năm học 2020-2021', CAST(N'2021-01-16' AS Date), CAST(N'2021-06-30' AS Date), CAST(N'2026-04-02T17:05:26.3700000' AS DateTime2), CAST(N'2026-04-02T17:05:26.3700000' AS DateTime2), NULL, NULL, NULL, NULL, 1)
INSERT [dbo].[semesters] ([id], [code], [name], [school_year_id], [school_year_name], [start_date], [end_date], [created_at], [updated_at], [created_by], [updated_by], [deleted_at], [deleted_by], [is_active]) VALUES (N'dc4a62c0-15e6-4b3d-8e29-423e640a58b9', N'HK1_2021_2022', N'Học kỳ 1 năm học 2021-2022', N'fbd4148f-61b3-49d5-99d3-95e832f13f98', N'Năm học 2021-2022', CAST(N'2021-09-01' AS Date), CAST(N'2022-01-15' AS Date), CAST(N'2026-04-02T17:05:26.3700000' AS DateTime2), CAST(N'2026-04-02T17:05:26.3700000' AS DateTime2), NULL, NULL, NULL, NULL, 1)
INSERT [dbo].[semesters] ([id], [code], [name], [school_year_id], [school_year_name], [start_date], [end_date], [created_at], [updated_at], [created_by], [updated_by], [deleted_at], [deleted_by], [is_active]) VALUES (N'942fdac1-ccf7-4947-97af-8f1b6b862633', N'HK2_2021_2022', N'Học kỳ 2 năm học 2021-2022', N'fbd4148f-61b3-49d5-99d3-95e832f13f98', N'Năm học 2021-2022', CAST(N'2022-01-16' AS Date), CAST(N'2022-06-30' AS Date), CAST(N'2026-04-02T17:05:26.3700000' AS DateTime2), CAST(N'2026-04-02T17:05:26.3700000' AS DateTime2), NULL, NULL, NULL, NULL, 1)
INSERT [dbo].[semesters] ([id], [code], [name], [school_year_id], [school_year_name], [start_date], [end_date], [created_at], [updated_at], [created_by], [updated_by], [deleted_at], [deleted_by], [is_active]) VALUES (N'e8ae0b95-5af0-4c81-9efd-0b8cef855fbd', N'HK1_2022_2023', N'Học kỳ 1 năm học 2022-2023', N'7ab088e9-9eac-4308-a89c-3419740d5cc2', N'Năm học 2022-2023', CAST(N'2022-09-01' AS Date), CAST(N'2023-01-15' AS Date), CAST(N'2026-04-02T17:05:26.3700000' AS DateTime2), CAST(N'2026-04-02T17:05:26.3700000' AS DateTime2), NULL, NULL, NULL, NULL, 1)
INSERT [dbo].[semesters] ([id], [code], [name], [school_year_id], [school_year_name], [start_date], [end_date], [created_at], [updated_at], [created_by], [updated_by], [deleted_at], [deleted_by], [is_active]) VALUES (N'4a63c2e4-03ef-48ff-8d8d-2fb9197082e3', N'HK2_2022_2023', N'Học kỳ 2 năm học 2022-2023', N'7ab088e9-9eac-4308-a89c-3419740d5cc2', N'Năm học 2022-2023', CAST(N'2023-01-16' AS Date), CAST(N'2023-06-30' AS Date), CAST(N'2026-04-02T17:05:26.3700000' AS DateTime2), CAST(N'2026-04-02T17:05:26.3700000' AS DateTime2), NULL, NULL, NULL, NULL, 1)
INSERT [dbo].[semesters] ([id], [code], [name], [school_year_id], [school_year_name], [start_date], [end_date], [created_at], [updated_at], [created_by], [updated_by], [deleted_at], [deleted_by], [is_active]) VALUES (N'eb607eeb-2866-4817-a50c-ab1869863866', N'HK1_2023_2024', N'Học kỳ 1 năm học 2023-2024', N'17c5346e-2c7c-47e6-8b7d-c3586b726316', N'Năm học 2023-2024', CAST(N'2023-09-01' AS Date), CAST(N'2024-01-15' AS Date), CAST(N'2026-04-02T17:05:26.3700000' AS DateTime2), CAST(N'2026-04-02T17:05:26.3700000' AS DateTime2), NULL, NULL, NULL, NULL, 1)
INSERT [dbo].[semesters] ([id], [code], [name], [school_year_id], [school_year_name], [start_date], [end_date], [created_at], [updated_at], [created_by], [updated_by], [deleted_at], [deleted_by], [is_active]) VALUES (N'b07d80c9-d706-44b3-b44a-46b32c19008f', N'HK2_2023_2024', N'Học kỳ 2 năm học 2023-2024', N'17c5346e-2c7c-47e6-8b7d-c3586b726316', N'Năm học 2023-2024', CAST(N'2024-01-16' AS Date), CAST(N'2024-06-30' AS Date), CAST(N'2026-04-02T17:05:26.3733333' AS DateTime2), CAST(N'2026-04-02T17:05:26.3733333' AS DateTime2), NULL, NULL, NULL, NULL, 1)
INSERT [dbo].[semesters] ([id], [code], [name], [school_year_id], [school_year_name], [start_date], [end_date], [created_at], [updated_at], [created_by], [updated_by], [deleted_at], [deleted_by], [is_active]) VALUES (N'32e2e065-7dbd-4a83-a478-94c4066f7427', N'HK1_2024_2025', N'Học kỳ 1 năm học 2024-2025', N'63fef437-92ea-4d00-bd8e-4a77c40a85a7', N'Năm học 2024-2025', CAST(N'2024-09-01' AS Date), CAST(N'2025-01-15' AS Date), CAST(N'2026-04-02T17:05:26.3733333' AS DateTime2), CAST(N'2026-04-02T17:05:26.3733333' AS DateTime2), NULL, NULL, NULL, NULL, 1)
INSERT [dbo].[semesters] ([id], [code], [name], [school_year_id], [school_year_name], [start_date], [end_date], [created_at], [updated_at], [created_by], [updated_by], [deleted_at], [deleted_by], [is_active]) VALUES (N'1535627b-a3de-49ca-b9b9-e54893b78922', N'HK2_2024_2025', N'Học kỳ 2 năm học 2024-2025', N'63fef437-92ea-4d00-bd8e-4a77c40a85a7', N'Năm học 2024-2025', CAST(N'2025-01-16' AS Date), CAST(N'2025-06-30' AS Date), CAST(N'2026-04-02T17:05:26.3733333' AS DateTime2), CAST(N'2026-04-02T17:05:26.3733333' AS DateTime2), NULL, NULL, NULL, NULL, 1)
INSERT [dbo].[semesters] ([id], [code], [name], [school_year_id], [school_year_name], [start_date], [end_date], [created_at], [updated_at], [created_by], [updated_by], [deleted_at], [deleted_by], [is_active]) VALUES (N'1bbfb8e7-cf02-4b54-b056-e01eaa97c33e', N'HK1_2025_2026', N'Học kỳ 1 năm học 2025-2026', N'7edd35d0-889b-41b5-9546-7b948334b9f6', N'Năm học 2025-2026', CAST(N'2025-09-01' AS Date), CAST(N'2026-01-15' AS Date), CAST(N'2026-04-02T17:05:26.3733333' AS DateTime2), CAST(N'2026-04-02T17:05:26.3733333' AS DateTime2), NULL, NULL, NULL, NULL, 1)
INSERT [dbo].[semesters] ([id], [code], [name], [school_year_id], [school_year_name], [start_date], [end_date], [created_at], [updated_at], [created_by], [updated_by], [deleted_at], [deleted_by], [is_active]) VALUES (N'dac03940-77bc-4286-9aac-42befbf12d65', N'HK2_2025_2026', N'Học kỳ 2 năm học 2025-2026', N'7edd35d0-889b-41b5-9546-7b948334b9f6', N'Năm học 2025-2026', CAST(N'2026-01-16' AS Date), CAST(N'2026-06-30' AS Date), CAST(N'2026-04-02T17:05:26.3733333' AS DateTime2), CAST(N'2026-04-02T17:05:26.3733333' AS DateTime2), NULL, NULL, NULL, NULL, 1)
INSERT [dbo].[semesters] ([id], [code], [name], [school_year_id], [school_year_name], [start_date], [end_date], [created_at], [updated_at], [created_by], [updated_by], [deleted_at], [deleted_by], [is_active]) VALUES (N'd6bd7e49-6fa6-4fc4-9d8d-70391be191fa', N'HK1_2026_2027', N'Học kỳ 1 năm học 2026-2027', N'4bcec8a6-98b4-479e-b930-8a317d44af63', N'Năm học 2026-2027', CAST(N'2026-09-01' AS Date), CAST(N'2027-01-15' AS Date), CAST(N'2026-04-02T17:05:26.3733333' AS DateTime2), CAST(N'2026-04-02T17:05:26.3733333' AS DateTime2), NULL, NULL, NULL, NULL, 1)
INSERT [dbo].[semesters] ([id], [code], [name], [school_year_id], [school_year_name], [start_date], [end_date], [created_at], [updated_at], [created_by], [updated_by], [deleted_at], [deleted_by], [is_active]) VALUES (N'2e7d74f4-84aa-4e6f-85bc-c28391e0b14d', N'HK2_2026_2027', N'Học kỳ 2 năm học 2026-2027', N'4bcec8a6-98b4-479e-b930-8a317d44af63', N'Năm học 2026-2027', CAST(N'2027-01-16' AS Date), CAST(N'2027-06-30' AS Date), CAST(N'2026-04-02T17:05:26.3733333' AS DateTime2), CAST(N'2026-04-02T17:05:26.3733333' AS DateTime2), NULL, NULL, NULL, NULL, 1)
INSERT [dbo].[semesters] ([id], [code], [name], [school_year_id], [school_year_name], [start_date], [end_date], [created_at], [updated_at], [created_by], [updated_by], [deleted_at], [deleted_by], [is_active]) VALUES (N'f8074a64-1c4d-4bab-8ada-09fc7acf5707', N'HK1_2027_2028', N'Học kỳ 1 năm học 2027-2028', N'f6f8e605-5da7-44fe-bd05-baa577c709c4', N'Năm học 2027-2028', CAST(N'2027-09-01' AS Date), CAST(N'2028-01-15' AS Date), CAST(N'2026-04-02T17:05:26.3733333' AS DateTime2), CAST(N'2026-04-02T17:05:26.3733333' AS DateTime2), NULL, NULL, NULL, NULL, 1)
INSERT [dbo].[semesters] ([id], [code], [name], [school_year_id], [school_year_name], [start_date], [end_date], [created_at], [updated_at], [created_by], [updated_by], [deleted_at], [deleted_by], [is_active]) VALUES (N'd8c38520-8017-4f6f-b05c-e9a051bb0436', N'HK2_2027_2028', N'Học kỳ 2 năm học 2027-2028', N'f6f8e605-5da7-44fe-bd05-baa577c709c4', N'Năm học 2027-2028', CAST(N'2028-01-16' AS Date), CAST(N'2028-06-30' AS Date), CAST(N'2026-04-02T17:05:26.3733333' AS DateTime2), CAST(N'2026-04-02T17:05:26.3733333' AS DateTime2), NULL, NULL, NULL, NULL, 1)
INSERT [dbo].[semesters] ([id], [code], [name], [school_year_id], [school_year_name], [start_date], [end_date], [created_at], [updated_at], [created_by], [updated_by], [deleted_at], [deleted_by], [is_active]) VALUES (N'ed123b4f-9cdd-43a6-b2fb-02a67f1891dd', N'HK1_2028_2029', N'Học kỳ 1 năm học 2028-2029', N'42c93385-8846-4402-9d5e-0fe6eb4237a3', N'Năm học 2028-2029', CAST(N'2028-09-01' AS Date), CAST(N'2029-01-15' AS Date), CAST(N'2026-04-02T17:05:26.3733333' AS DateTime2), CAST(N'2026-04-02T17:05:26.3733333' AS DateTime2), NULL, NULL, NULL, NULL, 1)
INSERT [dbo].[semesters] ([id], [code], [name], [school_year_id], [school_year_name], [start_date], [end_date], [created_at], [updated_at], [created_by], [updated_by], [deleted_at], [deleted_by], [is_active]) VALUES (N'26cca307-4179-4f1f-81c7-7699f070f965', N'HK2_2028_2029', N'Học kỳ 2 năm học 2028-2029', N'42c93385-8846-4402-9d5e-0fe6eb4237a3', N'Năm học 2028-2029', CAST(N'2029-01-16' AS Date), CAST(N'2029-06-30' AS Date), CAST(N'2026-04-02T17:05:26.3733333' AS DateTime2), CAST(N'2026-04-02T17:05:26.3733333' AS DateTime2), NULL, NULL, NULL, NULL, 1)
INSERT [dbo].[semesters] ([id], [code], [name], [school_year_id], [school_year_name], [start_date], [end_date], [created_at], [updated_at], [created_by], [updated_by], [deleted_at], [deleted_by], [is_active]) VALUES (N'ab3ee1b4-4724-42ef-876e-677263bfdf65', N'HK1_2029_2030', N'Học kỳ 1 năm học 2029-2030', N'159466a8-bc5c-4e90-abb8-baf6eef7f685', N'Năm học 2029-2030', CAST(N'2029-09-01' AS Date), CAST(N'2030-01-15' AS Date), CAST(N'2026-04-02T17:05:26.3733333' AS DateTime2), CAST(N'2026-04-02T17:05:26.3733333' AS DateTime2), NULL, NULL, NULL, NULL, 1)
INSERT [dbo].[semesters] ([id], [code], [name], [school_year_id], [school_year_name], [start_date], [end_date], [created_at], [updated_at], [created_by], [updated_by], [deleted_at], [deleted_by], [is_active]) VALUES (N'88e2e481-c811-4d7d-82a1-b8e1652c38df', N'HK2_2029_2030', N'Học kỳ 2 năm học 2029-2030', N'159466a8-bc5c-4e90-abb8-baf6eef7f685', N'Năm học 2029-2030', CAST(N'2030-01-16' AS Date), CAST(N'2030-06-30' AS Date), CAST(N'2026-04-02T17:05:26.3733333' AS DateTime2), CAST(N'2026-04-02T17:05:26.3733333' AS DateTime2), NULL, NULL, NULL, NULL, 1)
INSERT [dbo].[semesters] ([id], [code], [name], [school_year_id], [school_year_name], [start_date], [end_date], [created_at], [updated_at], [created_by], [updated_by], [deleted_at], [deleted_by], [is_active]) VALUES (N'6f48376c-4662-437c-be77-6155703a6840', N'HK1_2030_2031', N'Học kỳ 1 năm học 2030-2031', N'103b2cab-809e-400b-b47c-5d0e8e90b596', N'Năm học 2030-2031', CAST(N'2030-09-01' AS Date), CAST(N'2031-01-15' AS Date), CAST(N'2026-04-02T17:05:26.3733333' AS DateTime2), CAST(N'2026-04-02T17:05:26.3733333' AS DateTime2), NULL, NULL, NULL, NULL, 1)
INSERT [dbo].[semesters] ([id], [code], [name], [school_year_id], [school_year_name], [start_date], [end_date], [created_at], [updated_at], [created_by], [updated_by], [deleted_at], [deleted_by], [is_active]) VALUES (N'2b26cb45-3164-4c47-b3e9-035d74a6e9e5', N'HK2_2030_2031', N'Học kỳ 2 năm học 2030-2031', N'103b2cab-809e-400b-b47c-5d0e8e90b596', N'Năm học 2030-2031', CAST(N'2031-01-16' AS Date), CAST(N'2031-06-30' AS Date), CAST(N'2026-04-02T17:05:26.3733333' AS DateTime2), CAST(N'2026-04-02T17:05:26.3733333' AS DateTime2), NULL, NULL, NULL, NULL, 1)
INSERT [dbo].[semesters] ([id], [code], [name], [school_year_id], [school_year_name], [start_date], [end_date], [created_at], [updated_at], [created_by], [updated_by], [deleted_at], [deleted_by], [is_active]) VALUES (N'33a95bff-17f6-4360-8b2b-cfca21daef4b', N'HK1_2031_2032', N'Học kỳ 1 năm học 2031-2032', N'168c1ad5-fbcc-4920-9c65-ea541b0a2100', N'Năm học 2031-2032', CAST(N'2031-09-01' AS Date), CAST(N'2032-01-15' AS Date), CAST(N'2026-04-02T17:05:26.3733333' AS DateTime2), CAST(N'2026-04-02T17:05:26.3733333' AS DateTime2), NULL, NULL, NULL, NULL, 1)
INSERT [dbo].[semesters] ([id], [code], [name], [school_year_id], [school_year_name], [start_date], [end_date], [created_at], [updated_at], [created_by], [updated_by], [deleted_at], [deleted_by], [is_active]) VALUES (N'8b694c26-726a-4a3a-a650-d72f1c4476bb', N'HK2_2031_2032', N'Học kỳ 2 năm học 2031-2032', N'168c1ad5-fbcc-4920-9c65-ea541b0a2100', N'Năm học 2031-2032', CAST(N'2032-01-16' AS Date), CAST(N'2032-06-30' AS Date), CAST(N'2026-04-02T17:05:26.3733333' AS DateTime2), CAST(N'2026-04-02T17:05:26.3733333' AS DateTime2), NULL, NULL, NULL, NULL, 1)
INSERT [dbo].[semesters] ([id], [code], [name], [school_year_id], [school_year_name], [start_date], [end_date], [created_at], [updated_at], [created_by], [updated_by], [deleted_at], [deleted_by], [is_active]) VALUES (N'89382e4a-513f-40c6-b9a0-ea7ddb1dbc12', N'HK1_2032_2033', N'Học kỳ 1 năm học 2032-2033', N'a9b5b260-0ea2-40e8-bcd9-6026ec90785c', N'Năm học 2032-2033', CAST(N'2032-09-01' AS Date), CAST(N'2033-01-15' AS Date), CAST(N'2026-04-02T17:05:26.3733333' AS DateTime2), CAST(N'2026-04-02T17:05:26.3733333' AS DateTime2), NULL, NULL, NULL, NULL, 1)
INSERT [dbo].[semesters] ([id], [code], [name], [school_year_id], [school_year_name], [start_date], [end_date], [created_at], [updated_at], [created_by], [updated_by], [deleted_at], [deleted_by], [is_active]) VALUES (N'b9748b52-75a9-4d73-924a-b8ad54a212fc', N'HK2_2032_2033', N'Học kỳ 2 năm học 2032-2033', N'a9b5b260-0ea2-40e8-bcd9-6026ec90785c', N'Năm học 2032-2033', CAST(N'2033-01-16' AS Date), CAST(N'2033-06-30' AS Date), CAST(N'2026-04-02T17:05:26.3766667' AS DateTime2), CAST(N'2026-04-02T17:05:26.3766667' AS DateTime2), NULL, NULL, NULL, NULL, 1)
INSERT [dbo].[semesters] ([id], [code], [name], [school_year_id], [school_year_name], [start_date], [end_date], [created_at], [updated_at], [created_by], [updated_by], [deleted_at], [deleted_by], [is_active]) VALUES (N'44dd8e1e-328d-4ca9-a694-534b0b9f53eb', N'HK1_2033_2034', N'Học kỳ 1 năm học 2033-2034', N'aaad1866-d3a9-47aa-80aa-63b583ac6f32', N'Năm học 2033-2034', CAST(N'2033-09-01' AS Date), CAST(N'2034-01-15' AS Date), CAST(N'2026-04-02T17:05:26.3766667' AS DateTime2), CAST(N'2026-04-02T17:05:26.3766667' AS DateTime2), NULL, NULL, NULL, NULL, 1)
INSERT [dbo].[semesters] ([id], [code], [name], [school_year_id], [school_year_name], [start_date], [end_date], [created_at], [updated_at], [created_by], [updated_by], [deleted_at], [deleted_by], [is_active]) VALUES (N'782915b6-b2e0-4eed-80bf-d4e82b0841f7', N'HK2_2033_2034', N'Học kỳ 2 năm học 2033-2034', N'aaad1866-d3a9-47aa-80aa-63b583ac6f32', N'Năm học 2033-2034', CAST(N'2034-01-16' AS Date), CAST(N'2034-06-30' AS Date), CAST(N'2026-04-02T17:05:26.3766667' AS DateTime2), CAST(N'2026-04-02T17:05:26.3766667' AS DateTime2), NULL, NULL, NULL, NULL, 1)
GO
INSERT [dbo].[students] ([date_of_birth], [date_of_issue], [is_active], [admission_year], [created_at], [deleted_at], [updated_at], [gender], [academic_year_year], [created_by], [deleted_by], [department_id], [id], [major_id], [student_classe_id], [training_program_id], [updated_by], [user_id], [personal_identification_number], [status], [card_place], [code], [address], [current_address], [full_name]) VALUES (NULL, NULL, 0, NULL, CAST(N'2026-05-12T22:51:58.0933330' AS DateTime2), CAST(N'2026-05-13T01:05:29.1045610' AS DateTime2), CAST(N'2026-05-13T01:05:29.1101090' AS DateTime2), NULL, NULL, NULL, NULL, NULL, N'23b25bb5-5e25-4957-8cd8-1ffe4e55d4d9', NULL, NULL, NULL, NULL, N'5124e359-51e0-459c-a23b-e41b47426952', NULL, NULL, NULL, N'21001015', NULL, NULL, N'Trương Công Vinh')
INSERT [dbo].[students] ([date_of_birth], [date_of_issue], [is_active], [admission_year], [created_at], [deleted_at], [updated_at], [gender], [academic_year_year], [created_by], [deleted_by], [department_id], [id], [major_id], [student_classe_id], [training_program_id], [updated_by], [user_id], [personal_identification_number], [status], [card_place], [code], [address], [current_address], [full_name]) VALUES (NULL, NULL, 0, NULL, CAST(N'2026-05-12T22:51:58.0933330' AS DateTime2), CAST(N'2026-05-13T01:09:59.6893880' AS DateTime2), CAST(N'2026-05-13T01:09:59.6944450' AS DateTime2), NULL, NULL, NULL, NULL, NULL, N'bdf4e66d-55b2-4f39-8c87-2f0121f12b0f', NULL, NULL, NULL, NULL, N'5335995b-fe04-4928-be30-62367bda7cbb', NULL, NULL, NULL, N'21001011', NULL, NULL, N'Dương Văn Khoa')
INSERT [dbo].[students] ([date_of_birth], [date_of_issue], [is_active], [admission_year], [created_at], [deleted_at], [updated_at], [gender], [academic_year_year], [created_by], [deleted_by], [department_id], [id], [major_id], [student_classe_id], [training_program_id], [updated_by], [user_id], [personal_identification_number], [status], [card_place], [code], [address], [current_address], [full_name]) VALUES (NULL, NULL, 1, NULL, CAST(N'2026-05-12T22:51:58.0933330' AS DateTime2), NULL, NULL, NULL, NULL, NULL, NULL, NULL, N'294d48cd-c786-4355-9d5b-364a0883865e', NULL, NULL, NULL, NULL, N'5f4c7291-b3c8-4bb4-a953-1c3e047574d6', NULL, NULL, NULL, N'21001018', NULL, NULL, N'Đào Thu Trang')
INSERT [dbo].[students] ([date_of_birth], [date_of_issue], [is_active], [admission_year], [created_at], [deleted_at], [updated_at], [gender], [academic_year_year], [created_by], [deleted_by], [department_id], [id], [major_id], [student_classe_id], [training_program_id], [updated_by], [user_id], [personal_identification_number], [status], [card_place], [code], [address], [current_address], [full_name]) VALUES (NULL, NULL, 0, NULL, CAST(N'2026-05-12T22:51:58.0900000' AS DateTime2), CAST(N'2026-05-13T01:05:51.8476920' AS DateTime2), CAST(N'2026-05-13T01:05:51.8487060' AS DateTime2), NULL, NULL, NULL, NULL, NULL, N'056aa66c-8cfb-4ce1-9eb4-3ca1f27c75d9', NULL, NULL, NULL, NULL, N'3ed518c2-a852-4509-95bd-265f9169bf70', NULL, NULL, NULL, N'21001001', NULL, NULL, N'Nguyễn Hoàng Nam')
INSERT [dbo].[students] ([date_of_birth], [date_of_issue], [is_active], [admission_year], [created_at], [deleted_at], [updated_at], [gender], [academic_year_year], [created_by], [deleted_by], [department_id], [id], [major_id], [student_classe_id], [training_program_id], [updated_by], [user_id], [personal_identification_number], [status], [card_place], [code], [address], [current_address], [full_name]) VALUES (NULL, NULL, 1, NULL, CAST(N'2026-05-12T22:51:58.0933330' AS DateTime2), NULL, NULL, NULL, NULL, NULL, NULL, NULL, N'03d538a1-504c-4e72-8374-418b09fb8091', NULL, NULL, NULL, NULL, N'6bcc0587-4ff9-4a32-b8b4-590073baa4cd', NULL, NULL, NULL, N'21001020', NULL, NULL, N'Nguyễn Khánh Linh')
INSERT [dbo].[students] ([date_of_birth], [date_of_issue], [is_active], [admission_year], [created_at], [deleted_at], [updated_at], [gender], [academic_year_year], [created_by], [deleted_by], [department_id], [id], [major_id], [student_classe_id], [training_program_id], [updated_by], [user_id], [personal_identification_number], [status], [card_place], [code], [address], [current_address], [full_name]) VALUES (NULL, NULL, 1, NULL, CAST(N'2026-05-12T22:51:58.0900000' AS DateTime2), NULL, NULL, NULL, NULL, NULL, NULL, NULL, N'57e447ba-b16d-429d-b772-709f4af985f7', NULL, NULL, NULL, NULL, N'33b3d421-7770-41ac-b88e-cee588208cd6', NULL, NULL, NULL, N'21001006', NULL, NULL, N'Đỗ Minh Đức')
INSERT [dbo].[students] ([date_of_birth], [date_of_issue], [is_active], [admission_year], [created_at], [deleted_at], [updated_at], [gender], [academic_year_year], [created_by], [deleted_by], [department_id], [id], [major_id], [student_classe_id], [training_program_id], [updated_by], [user_id], [personal_identification_number], [status], [card_place], [code], [address], [current_address], [full_name]) VALUES (NULL, NULL, 1, NULL, CAST(N'2026-05-12T22:51:58.0900000' AS DateTime2), NULL, NULL, NULL, NULL, NULL, NULL, NULL, N'61707556-a040-41eb-a13d-7fd9ad166828', NULL, NULL, NULL, NULL, N'4be8e2f2-c6f7-4e95-8a0c-bcbeb5dfd286', NULL, NULL, NULL, N'21001003', NULL, NULL, N'Lê Thị Mai Anh')
INSERT [dbo].[students] ([date_of_birth], [date_of_issue], [is_active], [admission_year], [created_at], [deleted_at], [updated_at], [gender], [academic_year_year], [created_by], [deleted_by], [department_id], [id], [major_id], [student_classe_id], [training_program_id], [updated_by], [user_id], [personal_identification_number], [status], [card_place], [code], [address], [current_address], [full_name]) VALUES (NULL, NULL, 0, NULL, CAST(N'2026-05-12T22:51:58.0933330' AS DateTime2), CAST(N'2026-05-13T17:27:04.4791020' AS DateTime2), CAST(N'2026-05-13T17:27:04.4822690' AS DateTime2), NULL, NULL, NULL, NULL, NULL, N'9d8d8364-11e6-4ce7-ac67-87d92083239b', NULL, NULL, NULL, NULL, N'3a210feb-44ff-4de5-a657-a07fe24bb5e3', NULL, NULL, NULL, N'21001013', NULL, NULL, N'Đặng Quốc Anh')
INSERT [dbo].[students] ([date_of_birth], [date_of_issue], [is_active], [admission_year], [created_at], [deleted_at], [updated_at], [gender], [academic_year_year], [created_by], [deleted_by], [department_id], [id], [major_id], [student_classe_id], [training_program_id], [updated_by], [user_id], [personal_identification_number], [status], [card_place], [code], [address], [current_address], [full_name]) VALUES (NULL, NULL, 1, NULL, CAST(N'2026-05-12T22:51:58.0933330' AS DateTime2), NULL, NULL, NULL, NULL, NULL, NULL, NULL, N'4732f8dc-d584-4a09-ab26-96fb0c363a09', NULL, NULL, NULL, NULL, N'61e578d2-b3aa-443a-9bc6-bc0cbb164cc6', NULL, NULL, NULL, N'21001019', NULL, NULL, N'Tạ Minh Long')
INSERT [dbo].[students] ([date_of_birth], [date_of_issue], [is_active], [admission_year], [created_at], [deleted_at], [updated_at], [gender], [academic_year_year], [created_by], [deleted_by], [department_id], [id], [major_id], [student_classe_id], [training_program_id], [updated_by], [user_id], [personal_identification_number], [status], [card_place], [code], [address], [current_address], [full_name]) VALUES (NULL, NULL, 1, NULL, CAST(N'2026-05-12T22:51:58.0900000' AS DateTime2), NULL, NULL, NULL, NULL, NULL, NULL, NULL, N'67a6cae8-b048-40d0-8ccc-acd3a863727d', NULL, NULL, NULL, NULL, N'4d992eca-f262-4447-b2d7-a61a343d8184', NULL, NULL, NULL, N'21001002', NULL, NULL, N'Trần Minh Quang')
INSERT [dbo].[students] ([date_of_birth], [date_of_issue], [is_active], [admission_year], [created_at], [deleted_at], [updated_at], [gender], [academic_year_year], [created_by], [deleted_by], [department_id], [id], [major_id], [student_classe_id], [training_program_id], [updated_by], [user_id], [personal_identification_number], [status], [card_place], [code], [address], [current_address], [full_name]) VALUES (NULL, NULL, 1, NULL, CAST(N'2026-05-12T22:51:58.0933330' AS DateTime2), NULL, NULL, NULL, NULL, NULL, NULL, NULL, N'd0d72454-3227-4cb2-b48d-b10ff439cba8', NULL, NULL, NULL, NULL, N'cab87dd5-0d81-40b5-997d-44942734158e', NULL, NULL, NULL, N'21001010', NULL, NULL, N'Phan Tuyết Nhi')
INSERT [dbo].[students] ([date_of_birth], [date_of_issue], [is_active], [admission_year], [created_at], [deleted_at], [updated_at], [gender], [academic_year_year], [created_by], [deleted_by], [department_id], [id], [major_id], [student_classe_id], [training_program_id], [updated_by], [user_id], [personal_identification_number], [status], [card_place], [code], [address], [current_address], [full_name]) VALUES (NULL, NULL, 1, NULL, CAST(N'2026-05-12T22:51:58.0933330' AS DateTime2), NULL, NULL, NULL, NULL, NULL, NULL, NULL, N'1214e331-bb34-4e04-883e-b75f1579f1c6', NULL, NULL, NULL, NULL, N'08c4f2ff-e347-452c-90a2-77fd51746809', NULL, NULL, NULL, N'21001014', NULL, NULL, N'Hoàng Ngọc Diệp')
INSERT [dbo].[students] ([date_of_birth], [date_of_issue], [is_active], [admission_year], [created_at], [deleted_at], [updated_at], [gender], [academic_year_year], [created_by], [deleted_by], [department_id], [id], [major_id], [student_classe_id], [training_program_id], [updated_by], [user_id], [personal_identification_number], [status], [card_place], [code], [address], [current_address], [full_name]) VALUES (NULL, NULL, 1, NULL, CAST(N'2026-05-12T22:51:58.0933330' AS DateTime2), NULL, NULL, NULL, NULL, NULL, NULL, NULL, N'452cdbb1-43d1-49a1-8ea7-b96d79f54fb9', NULL, NULL, NULL, NULL, N'd54bb297-0314-41fb-a6fe-973c7c0a06a6', NULL, NULL, NULL, N'21001008', NULL, NULL, N'Bùi Anh Tuấn')
INSERT [dbo].[students] ([date_of_birth], [date_of_issue], [is_active], [admission_year], [created_at], [deleted_at], [updated_at], [gender], [academic_year_year], [created_by], [deleted_by], [department_id], [id], [major_id], [student_classe_id], [training_program_id], [updated_by], [user_id], [personal_identification_number], [status], [card_place], [code], [address], [current_address], [full_name]) VALUES (NULL, NULL, 1, NULL, CAST(N'2026-05-12T22:51:58.0933330' AS DateTime2), NULL, NULL, NULL, NULL, NULL, NULL, NULL, N'4c6807fc-c7a2-4b76-b6fd-c42d1d003988', NULL, NULL, NULL, NULL, N'73c5e4f7-3323-4454-9607-871ca4bbb88f', NULL, NULL, NULL, N'21001009', NULL, NULL, N'Lý Gia Bảo')
INSERT [dbo].[students] ([date_of_birth], [date_of_issue], [is_active], [admission_year], [created_at], [deleted_at], [updated_at], [gender], [academic_year_year], [created_by], [deleted_by], [department_id], [id], [major_id], [student_classe_id], [training_program_id], [updated_by], [user_id], [personal_identification_number], [status], [card_place], [code], [address], [current_address], [full_name]) VALUES (NULL, NULL, 1, NULL, CAST(N'2026-05-12T22:51:58.0933330' AS DateTime2), NULL, NULL, NULL, NULL, NULL, NULL, NULL, N'66380815-3adb-44ad-8bbf-c7f8b7803c5c', NULL, NULL, NULL, NULL, N'c21adc62-8cf5-4517-8162-91002b009ae9', NULL, NULL, NULL, N'21001012', NULL, NULL, N'Trịnh Thu Thảo')
INSERT [dbo].[students] ([date_of_birth], [date_of_issue], [is_active], [admission_year], [created_at], [deleted_at], [updated_at], [gender], [academic_year_year], [created_by], [deleted_by], [department_id], [id], [major_id], [student_classe_id], [training_program_id], [updated_by], [user_id], [personal_identification_number], [status], [card_place], [code], [address], [current_address], [full_name]) VALUES (NULL, NULL, 1, NULL, CAST(N'2026-05-12T22:51:58.0933330' AS DateTime2), NULL, NULL, NULL, NULL, NULL, NULL, NULL, N'429a4a12-8b3e-4ad5-893a-d9f80e084124', NULL, NULL, NULL, NULL, N'6e4ac115-f4d4-4eb8-9a28-6911d00917c4', NULL, NULL, NULL, N'21001017', NULL, NULL, N'Võ Phương Nam')
INSERT [dbo].[students] ([date_of_birth], [date_of_issue], [is_active], [admission_year], [created_at], [deleted_at], [updated_at], [gender], [academic_year_year], [created_by], [deleted_by], [department_id], [id], [major_id], [student_classe_id], [training_program_id], [updated_by], [user_id], [personal_identification_number], [status], [card_place], [code], [address], [current_address], [full_name]) VALUES (NULL, NULL, 1, NULL, CAST(N'2026-05-12T22:51:58.0933330' AS DateTime2), NULL, NULL, NULL, NULL, NULL, NULL, NULL, N'ca4f8099-32cb-40bf-a7e3-dc0a5a01e9e5', NULL, NULL, NULL, NULL, N'abd234d4-bcd4-4276-b8fa-24643d251423', NULL, NULL, NULL, N'21001016', NULL, NULL, N'Lương Minh Nhật')
INSERT [dbo].[students] ([date_of_birth], [date_of_issue], [is_active], [admission_year], [created_at], [deleted_at], [updated_at], [gender], [academic_year_year], [created_by], [deleted_by], [department_id], [id], [major_id], [student_classe_id], [training_program_id], [updated_by], [user_id], [personal_identification_number], [status], [card_place], [code], [address], [current_address], [full_name]) VALUES (NULL, NULL, 1, NULL, CAST(N'2026-05-12T22:51:58.0933330' AS DateTime2), NULL, NULL, NULL, NULL, NULL, NULL, NULL, N'01f96184-f4c9-4b6f-a829-e025acc66717', NULL, NULL, NULL, NULL, N'e9b5c5c4-3bd1-4c4f-a163-8f596264abd2', NULL, NULL, NULL, N'21001007', NULL, NULL, N'Ngô Thanh Hằng')
INSERT [dbo].[students] ([date_of_birth], [date_of_issue], [is_active], [admission_year], [created_at], [deleted_at], [updated_at], [gender], [academic_year_year], [created_by], [deleted_by], [department_id], [id], [major_id], [student_classe_id], [training_program_id], [updated_by], [user_id], [personal_identification_number], [status], [card_place], [code], [address], [current_address], [full_name]) VALUES (NULL, NULL, 1, NULL, CAST(N'2026-05-12T22:51:58.0900000' AS DateTime2), NULL, NULL, NULL, NULL, NULL, NULL, NULL, N'c6c10659-3794-40e2-bfb9-f2c0f82adb06', NULL, NULL, NULL, NULL, N'f07f3029-223f-4e84-8263-706c248600e0', NULL, NULL, NULL, N'21001005', NULL, NULL, N'Vũ Hải Yến')
INSERT [dbo].[students] ([date_of_birth], [date_of_issue], [is_active], [admission_year], [created_at], [deleted_at], [updated_at], [gender], [academic_year_year], [created_by], [deleted_by], [department_id], [id], [major_id], [student_classe_id], [training_program_id], [updated_by], [user_id], [personal_identification_number], [status], [card_place], [code], [address], [current_address], [full_name]) VALUES (NULL, NULL, 1, NULL, CAST(N'2026-05-12T22:51:58.0900000' AS DateTime2), NULL, NULL, NULL, NULL, NULL, NULL, NULL, N'31e33217-1664-4a93-9d45-f70a7f806b23', NULL, NULL, NULL, NULL, N'03873b5f-8f99-426b-8a3d-4b29e91d60e7', NULL, NULL, NULL, N'21001004', NULL, NULL, N'Phạm Đức Thắng')
INSERT [dbo].[students] ([date_of_birth], [date_of_issue], [is_active], [admission_year], [created_at], [deleted_at], [updated_at], [gender], [academic_year_year], [created_by], [deleted_by], [department_id], [id], [major_id], [student_classe_id], [training_program_id], [updated_by], [user_id], [personal_identification_number], [status], [card_place], [code], [address], [current_address], [full_name]) VALUES (NULL, NULL, 1, NULL, CAST(N'2026-05-12T23:04:06.0447300' AS DateTime2), NULL, CAST(N'2026-05-12T23:04:06.0447300' AS DateTime2), NULL, NULL, NULL, NULL, NULL, N'45206316-6af9-48e9-8076-fd65b01980a3', NULL, NULL, NULL, NULL, N'6b0b49a0-dc6a-4e53-9514-8a0f028d74c9', NULL, NULL, NULL, N'SV001', NULL, NULL, N'Nguyễn Văn Sinh Viên')
GO
INSERT [dbo].[training_programs] ([id], [code], [name], [name_en], [major_id], [department_id], [degree_level], [education_type], [total_credits], [required_credits], [elective_credits], [internship_credits], [thesis_credits], [admission_year], [duration_years], [max_duration_years], [effective_date], [expiry_date], [description], [objectives], [learning_outcomes], [version], [status], [created_at], [updated_at], [created_by], [updated_by], [deleted_at], [deleted_by], [is_active]) VALUES (N'82782904-ce7d-49cf-85c2-02a6501ce796', N'TP00034', N'Chương trình đào tạo Logistics và Quản lý chuỗi cung ứng 33', N'Training Program of Logistics và Quản lý chuỗi cung ứng 33', N'f2899352-9dc5-4b4b-a381-9c13056377fa', N'0990900d-0cea-4ed2-989f-e741412ad3f2', N'Đại học', N'Chính quy', CAST(134.0 AS Decimal(5, 1)), CAST(94.0 AS Decimal(5, 1)), CAST(30.0 AS Decimal(5, 1)), CAST(9.0 AS Decimal(5, 1)), CAST(8.0 AS Decimal(5, 1)), CAST(N'2024-09-01' AS Date), CAST(4.0 AS Decimal(5, 1)), CAST(6.0 AS Decimal(5, 1)), CAST(N'2026-04-02' AS Date), NULL, N'Chương trình đào tạo dành cho ngành Logistics và Quản lý chuỗi cung ứng 33', N'Đào tạo sinh viên có kiến thức chuyên môn và kỹ năng nghề nghiệp trong lĩnh vực Logistics và Quản lý chuỗi cung ứng 33', N'Sinh viên tốt nghiệp có khả năng làm việc, nghiên cứu và phát triển trong lĩnh vực Logistics và Quản lý chuỗi cung ứng 33', N'v1.0', N'draft', CAST(N'2026-04-02T18:37:05.9833333' AS DateTime2), CAST(N'2026-04-02T18:37:05.9833333' AS DateTime2), NULL, NULL, NULL, NULL, 1)
INSERT [dbo].[training_programs] ([id], [code], [name], [name_en], [major_id], [department_id], [degree_level], [education_type], [total_credits], [required_credits], [elective_credits], [internship_credits], [thesis_credits], [admission_year], [duration_years], [max_duration_years], [effective_date], [expiry_date], [description], [objectives], [learning_outcomes], [version], [status], [created_at], [updated_at], [created_by], [updated_by], [deleted_at], [deleted_by], [is_active]) VALUES (N'6239d04f-4591-4ab4-b85e-02d9c5e3cb30', N'TP00037', N'Chương trình đào tạo Trí tuệ nhân tạo 9', N'Training Program of Trí tuệ nhân tạo 9', N'cd2e74ba-8cd1-4100-a8c2-b44bb4cdb684', N'a507a2a1-63ae-4bfc-891d-a9596c18959d', N'Đại học', N'Chất lượng cao', CAST(137.0 AS Decimal(5, 1)), CAST(97.0 AS Decimal(5, 1)), CAST(30.0 AS Decimal(5, 1)), CAST(7.0 AS Decimal(5, 1)), CAST(8.0 AS Decimal(5, 1)), CAST(N'2022-09-01' AS Date), CAST(4.0 AS Decimal(5, 1)), CAST(6.0 AS Decimal(5, 1)), CAST(N'2026-04-02' AS Date), NULL, N'Chương trình đào tạo dành cho ngành Trí tuệ nhân tạo 9', N'Đào tạo sinh viên có kiến thức chuyên môn và kỹ năng nghề nghiệp trong lĩnh vực Trí tuệ nhân tạo 9', N'Sinh viên tốt nghiệp có khả năng làm việc, nghiên cứu và phát triển trong lĩnh vực Trí tuệ nhân tạo 9', N'v1.0', N'draft', CAST(N'2026-04-02T18:37:05.9833333' AS DateTime2), CAST(N'2026-04-02T18:37:05.9833333' AS DateTime2), NULL, NULL, NULL, NULL, 1)
INSERT [dbo].[training_programs] ([id], [code], [name], [name_en], [major_id], [department_id], [degree_level], [education_type], [total_credits], [required_credits], [elective_credits], [internship_credits], [thesis_credits], [admission_year], [duration_years], [max_duration_years], [effective_date], [expiry_date], [description], [objectives], [learning_outcomes], [version], [status], [created_at], [updated_at], [created_by], [updated_by], [deleted_at], [deleted_by], [is_active]) VALUES (N'b8b4bef9-85af-4424-929b-06bc630c3fd4', N'TP00010', N'Chương trình đào tạo Logistics và Quản lý chuỗi cung ứng 24', N'Training Program of Logistics và Quản lý chuỗi cung ứng 24', N'c4427930-b521-47b7-8e0e-138653cb41ce', N'4781f61f-8d0c-4177-b5ab-925ae1a6cce6', N'Đại học', N'Chính quy', CAST(130.0 AS Decimal(5, 1)), CAST(90.0 AS Decimal(5, 1)), CAST(30.0 AS Decimal(5, 1)), CAST(5.0 AS Decimal(5, 1)), CAST(8.0 AS Decimal(5, 1)), CAST(N'2020-09-01' AS Date), CAST(4.0 AS Decimal(5, 1)), CAST(6.0 AS Decimal(5, 1)), CAST(N'2026-04-02' AS Date), NULL, N'Chương trình đào tạo dành cho ngành Logistics và Quản lý chuỗi cung ứng 24', N'Đào tạo sinh viên có kiến thức chuyên môn và kỹ năng nghề nghiệp trong lĩnh vực Logistics và Quản lý chuỗi cung ứng 24', N'Sinh viên tốt nghiệp có khả năng làm việc, nghiên cứu và phát triển trong lĩnh vực Logistics và Quản lý chuỗi cung ứng 24', N'v1.0', N'draft', CAST(N'2026-04-02T18:37:05.9833333' AS DateTime2), CAST(N'2026-04-02T18:37:05.9833333' AS DateTime2), NULL, NULL, NULL, NULL, 1)
INSERT [dbo].[training_programs] ([id], [code], [name], [name_en], [major_id], [department_id], [degree_level], [education_type], [total_credits], [required_credits], [elective_credits], [internship_credits], [thesis_credits], [admission_year], [duration_years], [max_duration_years], [effective_date], [expiry_date], [description], [objectives], [learning_outcomes], [version], [status], [created_at], [updated_at], [created_by], [updated_by], [deleted_at], [deleted_by], [is_active]) VALUES (N'20da35a0-50b2-464d-b6d2-0bae4841d45e', N'TP00023', N'Chương trình đào tạo Kỹ thuật phần mềm 5', N'Training Program of Kỹ thuật phần mềm 5', N'c3cd2ec4-2036-49df-879a-729fc4212ebf', N'd032b7bc-41aa-4cc6-8d54-671bc8dc30b7', N'Đại học', N'Chất lượng cao', CAST(123.0 AS Decimal(5, 1)), CAST(93.0 AS Decimal(5, 1)), CAST(30.0 AS Decimal(5, 1)), CAST(8.0 AS Decimal(5, 1)), CAST(8.0 AS Decimal(5, 1)), CAST(N'2023-09-01' AS Date), CAST(4.0 AS Decimal(5, 1)), CAST(6.0 AS Decimal(5, 1)), CAST(N'2026-04-02' AS Date), NULL, N'Chương trình đào tạo dành cho ngành Kỹ thuật phần mềm 5', N'Đào tạo sinh viên có kiến thức chuyên môn và kỹ năng nghề nghiệp trong lĩnh vực Kỹ thuật phần mềm 5', N'Sinh viên tốt nghiệp có khả năng làm việc, nghiên cứu và phát triển trong lĩnh vực Kỹ thuật phần mềm 5', N'v1.0', N'draft', CAST(N'2026-04-02T18:37:05.9833333' AS DateTime2), CAST(N'2026-04-02T18:37:05.9833333' AS DateTime2), NULL, NULL, NULL, NULL, 1)
INSERT [dbo].[training_programs] ([id], [code], [name], [name_en], [major_id], [department_id], [degree_level], [education_type], [total_credits], [required_credits], [elective_credits], [internship_credits], [thesis_credits], [admission_year], [duration_years], [max_duration_years], [effective_date], [expiry_date], [description], [objectives], [learning_outcomes], [version], [status], [created_at], [updated_at], [created_by], [updated_by], [deleted_at], [deleted_by], [is_active]) VALUES (N'696ff125-ec14-42cd-8566-0da699c55081', N'TP00007', N'Chương trình đào tạo Kỹ thuật phần mềm 6', N'Training Program of Kỹ thuật phần mềm 6', N'1ea72a8e-dafc-4a6b-9c6c-0b0f80b5807c', N'd369eaab-b88e-4707-9f24-9c2d78b8cc9e', N'Đại học', N'Chất lượng cao', CAST(127.0 AS Decimal(5, 1)), CAST(97.0 AS Decimal(5, 1)), CAST(30.0 AS Decimal(5, 1)), CAST(7.0 AS Decimal(5, 1)), CAST(8.0 AS Decimal(5, 1)), CAST(N'2022-09-01' AS Date), CAST(4.0 AS Decimal(5, 1)), CAST(6.0 AS Decimal(5, 1)), CAST(N'2026-04-02' AS Date), NULL, N'Chương trình đào tạo dành cho ngành Kỹ thuật phần mềm 6', N'Đào tạo sinh viên có kiến thức chuyên môn và kỹ năng nghề nghiệp trong lĩnh vực Kỹ thuật phần mềm 6', N'Sinh viên tốt nghiệp có khả năng làm việc, nghiên cứu và phát triển trong lĩnh vực Kỹ thuật phần mềm 6', N'v1.0', N'draft', CAST(N'2026-04-02T18:37:05.9833333' AS DateTime2), CAST(N'2026-04-02T18:37:05.9833333' AS DateTime2), NULL, NULL, NULL, NULL, 1)
INSERT [dbo].[training_programs] ([id], [code], [name], [name_en], [major_id], [department_id], [degree_level], [education_type], [total_credits], [required_credits], [elective_credits], [internship_credits], [thesis_credits], [admission_year], [duration_years], [max_duration_years], [effective_date], [expiry_date], [description], [objectives], [learning_outcomes], [version], [status], [created_at], [updated_at], [created_by], [updated_by], [deleted_at], [deleted_by], [is_active]) VALUES (N'2e3a619a-40d5-4418-9ec4-114abd855871', N'TP00011', N'Chương trình đào tạo Marketing 30', N'Training Program of Marketing 30', N'92187559-d7f9-403f-b40f-203372dfb9f5', N'2d6f9f55-0841-402f-a3b7-be880ab42cba', N'Đại học', N'Chất lượng cao', CAST(131.0 AS Decimal(5, 1)), CAST(91.0 AS Decimal(5, 1)), CAST(30.0 AS Decimal(5, 1)), CAST(6.0 AS Decimal(5, 1)), CAST(8.0 AS Decimal(5, 1)), CAST(N'2021-09-01' AS Date), CAST(4.0 AS Decimal(5, 1)), CAST(6.0 AS Decimal(5, 1)), CAST(N'2026-04-02' AS Date), NULL, N'Chương trình đào tạo dành cho ngành Marketing 30', N'Đào tạo sinh viên có kiến thức chuyên môn và kỹ năng nghề nghiệp trong lĩnh vực Marketing 30', N'Sinh viên tốt nghiệp có khả năng làm việc, nghiên cứu và phát triển trong lĩnh vực Marketing 30', N'v1.0', N'draft', CAST(N'2026-04-02T18:37:05.9833333' AS DateTime2), CAST(N'2026-04-02T18:37:05.9833333' AS DateTime2), NULL, NULL, NULL, NULL, 1)
INSERT [dbo].[training_programs] ([id], [code], [name], [name_en], [major_id], [department_id], [degree_level], [education_type], [total_credits], [required_credits], [elective_credits], [internship_credits], [thesis_credits], [admission_year], [duration_years], [max_duration_years], [effective_date], [expiry_date], [description], [objectives], [learning_outcomes], [version], [status], [created_at], [updated_at], [created_by], [updated_by], [deleted_at], [deleted_by], [is_active]) VALUES (N'6b4d2ba6-3a44-48c2-8ce4-118eb5c8925b', N'TP00014', N'Chương trình đào tạo Hệ thống thông tin 46', N'Training Program of Hệ thống thông tin 46', N'b04505dc-3d1b-4510-9328-2fd4610faa69', N'bc808290-ef1f-472a-b24e-1e4d19380b83', N'Đại học', N'Chính quy', CAST(134.0 AS Decimal(5, 1)), CAST(94.0 AS Decimal(5, 1)), CAST(30.0 AS Decimal(5, 1)), CAST(9.0 AS Decimal(5, 1)), CAST(8.0 AS Decimal(5, 1)), CAST(N'2024-09-01' AS Date), CAST(4.0 AS Decimal(5, 1)), CAST(6.0 AS Decimal(5, 1)), CAST(N'2026-04-02' AS Date), NULL, N'Chương trình đào tạo dành cho ngành Hệ thống thông tin 46', N'Đào tạo sinh viên có kiến thức chuyên môn và kỹ năng nghề nghiệp trong lĩnh vực Hệ thống thông tin 46', N'Sinh viên tốt nghiệp có khả năng làm việc, nghiên cứu và phát triển trong lĩnh vực Hệ thống thông tin 46', N'v1.0', N'draft', CAST(N'2026-04-02T18:37:05.9833333' AS DateTime2), CAST(N'2026-04-02T18:37:05.9833333' AS DateTime2), NULL, NULL, NULL, NULL, 1)
INSERT [dbo].[training_programs] ([id], [code], [name], [name_en], [major_id], [department_id], [degree_level], [education_type], [total_credits], [required_credits], [elective_credits], [internship_credits], [thesis_credits], [admission_year], [duration_years], [max_duration_years], [effective_date], [expiry_date], [description], [objectives], [learning_outcomes], [version], [status], [created_at], [updated_at], [created_by], [updated_by], [deleted_at], [deleted_by], [is_active]) VALUES (N'5cc3209a-6d7d-422c-aac3-185c07085639', N'TP00013', N'Chương trình đào tạo Trí tuệ nhân tạo 8', N'Training Program of Trí tuệ nhân tạo 8', N'1c7fdbe5-667a-4b73-9c29-2e847843d3e0', N'c1aacc62-1919-4771-b7a5-bac63b8129e3', N'Đại học', N'Chất lượng cao', CAST(133.0 AS Decimal(5, 1)), CAST(93.0 AS Decimal(5, 1)), CAST(30.0 AS Decimal(5, 1)), CAST(8.0 AS Decimal(5, 1)), CAST(8.0 AS Decimal(5, 1)), CAST(N'2023-09-01' AS Date), CAST(4.0 AS Decimal(5, 1)), CAST(6.0 AS Decimal(5, 1)), CAST(N'2026-04-02' AS Date), NULL, N'Chương trình đào tạo dành cho ngành Trí tuệ nhân tạo 8', N'Đào tạo sinh viên có kiến thức chuyên môn và kỹ năng nghề nghiệp trong lĩnh vực Trí tuệ nhân tạo 8', N'Sinh viên tốt nghiệp có khả năng làm việc, nghiên cứu và phát triển trong lĩnh vực Trí tuệ nhân tạo 8', N'v1.0', N'draft', CAST(N'2026-04-02T18:37:05.9833333' AS DateTime2), CAST(N'2026-04-02T18:37:05.9833333' AS DateTime2), NULL, NULL, NULL, NULL, 1)
INSERT [dbo].[training_programs] ([id], [code], [name], [name_en], [major_id], [department_id], [degree_level], [education_type], [total_credits], [required_credits], [elective_credits], [internship_credits], [thesis_credits], [admission_year], [duration_years], [max_duration_years], [effective_date], [expiry_date], [description], [objectives], [learning_outcomes], [version], [status], [created_at], [updated_at], [created_by], [updated_by], [deleted_at], [deleted_by], [is_active]) VALUES (N'a853e422-1bcd-45b2-8251-1d4aafb8519a', N'TP00036', N'Chương trình đào tạo Logistics và Quản lý chuỗi cung ứng 50', N'Training Program of Logistics và Quản lý chuỗi cung ứng 50', N'64793591-c809-4f68-af96-a93477b28327', N'9977e6f6-2373-4d22-a023-91d5c66a19d4', N'Đại học', N'Chính quy', CAST(136.0 AS Decimal(5, 1)), CAST(96.0 AS Decimal(5, 1)), CAST(30.0 AS Decimal(5, 1)), CAST(6.0 AS Decimal(5, 1)), CAST(8.0 AS Decimal(5, 1)), CAST(N'2021-09-01' AS Date), CAST(4.0 AS Decimal(5, 1)), CAST(6.0 AS Decimal(5, 1)), CAST(N'2026-04-02' AS Date), NULL, N'Chương trình đào tạo dành cho ngành Logistics và Quản lý chuỗi cung ứng 50', N'Đào tạo sinh viên có kiến thức chuyên môn và kỹ năng nghề nghiệp trong lĩnh vực Logistics và Quản lý chuỗi cung ứng 50', N'Sinh viên tốt nghiệp có khả năng làm việc, nghiên cứu và phát triển trong lĩnh vực Logistics và Quản lý chuỗi cung ứng 50', N'v1.0', N'active', CAST(N'2026-04-02T18:37:05.9833333' AS DateTime2), CAST(N'2026-04-02T18:37:05.9833333' AS DateTime2), NULL, NULL, NULL, NULL, 1)
INSERT [dbo].[training_programs] ([id], [code], [name], [name_en], [major_id], [department_id], [degree_level], [education_type], [total_credits], [required_credits], [elective_credits], [internship_credits], [thesis_credits], [admission_year], [duration_years], [max_duration_years], [effective_date], [expiry_date], [description], [objectives], [learning_outcomes], [version], [status], [created_at], [updated_at], [created_by], [updated_by], [deleted_at], [deleted_by], [is_active]) VALUES (N'c5f060d7-4228-406e-9e8a-1de50041e1be', N'TP00028', N'Chương trình đào tạo Logistics và Quản lý chuỗi cung ứng 14', N'Training Program of Logistics và Quản lý chuỗi cung ứng 14', N'b4b5ba85-901f-4329-94db-8ac60d6e09bc', N'aa16e585-3554-4261-800f-6d0b9943fc2d', N'Đại học', N'Chính quy', CAST(128.0 AS Decimal(5, 1)), CAST(98.0 AS Decimal(5, 1)), CAST(30.0 AS Decimal(5, 1)), CAST(8.0 AS Decimal(5, 1)), CAST(8.0 AS Decimal(5, 1)), CAST(N'2023-09-01' AS Date), CAST(4.0 AS Decimal(5, 1)), CAST(6.0 AS Decimal(5, 1)), CAST(N'2026-04-02' AS Date), NULL, N'Chương trình đào tạo dành cho ngành Logistics và Quản lý chuỗi cung ứng 14', N'Đào tạo sinh viên có kiến thức chuyên môn và kỹ năng nghề nghiệp trong lĩnh vực Logistics và Quản lý chuỗi cung ứng 14', N'Sinh viên tốt nghiệp có khả năng làm việc, nghiên cứu và phát triển trong lĩnh vực Logistics và Quản lý chuỗi cung ứng 14', N'v1.0', N'draft', CAST(N'2026-04-02T18:37:05.9833333' AS DateTime2), CAST(N'2026-04-02T18:37:05.9833333' AS DateTime2), NULL, NULL, NULL, NULL, 1)
INSERT [dbo].[training_programs] ([id], [code], [name], [name_en], [major_id], [department_id], [degree_level], [education_type], [total_credits], [required_credits], [elective_credits], [internship_credits], [thesis_credits], [admission_year], [duration_years], [max_duration_years], [effective_date], [expiry_date], [description], [objectives], [learning_outcomes], [version], [status], [created_at], [updated_at], [created_by], [updated_by], [deleted_at], [deleted_by], [is_active]) VALUES (N'4a212cdc-bfbe-4131-907f-1eec79e2553b', N'TP00012', N'Chương trình đào tạo Hệ thống thông tin 27', N'Training Program of Hệ thống thông tin 27', N'a37c90cf-3363-4367-8785-21fb08fe2388', N'ea13aeb2-adfe-41c3-99af-26b5a68f1341', N'Đại học', N'Chính quy', CAST(132.0 AS Decimal(5, 1)), CAST(92.0 AS Decimal(5, 1)), CAST(30.0 AS Decimal(5, 1)), CAST(7.0 AS Decimal(5, 1)), CAST(8.0 AS Decimal(5, 1)), CAST(N'2022-09-01' AS Date), CAST(4.0 AS Decimal(5, 1)), CAST(6.0 AS Decimal(5, 1)), CAST(N'2026-04-02' AS Date), NULL, N'Chương trình đào tạo dành cho ngành Hệ thống thông tin 27', N'Đào tạo sinh viên có kiến thức chuyên môn và kỹ năng nghề nghiệp trong lĩnh vực Hệ thống thông tin 27', N'Sinh viên tốt nghiệp có khả năng làm việc, nghiên cứu và phát triển trong lĩnh vực Hệ thống thông tin 27', N'v1.0', N'active', CAST(N'2026-04-02T18:37:05.9833333' AS DateTime2), CAST(N'2026-04-02T18:37:05.9833333' AS DateTime2), NULL, NULL, NULL, NULL, 1)
INSERT [dbo].[training_programs] ([id], [code], [name], [name_en], [major_id], [department_id], [degree_level], [education_type], [total_credits], [required_credits], [elective_credits], [internship_credits], [thesis_credits], [admission_year], [duration_years], [max_duration_years], [effective_date], [expiry_date], [description], [objectives], [learning_outcomes], [version], [status], [created_at], [updated_at], [created_by], [updated_by], [deleted_at], [deleted_by], [is_active]) VALUES (N'47ab7277-57f7-40bb-b215-20ded9e892ad', N'TP00024', N'Chương trình đào tạo Khoa học dữ liệu 29', N'Training Program of Khoa học dữ liệu 29', N'78e98795-60ca-4ec3-9bee-78a51bc661b6', N'cb399dca-61b2-479f-86d3-d5401daea8d0', N'Đại học', N'Chính quy', CAST(124.0 AS Decimal(5, 1)), CAST(94.0 AS Decimal(5, 1)), CAST(30.0 AS Decimal(5, 1)), CAST(9.0 AS Decimal(5, 1)), CAST(8.0 AS Decimal(5, 1)), CAST(N'2024-09-01' AS Date), CAST(4.0 AS Decimal(5, 1)), CAST(6.0 AS Decimal(5, 1)), CAST(N'2026-04-02' AS Date), NULL, N'Chương trình đào tạo dành cho ngành Khoa học dữ liệu 29', N'Đào tạo sinh viên có kiến thức chuyên môn và kỹ năng nghề nghiệp trong lĩnh vực Khoa học dữ liệu 29', N'Sinh viên tốt nghiệp có khả năng làm việc, nghiên cứu và phát triển trong lĩnh vực Khoa học dữ liệu 29', N'v1.0', N'active', CAST(N'2026-04-02T18:37:05.9833333' AS DateTime2), CAST(N'2026-04-02T18:37:05.9833333' AS DateTime2), NULL, NULL, NULL, NULL, 1)
INSERT [dbo].[training_programs] ([id], [code], [name], [name_en], [major_id], [department_id], [degree_level], [education_type], [total_credits], [required_credits], [elective_credits], [internship_credits], [thesis_credits], [admission_year], [duration_years], [max_duration_years], [effective_date], [expiry_date], [description], [objectives], [learning_outcomes], [version], [status], [created_at], [updated_at], [created_by], [updated_by], [deleted_at], [deleted_by], [is_active]) VALUES (N'45bdad1d-c17b-4771-98d9-26401347829c', N'TP00016', N'Chương trình đào tạo Công nghệ thông tin 20', N'Training Program of Công nghệ thông tin 20', N'08540592-2c7d-4e24-ac80-4587399f0f78', N'cd6b32c9-7ac9-4778-b710-a75e47190ee7', N'Đại học', N'Chính quy', CAST(136.0 AS Decimal(5, 1)), CAST(96.0 AS Decimal(5, 1)), CAST(30.0 AS Decimal(5, 1)), CAST(6.0 AS Decimal(5, 1)), CAST(8.0 AS Decimal(5, 1)), CAST(N'2021-09-01' AS Date), CAST(4.0 AS Decimal(5, 1)), CAST(6.0 AS Decimal(5, 1)), CAST(N'2026-04-02' AS Date), NULL, N'Chương trình đào tạo dành cho ngành Công nghệ thông tin 20', N'Đào tạo sinh viên có kiến thức chuyên môn và kỹ năng nghề nghiệp trong lĩnh vực Công nghệ thông tin 20', N'Sinh viên tốt nghiệp có khả năng làm việc, nghiên cứu và phát triển trong lĩnh vực Công nghệ thông tin 20', N'v1.0', N'draft', CAST(N'2026-04-02T18:37:05.9833333' AS DateTime2), CAST(N'2026-04-02T18:37:05.9833333' AS DateTime2), NULL, NULL, NULL, NULL, 1)
INSERT [dbo].[training_programs] ([id], [code], [name], [name_en], [major_id], [department_id], [degree_level], [education_type], [total_credits], [required_credits], [elective_credits], [internship_credits], [thesis_credits], [admission_year], [duration_years], [max_duration_years], [effective_date], [expiry_date], [description], [objectives], [learning_outcomes], [version], [status], [created_at], [updated_at], [created_by], [updated_by], [deleted_at], [deleted_by], [is_active]) VALUES (N'3b5be3c0-6290-42d5-b357-32f5b98fc696', N'TP00046', N'Chương trình đào tạo Công nghệ thông tin 34', N'Training Program of Công nghệ thông tin 34', N'faae493d-54d7-475c-99de-d91798d5855c', N'3bfc60aa-62e8-4107-abf0-1a436c0b1349', N'Đại học', N'Chính quy', CAST(126.0 AS Decimal(5, 1)), CAST(96.0 AS Decimal(5, 1)), CAST(30.0 AS Decimal(5, 1)), CAST(6.0 AS Decimal(5, 1)), CAST(8.0 AS Decimal(5, 1)), CAST(N'2021-09-01' AS Date), CAST(4.0 AS Decimal(5, 1)), CAST(6.0 AS Decimal(5, 1)), CAST(N'2026-04-02' AS Date), NULL, N'Chương trình đào tạo dành cho ngành Công nghệ thông tin 34', N'Đào tạo sinh viên có kiến thức chuyên môn và kỹ năng nghề nghiệp trong lĩnh vực Công nghệ thông tin 34', N'Sinh viên tốt nghiệp có khả năng làm việc, nghiên cứu và phát triển trong lĩnh vực Công nghệ thông tin 34', N'v1.0', N'draft', CAST(N'2026-04-02T18:37:05.9833333' AS DateTime2), CAST(N'2026-04-02T18:37:05.9833333' AS DateTime2), NULL, NULL, NULL, NULL, 1)
INSERT [dbo].[training_programs] ([id], [code], [name], [name_en], [major_id], [department_id], [degree_level], [education_type], [total_credits], [required_credits], [elective_credits], [internship_credits], [thesis_credits], [admission_year], [duration_years], [max_duration_years], [effective_date], [expiry_date], [description], [objectives], [learning_outcomes], [version], [status], [created_at], [updated_at], [created_by], [updated_by], [deleted_at], [deleted_by], [is_active]) VALUES (N'b3345aa6-06e8-4a27-908e-349291f9272f', N'TP00017', N'Chương trình đào tạo Trí tuệ nhân tạo 17', N'Training Program of Trí tuệ nhân tạo 17', N'ccddb844-fb10-4a8b-b7b8-534c51e4e1b8', N'07965789-24ce-4dcc-af09-33d4ba7bef0d', N'Đại học', N'Chất lượng cao', CAST(137.0 AS Decimal(5, 1)), CAST(97.0 AS Decimal(5, 1)), CAST(30.0 AS Decimal(5, 1)), CAST(7.0 AS Decimal(5, 1)), CAST(8.0 AS Decimal(5, 1)), CAST(N'2022-09-01' AS Date), CAST(4.0 AS Decimal(5, 1)), CAST(6.0 AS Decimal(5, 1)), CAST(N'2026-04-02' AS Date), NULL, N'Chương trình đào tạo dành cho ngành Trí tuệ nhân tạo 17', N'Đào tạo sinh viên có kiến thức chuyên môn và kỹ năng nghề nghiệp trong lĩnh vực Trí tuệ nhân tạo 17', N'Sinh viên tốt nghiệp có khả năng làm việc, nghiên cứu và phát triển trong lĩnh vực Trí tuệ nhân tạo 17', N'v1.0', N'draft', CAST(N'2026-04-02T18:37:05.9833333' AS DateTime2), CAST(N'2026-04-02T18:37:05.9833333' AS DateTime2), NULL, NULL, NULL, NULL, 1)
INSERT [dbo].[training_programs] ([id], [code], [name], [name_en], [major_id], [department_id], [degree_level], [education_type], [total_credits], [required_credits], [elective_credits], [internship_credits], [thesis_credits], [admission_year], [duration_years], [max_duration_years], [effective_date], [expiry_date], [description], [objectives], [learning_outcomes], [version], [status], [created_at], [updated_at], [created_by], [updated_by], [deleted_at], [deleted_by], [is_active]) VALUES (N'b46d9046-4c6d-4ddc-a73d-34a66af749eb', N'TP00049', N'Chương trình đào tạo Logistics và Quản lý chuỗi cung ứng 38', N'Training Program of Logistics và Quản lý chuỗi cung ứng 38', N'5750b93d-d580-4e02-bcd0-fb6b8bcfcdba', N'8862f32e-d474-48a1-b73c-2aff5a61f6f5', N'Đại học', N'Chất lượng cao', CAST(129.0 AS Decimal(5, 1)), CAST(99.0 AS Decimal(5, 1)), CAST(30.0 AS Decimal(5, 1)), CAST(9.0 AS Decimal(5, 1)), CAST(8.0 AS Decimal(5, 1)), CAST(N'2024-09-01' AS Date), CAST(4.0 AS Decimal(5, 1)), CAST(6.0 AS Decimal(5, 1)), CAST(N'2026-04-02' AS Date), NULL, N'Chương trình đào tạo dành cho ngành Logistics và Quản lý chuỗi cung ứng 38', N'Đào tạo sinh viên có kiến thức chuyên môn và kỹ năng nghề nghiệp trong lĩnh vực Logistics và Quản lý chuỗi cung ứng 38', N'Sinh viên tốt nghiệp có khả năng làm việc, nghiên cứu và phát triển trong lĩnh vực Logistics và Quản lý chuỗi cung ứng 38', N'v1.0', N'draft', CAST(N'2026-04-02T18:37:05.9833333' AS DateTime2), CAST(N'2026-04-02T18:37:05.9833333' AS DateTime2), NULL, NULL, NULL, NULL, 1)
INSERT [dbo].[training_programs] ([id], [code], [name], [name_en], [major_id], [department_id], [degree_level], [education_type], [total_credits], [required_credits], [elective_credits], [internship_credits], [thesis_credits], [admission_year], [duration_years], [max_duration_years], [effective_date], [expiry_date], [description], [objectives], [learning_outcomes], [version], [status], [created_at], [updated_at], [created_by], [updated_by], [deleted_at], [deleted_by], [is_active]) VALUES (N'2b50bd16-b635-4d47-a4a4-38fa02fbfe63', N'TP00045', N'Chương trình đào tạo Công nghệ thông tin 16', N'Training Program of Công nghệ thông tin 16', N'd190c224-d3dd-46db-aefb-d5d69389b350', N'0db60547-c0d7-47c6-a743-95f2d5377ab3', N'Đại học', N'Chất lượng cao', CAST(125.0 AS Decimal(5, 1)), CAST(95.0 AS Decimal(5, 1)), CAST(30.0 AS Decimal(5, 1)), CAST(5.0 AS Decimal(5, 1)), CAST(8.0 AS Decimal(5, 1)), CAST(N'2020-09-01' AS Date), CAST(4.0 AS Decimal(5, 1)), CAST(6.0 AS Decimal(5, 1)), CAST(N'2026-04-02' AS Date), NULL, N'Chương trình đào tạo dành cho ngành Công nghệ thông tin 16', N'Đào tạo sinh viên có kiến thức chuyên môn và kỹ năng nghề nghiệp trong lĩnh vực Công nghệ thông tin 16', N'Sinh viên tốt nghiệp có khả năng làm việc, nghiên cứu và phát triển trong lĩnh vực Công nghệ thông tin 16', N'v1.0', N'active', CAST(N'2026-04-02T18:37:05.9833333' AS DateTime2), CAST(N'2026-04-02T18:37:05.9833333' AS DateTime2), NULL, NULL, NULL, NULL, 1)
INSERT [dbo].[training_programs] ([id], [code], [name], [name_en], [major_id], [department_id], [degree_level], [education_type], [total_credits], [required_credits], [elective_credits], [internship_credits], [thesis_credits], [admission_year], [duration_years], [max_duration_years], [effective_date], [expiry_date], [description], [objectives], [learning_outcomes], [version], [status], [created_at], [updated_at], [created_by], [updated_by], [deleted_at], [deleted_by], [is_active]) VALUES (N'9b570616-e341-418a-b6dd-3d5f1e8c3cd1', N'TP00035', N'Chương trình đào tạo Hệ thống thông tin 21', N'Training Program of Hệ thống thông tin 21', N'dad80191-2968-4d2e-8103-a919c523d5c1', N'cdcd0657-243a-4c09-bb0c-6b29940e764a', N'Đại học', N'Chất lượng cao', CAST(135.0 AS Decimal(5, 1)), CAST(95.0 AS Decimal(5, 1)), CAST(30.0 AS Decimal(5, 1)), CAST(5.0 AS Decimal(5, 1)), CAST(8.0 AS Decimal(5, 1)), CAST(N'2020-09-01' AS Date), CAST(4.0 AS Decimal(5, 1)), CAST(6.0 AS Decimal(5, 1)), CAST(N'2026-04-02' AS Date), NULL, N'Chương trình đào tạo dành cho ngành Hệ thống thông tin 21', N'Đào tạo sinh viên có kiến thức chuyên môn và kỹ năng nghề nghiệp trong lĩnh vực Hệ thống thông tin 21', N'Sinh viên tốt nghiệp có khả năng làm việc, nghiên cứu và phát triển trong lĩnh vực Hệ thống thông tin 21', N'v1.0', N'draft', CAST(N'2026-04-02T18:37:05.9833333' AS DateTime2), CAST(N'2026-04-02T18:37:05.9833333' AS DateTime2), NULL, NULL, NULL, NULL, 1)
INSERT [dbo].[training_programs] ([id], [code], [name], [name_en], [major_id], [department_id], [degree_level], [education_type], [total_credits], [required_credits], [elective_credits], [internship_credits], [thesis_credits], [admission_year], [duration_years], [max_duration_years], [effective_date], [expiry_date], [description], [objectives], [learning_outcomes], [version], [status], [created_at], [updated_at], [created_by], [updated_by], [deleted_at], [deleted_by], [is_active]) VALUES (N'b2413db5-05d7-49fe-a308-3fd8cdb418d3', N'TP00004', N'Chương trình đào tạo Logistics và Quản lý chuỗi cung ứng 23', N'Training Program of Logistics và Quản lý chuỗi cung ứng 23', N'abbe67ba-ee24-49da-81b4-0364b558a71a', N'8e71dbdc-665c-41ac-aad0-cd5f6bfc8b35', N'Đại học', N'Chính quy', CAST(124.0 AS Decimal(5, 1)), CAST(94.0 AS Decimal(5, 1)), CAST(30.0 AS Decimal(5, 1)), CAST(9.0 AS Decimal(5, 1)), CAST(8.0 AS Decimal(5, 1)), CAST(N'2024-09-01' AS Date), CAST(4.0 AS Decimal(5, 1)), CAST(6.0 AS Decimal(5, 1)), CAST(N'2026-04-02' AS Date), NULL, N'Chương trình đào tạo dành cho ngành Logistics và Quản lý chuỗi cung ứng 23', N'Đào tạo sinh viên có kiến thức chuyên môn và kỹ năng nghề nghiệp trong lĩnh vực Logistics và Quản lý chuỗi cung ứng 23', N'Sinh viên tốt nghiệp có khả năng làm việc, nghiên cứu và phát triển trong lĩnh vực Logistics và Quản lý chuỗi cung ứng 23', N'v1.0', N'draft', CAST(N'2026-04-02T18:37:05.9833333' AS DateTime2), CAST(N'2026-04-02T18:37:05.9833333' AS DateTime2), NULL, NULL, NULL, NULL, 1)
INSERT [dbo].[training_programs] ([id], [code], [name], [name_en], [major_id], [department_id], [degree_level], [education_type], [total_credits], [required_credits], [elective_credits], [internship_credits], [thesis_credits], [admission_year], [duration_years], [max_duration_years], [effective_date], [expiry_date], [description], [objectives], [learning_outcomes], [version], [status], [created_at], [updated_at], [created_by], [updated_by], [deleted_at], [deleted_by], [is_active]) VALUES (N'e76e3c35-3acc-4ffc-8221-4711a5d87fef', N'TP00018', N'Chương trình đào tạo Khoa học dữ liệu 47', N'Training Program of Khoa học dữ liệu 47', N'e821b7cc-2960-4338-b7d9-547164025f51', N'0f97800e-09c2-4f7c-bbfc-d70933355ebe', N'Đại học', N'Chính quy', CAST(138.0 AS Decimal(5, 1)), CAST(98.0 AS Decimal(5, 1)), CAST(30.0 AS Decimal(5, 1)), CAST(8.0 AS Decimal(5, 1)), CAST(8.0 AS Decimal(5, 1)), CAST(N'2023-09-01' AS Date), CAST(4.0 AS Decimal(5, 1)), CAST(6.0 AS Decimal(5, 1)), CAST(N'2026-04-02' AS Date), NULL, N'Chương trình đào tạo dành cho ngành Khoa học dữ liệu 47', N'Đào tạo sinh viên có kiến thức chuyên môn và kỹ năng nghề nghiệp trong lĩnh vực Khoa học dữ liệu 47', N'Sinh viên tốt nghiệp có khả năng làm việc, nghiên cứu và phát triển trong lĩnh vực Khoa học dữ liệu 47', N'v1.0', N'active', CAST(N'2026-04-02T18:37:05.9833333' AS DateTime2), CAST(N'2026-04-02T18:37:05.9833333' AS DateTime2), NULL, NULL, NULL, NULL, 1)
INSERT [dbo].[training_programs] ([id], [code], [name], [name_en], [major_id], [department_id], [degree_level], [education_type], [total_credits], [required_credits], [elective_credits], [internship_credits], [thesis_credits], [admission_year], [duration_years], [max_duration_years], [effective_date], [expiry_date], [description], [objectives], [learning_outcomes], [version], [status], [created_at], [updated_at], [created_by], [updated_by], [deleted_at], [deleted_by], [is_active]) VALUES (N'd227cb22-08c7-40dc-965d-48995a2f5567', N'TP00025', N'Chương trình đào tạo Hệ thống thông tin 48', N'Training Program of Hệ thống thông tin 48', N'4278dc56-af26-495e-9925-7d87497da3aa', N'35ce7e73-1c91-4669-83a1-80eef4fd43c1', N'Đại học', N'Chất lượng cao', CAST(125.0 AS Decimal(5, 1)), CAST(95.0 AS Decimal(5, 1)), CAST(30.0 AS Decimal(5, 1)), CAST(5.0 AS Decimal(5, 1)), CAST(8.0 AS Decimal(5, 1)), CAST(N'2020-09-01' AS Date), CAST(4.0 AS Decimal(5, 1)), CAST(6.0 AS Decimal(5, 1)), CAST(N'2026-04-02' AS Date), NULL, N'Chương trình đào tạo dành cho ngành Hệ thống thông tin 48', N'Đào tạo sinh viên có kiến thức chuyên môn và kỹ năng nghề nghiệp trong lĩnh vực Hệ thống thông tin 48', N'Sinh viên tốt nghiệp có khả năng làm việc, nghiên cứu và phát triển trong lĩnh vực Hệ thống thông tin 48', N'v1.0', N'draft', CAST(N'2026-04-02T18:37:05.9833333' AS DateTime2), CAST(N'2026-04-02T18:37:05.9833333' AS DateTime2), NULL, NULL, NULL, NULL, 1)
INSERT [dbo].[training_programs] ([id], [code], [name], [name_en], [major_id], [department_id], [degree_level], [education_type], [total_credits], [required_credits], [elective_credits], [internship_credits], [thesis_credits], [admission_year], [duration_years], [max_duration_years], [effective_date], [expiry_date], [description], [objectives], [learning_outcomes], [version], [status], [created_at], [updated_at], [created_by], [updated_by], [deleted_at], [deleted_by], [is_active]) VALUES (N'd6de9e48-7ebd-4bf7-9f1f-5004a59ceeb2', N'TP00027', N'Chương trình đào tạo Logistics và Quản lý chuỗi cung ứng 40', N'Training Program of Logistics và Quản lý chuỗi cung ứng 40', N'617ee015-d70e-4b40-a4c8-89176d619398', N'5dc64e03-c59e-42dd-bf8f-3e5feb00aad3', N'Đại học', N'Chất lượng cao', CAST(127.0 AS Decimal(5, 1)), CAST(97.0 AS Decimal(5, 1)), CAST(30.0 AS Decimal(5, 1)), CAST(7.0 AS Decimal(5, 1)), CAST(8.0 AS Decimal(5, 1)), CAST(N'2022-09-01' AS Date), CAST(4.0 AS Decimal(5, 1)), CAST(6.0 AS Decimal(5, 1)), CAST(N'2026-04-02' AS Date), NULL, N'Chương trình đào tạo dành cho ngành Logistics và Quản lý chuỗi cung ứng 40', N'Đào tạo sinh viên có kiến thức chuyên môn và kỹ năng nghề nghiệp trong lĩnh vực Logistics và Quản lý chuỗi cung ứng 40', N'Sinh viên tốt nghiệp có khả năng làm việc, nghiên cứu và phát triển trong lĩnh vực Logistics và Quản lý chuỗi cung ứng 40', N'v1.0', N'active', CAST(N'2026-04-02T18:37:05.9833333' AS DateTime2), CAST(N'2026-04-02T18:37:05.9833333' AS DateTime2), NULL, NULL, NULL, NULL, 1)
INSERT [dbo].[training_programs] ([id], [code], [name], [name_en], [major_id], [department_id], [degree_level], [education_type], [total_credits], [required_credits], [elective_credits], [internship_credits], [thesis_credits], [admission_year], [duration_years], [max_duration_years], [effective_date], [expiry_date], [description], [objectives], [learning_outcomes], [version], [status], [created_at], [updated_at], [created_by], [updated_by], [deleted_at], [deleted_by], [is_active]) VALUES (N'8ef8f11e-d2ab-4872-ac78-546fee733baf', N'TP00022', N'Chương trình đào tạo Công nghệ thông tin 12', N'Training Program of Công nghệ thông tin 12', N'16eb5ebb-8885-4d7a-9c15-728264a94c7f', N'd7991d9e-84a2-4d86-936d-72ca01f1330d', N'Đại học', N'Chính quy', CAST(122.0 AS Decimal(5, 1)), CAST(92.0 AS Decimal(5, 1)), CAST(30.0 AS Decimal(5, 1)), CAST(7.0 AS Decimal(5, 1)), CAST(8.0 AS Decimal(5, 1)), CAST(N'2022-09-01' AS Date), CAST(4.0 AS Decimal(5, 1)), CAST(6.0 AS Decimal(5, 1)), CAST(N'2026-04-02' AS Date), NULL, N'Chương trình đào tạo dành cho ngành Công nghệ thông tin 12', N'Đào tạo sinh viên có kiến thức chuyên môn và kỹ năng nghề nghiệp trong lĩnh vực Công nghệ thông tin 12', N'Sinh viên tốt nghiệp có khả năng làm việc, nghiên cứu và phát triển trong lĩnh vực Công nghệ thông tin 12', N'v1.0', N'draft', CAST(N'2026-04-02T18:37:05.9833333' AS DateTime2), CAST(N'2026-04-02T18:37:05.9833333' AS DateTime2), NULL, NULL, NULL, NULL, 1)
INSERT [dbo].[training_programs] ([id], [code], [name], [name_en], [major_id], [department_id], [degree_level], [education_type], [total_credits], [required_credits], [elective_credits], [internship_credits], [thesis_credits], [admission_year], [duration_years], [max_duration_years], [effective_date], [expiry_date], [description], [objectives], [learning_outcomes], [version], [status], [created_at], [updated_at], [created_by], [updated_by], [deleted_at], [deleted_by], [is_active]) VALUES (N'5539c7eb-0ec7-4387-9689-67e922725300', N'TP00015', N'Chương trình đào tạo Kỹ thuật phần mềm 31', N'Training Program of Kỹ thuật phần mềm 31', N'8554894c-d6d7-4daa-848b-2ffa1a4c938e', N'94b76607-cfdf-4519-84eb-93e207f28a93', N'Đại học', N'Chất lượng cao', CAST(135.0 AS Decimal(5, 1)), CAST(95.0 AS Decimal(5, 1)), CAST(30.0 AS Decimal(5, 1)), CAST(5.0 AS Decimal(5, 1)), CAST(8.0 AS Decimal(5, 1)), CAST(N'2020-09-01' AS Date), CAST(4.0 AS Decimal(5, 1)), CAST(6.0 AS Decimal(5, 1)), CAST(N'2026-04-02' AS Date), NULL, N'Chương trình đào tạo dành cho ngành Kỹ thuật phần mềm 31', N'Đào tạo sinh viên có kiến thức chuyên môn và kỹ năng nghề nghiệp trong lĩnh vực Kỹ thuật phần mềm 31', N'Sinh viên tốt nghiệp có khả năng làm việc, nghiên cứu và phát triển trong lĩnh vực Kỹ thuật phần mềm 31', N'v1.0', N'active', CAST(N'2026-04-02T18:37:05.9833333' AS DateTime2), CAST(N'2026-04-02T18:37:05.9833333' AS DateTime2), NULL, NULL, NULL, NULL, 1)
INSERT [dbo].[training_programs] ([id], [code], [name], [name_en], [major_id], [department_id], [degree_level], [education_type], [total_credits], [required_credits], [elective_credits], [internship_credits], [thesis_credits], [admission_year], [duration_years], [max_duration_years], [effective_date], [expiry_date], [description], [objectives], [learning_outcomes], [version], [status], [created_at], [updated_at], [created_by], [updated_by], [deleted_at], [deleted_by], [is_active]) VALUES (N'26afcefb-f8ca-416d-a0fb-6da13e582589', N'TP00005', N'Chương trình đào tạo Kỹ thuật phần mềm 42', N'Training Program of Kỹ thuật phần mềm 42', N'f3744067-aae9-4b27-a481-037121c7ac8e', N'7849dc9c-e633-489b-8432-da7e738226ab', N'Đại học', N'Chất lượng cao', CAST(125.0 AS Decimal(5, 1)), CAST(95.0 AS Decimal(5, 1)), CAST(30.0 AS Decimal(5, 1)), CAST(5.0 AS Decimal(5, 1)), CAST(8.0 AS Decimal(5, 1)), CAST(N'2020-09-01' AS Date), CAST(4.0 AS Decimal(5, 1)), CAST(6.0 AS Decimal(5, 1)), CAST(N'2026-04-02' AS Date), NULL, N'Chương trình đào tạo dành cho ngành Kỹ thuật phần mềm 42', N'Đào tạo sinh viên có kiến thức chuyên môn và kỹ năng nghề nghiệp trong lĩnh vực Kỹ thuật phần mềm 42', N'Sinh viên tốt nghiệp có khả năng làm việc, nghiên cứu và phát triển trong lĩnh vực Kỹ thuật phần mềm 42', N'v1.0', N'draft', CAST(N'2026-04-02T18:37:05.9833333' AS DateTime2), CAST(N'2026-04-02T18:37:05.9833333' AS DateTime2), NULL, NULL, NULL, NULL, 1)
INSERT [dbo].[training_programs] ([id], [code], [name], [name_en], [major_id], [department_id], [degree_level], [education_type], [total_credits], [required_credits], [elective_credits], [internship_credits], [thesis_credits], [admission_year], [duration_years], [max_duration_years], [effective_date], [expiry_date], [description], [objectives], [learning_outcomes], [version], [status], [created_at], [updated_at], [created_by], [updated_by], [deleted_at], [deleted_by], [is_active]) VALUES (N'fc635646-aece-42d5-a132-6db80357cd61', N'TP00009', N'Chương trình đào tạo Công nghệ thông tin 22', N'Training Program of Công nghệ thông tin 22', N'047ac5e7-db88-4d6a-889d-126e6453fd22', N'08c3d0ed-7842-421b-8347-f145ab0640e9', N'Đại học', N'Chất lượng cao', CAST(129.0 AS Decimal(5, 1)), CAST(99.0 AS Decimal(5, 1)), CAST(30.0 AS Decimal(5, 1)), CAST(9.0 AS Decimal(5, 1)), CAST(8.0 AS Decimal(5, 1)), CAST(N'2024-09-01' AS Date), CAST(4.0 AS Decimal(5, 1)), CAST(6.0 AS Decimal(5, 1)), CAST(N'2026-04-02' AS Date), NULL, N'Chương trình đào tạo dành cho ngành Công nghệ thông tin 22', N'Đào tạo sinh viên có kiến thức chuyên môn và kỹ năng nghề nghiệp trong lĩnh vực Công nghệ thông tin 22', N'Sinh viên tốt nghiệp có khả năng làm việc, nghiên cứu và phát triển trong lĩnh vực Công nghệ thông tin 22', N'v1.0', N'active', CAST(N'2026-04-02T18:37:05.9833333' AS DateTime2), CAST(N'2026-04-02T18:37:05.9833333' AS DateTime2), NULL, NULL, NULL, NULL, 1)
INSERT [dbo].[training_programs] ([id], [code], [name], [name_en], [major_id], [department_id], [degree_level], [education_type], [total_credits], [required_credits], [elective_credits], [internship_credits], [thesis_credits], [admission_year], [duration_years], [max_duration_years], [effective_date], [expiry_date], [description], [objectives], [learning_outcomes], [version], [status], [created_at], [updated_at], [created_by], [updated_by], [deleted_at], [deleted_by], [is_active]) VALUES (N'13a5c71b-b074-4112-ac47-6f4d0cd0c1fd', N'TP00048', N'Chương trình đào tạo Quản trị kinh doanh 26', N'Training Program of Quản trị kinh doanh 26', N'0fa47e99-17e1-4fed-a1b9-efa10a05ef4e', N'dc6108bb-12b9-418a-89f9-f5d603503f78', N'Đại học', N'Chính quy', CAST(128.0 AS Decimal(5, 1)), CAST(98.0 AS Decimal(5, 1)), CAST(30.0 AS Decimal(5, 1)), CAST(8.0 AS Decimal(5, 1)), CAST(8.0 AS Decimal(5, 1)), CAST(N'2023-09-01' AS Date), CAST(4.0 AS Decimal(5, 1)), CAST(6.0 AS Decimal(5, 1)), CAST(N'2026-04-02' AS Date), NULL, N'Chương trình đào tạo dành cho ngành Quản trị kinh doanh 26', N'Đào tạo sinh viên có kiến thức chuyên môn và kỹ năng nghề nghiệp trong lĩnh vực Quản trị kinh doanh 26', N'Sinh viên tốt nghiệp có khả năng làm việc, nghiên cứu và phát triển trong lĩnh vực Quản trị kinh doanh 26', N'v1.0', N'active', CAST(N'2026-04-02T18:37:05.9833333' AS DateTime2), CAST(N'2026-04-02T18:37:05.9833333' AS DateTime2), NULL, NULL, NULL, NULL, 1)
INSERT [dbo].[training_programs] ([id], [code], [name], [name_en], [major_id], [department_id], [degree_level], [education_type], [total_credits], [required_credits], [elective_credits], [internship_credits], [thesis_credits], [admission_year], [duration_years], [max_duration_years], [effective_date], [expiry_date], [description], [objectives], [learning_outcomes], [version], [status], [created_at], [updated_at], [created_by], [updated_by], [deleted_at], [deleted_by], [is_active]) VALUES (N'e2fbf97b-c23c-4c61-8544-984058ffda59', N'TP00008', N'Chương trình đào tạo Trí tuệ nhân tạo 44', N'Training Program of Trí tuệ nhân tạo 44', N'c3538d1c-2ffe-4e8c-85a8-1070f90386c4', N'a835541a-f0e8-4766-84c2-0abd2bc77e1b', N'Đại học', N'Chính quy', CAST(128.0 AS Decimal(5, 1)), CAST(98.0 AS Decimal(5, 1)), CAST(30.0 AS Decimal(5, 1)), CAST(8.0 AS Decimal(5, 1)), CAST(8.0 AS Decimal(5, 1)), CAST(N'2023-09-01' AS Date), CAST(4.0 AS Decimal(5, 1)), CAST(6.0 AS Decimal(5, 1)), CAST(N'2026-04-02' AS Date), NULL, N'Chương trình đào tạo dành cho ngành Trí tuệ nhân tạo 44', N'Đào tạo sinh viên có kiến thức chuyên môn và kỹ năng nghề nghiệp trong lĩnh vực Trí tuệ nhân tạo 44', N'Sinh viên tốt nghiệp có khả năng làm việc, nghiên cứu và phát triển trong lĩnh vực Trí tuệ nhân tạo 44', N'v1.0', N'draft', CAST(N'2026-04-02T18:37:05.9833333' AS DateTime2), CAST(N'2026-04-02T18:37:05.9833333' AS DateTime2), NULL, NULL, NULL, NULL, 1)
INSERT [dbo].[training_programs] ([id], [code], [name], [name_en], [major_id], [department_id], [degree_level], [education_type], [total_credits], [required_credits], [elective_credits], [internship_credits], [thesis_credits], [admission_year], [duration_years], [max_duration_years], [effective_date], [expiry_date], [description], [objectives], [learning_outcomes], [version], [status], [created_at], [updated_at], [created_by], [updated_by], [deleted_at], [deleted_by], [is_active]) VALUES (N'66a47d63-59e1-4ff5-9078-9984fc04293b', N'TP00021', N'Chương trình đào tạo Logistics và Quản lý chuỗi cung ứng 32', N'Training Program of Logistics và Quản lý chuỗi cung ứng 32', N'5af835a0-050b-4566-bade-70dfb70b1e00', N'3997c8ec-42bd-46d0-b6f6-424a34ad5812', N'Đại học', N'Chất lượng cao', CAST(121.0 AS Decimal(5, 1)), CAST(91.0 AS Decimal(5, 1)), CAST(30.0 AS Decimal(5, 1)), CAST(6.0 AS Decimal(5, 1)), CAST(8.0 AS Decimal(5, 1)), CAST(N'2021-09-01' AS Date), CAST(4.0 AS Decimal(5, 1)), CAST(6.0 AS Decimal(5, 1)), CAST(N'2026-04-02' AS Date), NULL, N'Chương trình đào tạo dành cho ngành Logistics và Quản lý chuỗi cung ứng 32', N'Đào tạo sinh viên có kiến thức chuyên môn và kỹ năng nghề nghiệp trong lĩnh vực Logistics và Quản lý chuỗi cung ứng 32', N'Sinh viên tốt nghiệp có khả năng làm việc, nghiên cứu và phát triển trong lĩnh vực Logistics và Quản lý chuỗi cung ứng 32', N'v1.0', N'active', CAST(N'2026-04-02T18:37:05.9833333' AS DateTime2), CAST(N'2026-04-02T18:37:05.9833333' AS DateTime2), NULL, NULL, NULL, NULL, 1)
INSERT [dbo].[training_programs] ([id], [code], [name], [name_en], [major_id], [department_id], [degree_level], [education_type], [total_credits], [required_credits], [elective_credits], [internship_credits], [thesis_credits], [admission_year], [duration_years], [max_duration_years], [effective_date], [expiry_date], [description], [objectives], [learning_outcomes], [version], [status], [created_at], [updated_at], [created_by], [updated_by], [deleted_at], [deleted_by], [is_active]) VALUES (N'596ef679-da0e-48ca-8b0c-9cfbf766fb92', N'TP00031', N'Chương trình đào tạo Logistics và Quản lý chuỗi cung ứng 3', N'Training Program of Logistics và Quản lý chuỗi cung ứng 3', N'b30f1a5c-bcdd-4364-9696-92e8fa4f736a', N'61f67657-eb82-499c-baa0-dc035cc372fb', N'Đại học', N'Chất lượng cao', CAST(131.0 AS Decimal(5, 1)), CAST(91.0 AS Decimal(5, 1)), CAST(30.0 AS Decimal(5, 1)), CAST(6.0 AS Decimal(5, 1)), CAST(8.0 AS Decimal(5, 1)), CAST(N'2021-09-01' AS Date), CAST(4.0 AS Decimal(5, 1)), CAST(6.0 AS Decimal(5, 1)), CAST(N'2026-04-02' AS Date), NULL, N'Chương trình đào tạo dành cho ngành Logistics và Quản lý chuỗi cung ứng 3', N'Đào tạo sinh viên có kiến thức chuyên môn và kỹ năng nghề nghiệp trong lĩnh vực Logistics và Quản lý chuỗi cung ứng 3', N'Sinh viên tốt nghiệp có khả năng làm việc, nghiên cứu và phát triển trong lĩnh vực Logistics và Quản lý chuỗi cung ứng 3', N'v1.0', N'draft', CAST(N'2026-04-02T18:37:05.9833333' AS DateTime2), CAST(N'2026-04-02T18:37:05.9833333' AS DateTime2), NULL, NULL, NULL, NULL, 1)
INSERT [dbo].[training_programs] ([id], [code], [name], [name_en], [major_id], [department_id], [degree_level], [education_type], [total_credits], [required_credits], [elective_credits], [internship_credits], [thesis_credits], [admission_year], [duration_years], [max_duration_years], [effective_date], [expiry_date], [description], [objectives], [learning_outcomes], [version], [status], [created_at], [updated_at], [created_by], [updated_by], [deleted_at], [deleted_by], [is_active]) VALUES (N'5a6ee579-1ba1-4257-b198-9d04f75e7e77', N'TP00050', N'Chương trình đào tạo Logistics và Quản lý chuỗi cung ứng 11', N'Training Program of Logistics và Quản lý chuỗi cung ứng 11', N'0c191c5d-042b-46e9-9243-fd221889640e', N'9dcfff3b-3ee2-403a-a7fe-fc7233abacac', N'Đại học', N'Chính quy', CAST(130.0 AS Decimal(5, 1)), CAST(90.0 AS Decimal(5, 1)), CAST(30.0 AS Decimal(5, 1)), CAST(5.0 AS Decimal(5, 1)), CAST(8.0 AS Decimal(5, 1)), CAST(N'2020-09-01' AS Date), CAST(4.0 AS Decimal(5, 1)), CAST(6.0 AS Decimal(5, 1)), CAST(N'2026-04-02' AS Date), NULL, N'Chương trình đào tạo dành cho ngành Logistics và Quản lý chuỗi cung ứng 11', N'Đào tạo sinh viên có kiến thức chuyên môn và kỹ năng nghề nghiệp trong lĩnh vực Logistics và Quản lý chuỗi cung ứng 11', N'Sinh viên tốt nghiệp có khả năng làm việc, nghiên cứu và phát triển trong lĩnh vực Logistics và Quản lý chuỗi cung ứng 11', N'v1.0', N'draft', CAST(N'2026-04-02T18:37:05.9833333' AS DateTime2), CAST(N'2026-04-02T18:37:05.9833333' AS DateTime2), NULL, NULL, NULL, NULL, 1)
INSERT [dbo].[training_programs] ([id], [code], [name], [name_en], [major_id], [department_id], [degree_level], [education_type], [total_credits], [required_credits], [elective_credits], [internship_credits], [thesis_credits], [admission_year], [duration_years], [max_duration_years], [effective_date], [expiry_date], [description], [objectives], [learning_outcomes], [version], [status], [created_at], [updated_at], [created_by], [updated_by], [deleted_at], [deleted_by], [is_active]) VALUES (N'9c1758fa-c152-49ab-af06-a1f3c6d54153', N'TP00002', N'Chương trình đào tạo Logistics và Quản lý chuỗi cung ứng 41', N'Training Program of Logistics và Quản lý chuỗi cung ứng 41', N'a110231c-019c-46f0-84f8-0205fc7679f8', N'c26c9041-030e-4459-af90-8e81dc2d21a9', N'Đại học', N'Chính quy', CAST(122.0 AS Decimal(5, 1)), CAST(92.0 AS Decimal(5, 1)), CAST(30.0 AS Decimal(5, 1)), CAST(7.0 AS Decimal(5, 1)), CAST(8.0 AS Decimal(5, 1)), CAST(N'2022-09-01' AS Date), CAST(4.0 AS Decimal(5, 1)), CAST(6.0 AS Decimal(5, 1)), CAST(N'2026-04-02' AS Date), NULL, N'Chương trình đào tạo dành cho ngành Logistics và Quản lý chuỗi cung ứng 41', N'Đào tạo sinh viên có kiến thức chuyên môn và kỹ năng nghề nghiệp trong lĩnh vực Logistics và Quản lý chuỗi cung ứng 41', N'Sinh viên tốt nghiệp có khả năng làm việc, nghiên cứu và phát triển trong lĩnh vực Logistics và Quản lý chuỗi cung ứng 41', N'v1.0', N'draft', CAST(N'2026-04-02T18:37:05.9833333' AS DateTime2), CAST(N'2026-04-02T18:37:05.9833333' AS DateTime2), NULL, NULL, NULL, NULL, 1)
INSERT [dbo].[training_programs] ([id], [code], [name], [name_en], [major_id], [department_id], [degree_level], [education_type], [total_credits], [required_credits], [elective_credits], [internship_credits], [thesis_credits], [admission_year], [duration_years], [max_duration_years], [effective_date], [expiry_date], [description], [objectives], [learning_outcomes], [version], [status], [created_at], [updated_at], [created_by], [updated_by], [deleted_at], [deleted_by], [is_active]) VALUES (N'65cccff9-7507-4c6a-b62b-aa345f5af405', N'TP00033', N'Chương trình đào tạo Logistics và Quản lý chuỗi cung ứng 37', N'Training Program of Logistics và Quản lý chuỗi cung ứng 37', N'6830e6c6-98a8-4409-b550-9866033c67f3', N'8563a301-c42a-4ed8-b3bb-60e926a78e46', N'Đại học', N'Chất lượng cao', CAST(133.0 AS Decimal(5, 1)), CAST(93.0 AS Decimal(5, 1)), CAST(30.0 AS Decimal(5, 1)), CAST(8.0 AS Decimal(5, 1)), CAST(8.0 AS Decimal(5, 1)), CAST(N'2023-09-01' AS Date), CAST(4.0 AS Decimal(5, 1)), CAST(6.0 AS Decimal(5, 1)), CAST(N'2026-04-02' AS Date), NULL, N'Chương trình đào tạo dành cho ngành Logistics và Quản lý chuỗi cung ứng 37', N'Đào tạo sinh viên có kiến thức chuyên môn và kỹ năng nghề nghiệp trong lĩnh vực Logistics và Quản lý chuỗi cung ứng 37', N'Sinh viên tốt nghiệp có khả năng làm việc, nghiên cứu và phát triển trong lĩnh vực Logistics và Quản lý chuỗi cung ứng 37', N'v1.0', N'active', CAST(N'2026-04-02T18:37:05.9833333' AS DateTime2), CAST(N'2026-04-02T18:37:05.9833333' AS DateTime2), NULL, NULL, NULL, NULL, 1)
INSERT [dbo].[training_programs] ([id], [code], [name], [name_en], [major_id], [department_id], [degree_level], [education_type], [total_credits], [required_credits], [elective_credits], [internship_credits], [thesis_credits], [admission_year], [duration_years], [max_duration_years], [effective_date], [expiry_date], [description], [objectives], [learning_outcomes], [version], [status], [created_at], [updated_at], [created_by], [updated_by], [deleted_at], [deleted_by], [is_active]) VALUES (N'18e4b644-f84b-440d-8e62-adade6c19ed4', N'TP00032', N'Chương trình đào tạo Logistics và Quản lý chuỗi cung ứng 28', N'Training Program of Logistics và Quản lý chuỗi cung ứng 28', N'fb463f1e-5dab-45dc-98fc-93ee5def5acd', N'fcbf4a9c-134b-4991-821e-fe743ead6600', N'Đại học', N'Chính quy', CAST(132.0 AS Decimal(5, 1)), CAST(92.0 AS Decimal(5, 1)), CAST(30.0 AS Decimal(5, 1)), CAST(7.0 AS Decimal(5, 1)), CAST(8.0 AS Decimal(5, 1)), CAST(N'2022-09-01' AS Date), CAST(4.0 AS Decimal(5, 1)), CAST(6.0 AS Decimal(5, 1)), CAST(N'2026-04-02' AS Date), NULL, N'Chương trình đào tạo dành cho ngành Logistics và Quản lý chuỗi cung ứng 28', N'Đào tạo sinh viên có kiến thức chuyên môn và kỹ năng nghề nghiệp trong lĩnh vực Logistics và Quản lý chuỗi cung ứng 28', N'Sinh viên tốt nghiệp có khả năng làm việc, nghiên cứu và phát triển trong lĩnh vực Logistics và Quản lý chuỗi cung ứng 28', N'v1.0', N'draft', CAST(N'2026-04-02T18:37:05.9833333' AS DateTime2), CAST(N'2026-04-02T18:37:05.9833333' AS DateTime2), NULL, NULL, NULL, NULL, 1)
INSERT [dbo].[training_programs] ([id], [code], [name], [name_en], [major_id], [department_id], [degree_level], [education_type], [total_credits], [required_credits], [elective_credits], [internship_credits], [thesis_credits], [admission_year], [duration_years], [max_duration_years], [effective_date], [expiry_date], [description], [objectives], [learning_outcomes], [version], [status], [created_at], [updated_at], [created_by], [updated_by], [deleted_at], [deleted_by], [is_active]) VALUES (N'a44cfb38-00aa-4945-a2be-aee7dc1efe71', N'TP00020', N'Chương trình đào tạo Kế toán 4', N'Training Program of Kế toán 4', N'b6a83e2a-2cdf-46e8-b8c1-6ba87799f3a4', N'b6c826bf-23cc-4fd9-b321-a0731533205c', N'Đại học', N'Chính quy', CAST(120.0 AS Decimal(5, 1)), CAST(90.0 AS Decimal(5, 1)), CAST(30.0 AS Decimal(5, 1)), CAST(5.0 AS Decimal(5, 1)), CAST(8.0 AS Decimal(5, 1)), CAST(N'2020-09-01' AS Date), CAST(4.0 AS Decimal(5, 1)), CAST(6.0 AS Decimal(5, 1)), CAST(N'2026-04-02' AS Date), NULL, N'Chương trình đào tạo dành cho ngành Kế toán 4', N'Đào tạo sinh viên có kiến thức chuyên môn và kỹ năng nghề nghiệp trong lĩnh vực Kế toán 4', N'Sinh viên tốt nghiệp có khả năng làm việc, nghiên cứu và phát triển trong lĩnh vực Kế toán 4', N'v1.0', N'draft', CAST(N'2026-04-02T18:37:05.9833333' AS DateTime2), CAST(N'2026-04-02T18:37:05.9833333' AS DateTime2), NULL, NULL, NULL, NULL, 1)
INSERT [dbo].[training_programs] ([id], [code], [name], [name_en], [major_id], [department_id], [degree_level], [education_type], [total_credits], [required_credits], [elective_credits], [internship_credits], [thesis_credits], [admission_year], [duration_years], [max_duration_years], [effective_date], [expiry_date], [description], [objectives], [learning_outcomes], [version], [status], [created_at], [updated_at], [created_by], [updated_by], [deleted_at], [deleted_by], [is_active]) VALUES (N'e7d5f4eb-04fa-4ec9-a09a-b77f8284ab5c', N'TP00041', N'Chương trình đào tạo Logistics và Quản lý chuỗi cung ứng 15', N'Training Program of Logistics và Quản lý chuỗi cung ứng 15', N'ab83f9a9-8460-492d-8d5b-cae42da80585', N'178b1638-5f97-4465-86d3-73d486b77190', N'Đại học', N'Chất lượng cao', CAST(121.0 AS Decimal(5, 1)), CAST(91.0 AS Decimal(5, 1)), CAST(30.0 AS Decimal(5, 1)), CAST(6.0 AS Decimal(5, 1)), CAST(8.0 AS Decimal(5, 1)), CAST(N'2021-09-01' AS Date), CAST(4.0 AS Decimal(5, 1)), CAST(6.0 AS Decimal(5, 1)), CAST(N'2026-04-02' AS Date), NULL, N'Chương trình đào tạo dành cho ngành Logistics và Quản lý chuỗi cung ứng 15', N'Đào tạo sinh viên có kiến thức chuyên môn và kỹ năng nghề nghiệp trong lĩnh vực Logistics và Quản lý chuỗi cung ứng 15', N'Sinh viên tốt nghiệp có khả năng làm việc, nghiên cứu và phát triển trong lĩnh vực Logistics và Quản lý chuỗi cung ứng 15', N'v1.0', N'draft', CAST(N'2026-04-02T18:37:05.9833333' AS DateTime2), CAST(N'2026-04-02T18:37:05.9833333' AS DateTime2), NULL, NULL, NULL, NULL, 1)
INSERT [dbo].[training_programs] ([id], [code], [name], [name_en], [major_id], [department_id], [degree_level], [education_type], [total_credits], [required_credits], [elective_credits], [internship_credits], [thesis_credits], [admission_year], [duration_years], [max_duration_years], [effective_date], [expiry_date], [description], [objectives], [learning_outcomes], [version], [status], [created_at], [updated_at], [created_by], [updated_by], [deleted_at], [deleted_by], [is_active]) VALUES (N'44d60d92-e05d-4db0-adf5-c18e60a32ae1', N'TP00029', N'Chương trình đào tạo Tài chính - Ngân hàng 18', N'Training Program of Tài chính - Ngân hàng 18', N'e77394c7-9edb-4911-84bb-8b6cd131a7aa', N'6df1992e-a1b2-47b9-b46a-7a151d12383e', N'Đại học', N'Chất lượng cao', CAST(129.0 AS Decimal(5, 1)), CAST(99.0 AS Decimal(5, 1)), CAST(30.0 AS Decimal(5, 1)), CAST(9.0 AS Decimal(5, 1)), CAST(8.0 AS Decimal(5, 1)), CAST(N'2024-09-01' AS Date), CAST(4.0 AS Decimal(5, 1)), CAST(6.0 AS Decimal(5, 1)), CAST(N'2026-04-02' AS Date), NULL, N'Chương trình đào tạo dành cho ngành Tài chính - Ngân hàng 18', N'Đào tạo sinh viên có kiến thức chuyên môn và kỹ năng nghề nghiệp trong lĩnh vực Tài chính - Ngân hàng 18', N'Sinh viên tốt nghiệp có khả năng làm việc, nghiên cứu và phát triển trong lĩnh vực Tài chính - Ngân hàng 18', N'v1.0', N'draft', CAST(N'2026-04-02T18:37:05.9833333' AS DateTime2), CAST(N'2026-04-02T18:37:05.9833333' AS DateTime2), NULL, NULL, NULL, NULL, 1)
INSERT [dbo].[training_programs] ([id], [code], [name], [name_en], [major_id], [department_id], [degree_level], [education_type], [total_credits], [required_credits], [elective_credits], [internship_credits], [thesis_credits], [admission_year], [duration_years], [max_duration_years], [effective_date], [expiry_date], [description], [objectives], [learning_outcomes], [version], [status], [created_at], [updated_at], [created_by], [updated_by], [deleted_at], [deleted_by], [is_active]) VALUES (N'0189170e-6660-4f9f-828e-c665e025de72', N'TP00001', N'Chương trình đào tạo Logistics và Quản lý chuỗi cung ứng 49', N'Training Program of Logistics và Quản lý chuỗi cung ứng 49', N'94844a40-f7c5-47f0-864b-00ebe8d79154', N'5890f569-0f42-440b-8fa4-2e88f56fd8c5', N'Đại học', N'Chất lượng cao', CAST(121.0 AS Decimal(5, 1)), CAST(91.0 AS Decimal(5, 1)), CAST(30.0 AS Decimal(5, 1)), CAST(6.0 AS Decimal(5, 1)), CAST(8.0 AS Decimal(5, 1)), CAST(N'2021-09-01' AS Date), CAST(4.0 AS Decimal(5, 1)), CAST(6.0 AS Decimal(5, 1)), CAST(N'2026-04-02' AS Date), NULL, N'Chương trình đào tạo dành cho ngành Logistics và Quản lý chuỗi cung ứng 49', N'Đào tạo sinh viên có kiến thức chuyên môn và kỹ năng nghề nghiệp trong lĩnh vực Logistics và Quản lý chuỗi cung ứng 49', N'Sinh viên tốt nghiệp có khả năng làm việc, nghiên cứu và phát triển trong lĩnh vực Logistics và Quản lý chuỗi cung ứng 49', N'v1.0', N'draft', CAST(N'2026-04-02T18:37:05.9833333' AS DateTime2), CAST(N'2026-04-02T18:37:05.9833333' AS DateTime2), NULL, NULL, NULL, NULL, 1)
INSERT [dbo].[training_programs] ([id], [code], [name], [name_en], [major_id], [department_id], [degree_level], [education_type], [total_credits], [required_credits], [elective_credits], [internship_credits], [thesis_credits], [admission_year], [duration_years], [max_duration_years], [effective_date], [expiry_date], [description], [objectives], [learning_outcomes], [version], [status], [created_at], [updated_at], [created_by], [updated_by], [deleted_at], [deleted_by], [is_active]) VALUES (N'91fff60a-a08b-43a9-afd7-ca9fa6bc1cdd', N'TP00043', N'Chương trình đào tạo Khoa học dữ liệu 39', N'Training Program of Khoa học dữ liệu 39', N'84b4262b-b10d-443d-92ac-d0704fb7b92e', N'f2aa0799-38bc-4632-8f86-b054b148d142', N'Đại học', N'Chất lượng cao', CAST(123.0 AS Decimal(5, 1)), CAST(93.0 AS Decimal(5, 1)), CAST(30.0 AS Decimal(5, 1)), CAST(8.0 AS Decimal(5, 1)), CAST(8.0 AS Decimal(5, 1)), CAST(N'2023-09-01' AS Date), CAST(4.0 AS Decimal(5, 1)), CAST(6.0 AS Decimal(5, 1)), CAST(N'2026-04-02' AS Date), NULL, N'Chương trình đào tạo dành cho ngành Khoa học dữ liệu 39', N'Đào tạo sinh viên có kiến thức chuyên môn và kỹ năng nghề nghiệp trong lĩnh vực Khoa học dữ liệu 39', N'Sinh viên tốt nghiệp có khả năng làm việc, nghiên cứu và phát triển trong lĩnh vực Khoa học dữ liệu 39', N'v1.0', N'draft', CAST(N'2026-04-02T18:37:05.9833333' AS DateTime2), CAST(N'2026-04-02T18:37:05.9833333' AS DateTime2), NULL, NULL, NULL, NULL, 1)
INSERT [dbo].[training_programs] ([id], [code], [name], [name_en], [major_id], [department_id], [degree_level], [education_type], [total_credits], [required_credits], [elective_credits], [internship_credits], [thesis_credits], [admission_year], [duration_years], [max_duration_years], [effective_date], [expiry_date], [description], [objectives], [learning_outcomes], [version], [status], [created_at], [updated_at], [created_by], [updated_by], [deleted_at], [deleted_by], [is_active]) VALUES (N'a0769013-214d-40a3-b558-d0b5ba22e036', N'TP00026', N'Chương trình đào tạo Logistics và Quản lý chuỗi cung ứng 1', N'Training Program of Logistics và Quản lý chuỗi cung ứng 1', N'92b9a86a-b654-4800-bd2f-7f71a99d3124', N'45200672-037c-4c3e-a370-466cab1710d9', N'Đại học', N'Chính quy', CAST(126.0 AS Decimal(5, 1)), CAST(96.0 AS Decimal(5, 1)), CAST(30.0 AS Decimal(5, 1)), CAST(6.0 AS Decimal(5, 1)), CAST(8.0 AS Decimal(5, 1)), CAST(N'2021-09-01' AS Date), CAST(4.0 AS Decimal(5, 1)), CAST(6.0 AS Decimal(5, 1)), CAST(N'2026-04-02' AS Date), NULL, N'Chương trình đào tạo dành cho ngành Logistics và Quản lý chuỗi cung ứng 1', N'Đào tạo sinh viên có kiến thức chuyên môn và kỹ năng nghề nghiệp trong lĩnh vực Logistics và Quản lý chuỗi cung ứng 1', N'Sinh viên tốt nghiệp có khả năng làm việc, nghiên cứu và phát triển trong lĩnh vực Logistics và Quản lý chuỗi cung ứng 1', N'v1.0', N'draft', CAST(N'2026-04-02T18:37:05.9833333' AS DateTime2), CAST(N'2026-04-02T18:37:05.9833333' AS DateTime2), NULL, NULL, NULL, NULL, 1)
INSERT [dbo].[training_programs] ([id], [code], [name], [name_en], [major_id], [department_id], [degree_level], [education_type], [total_credits], [required_credits], [elective_credits], [internship_credits], [thesis_credits], [admission_year], [duration_years], [max_duration_years], [effective_date], [expiry_date], [description], [objectives], [learning_outcomes], [version], [status], [created_at], [updated_at], [created_by], [updated_by], [deleted_at], [deleted_by], [is_active]) VALUES (N'e7ae817b-1294-41f3-be2f-d3c49ce0d0dc', N'TP00042', N'Chương trình đào tạo Quản trị kinh doanh 45', N'Training Program of Quản trị kinh doanh 45', N'9a5b4180-8497-4afd-a143-cbd890eff547', N'877c44d5-222a-4962-99f2-a845fed55752', N'Đại học', N'Chính quy', CAST(122.0 AS Decimal(5, 1)), CAST(92.0 AS Decimal(5, 1)), CAST(30.0 AS Decimal(5, 1)), CAST(7.0 AS Decimal(5, 1)), CAST(8.0 AS Decimal(5, 1)), CAST(N'2022-09-01' AS Date), CAST(4.0 AS Decimal(5, 1)), CAST(6.0 AS Decimal(5, 1)), CAST(N'2026-04-02' AS Date), NULL, N'Chương trình đào tạo dành cho ngành Quản trị kinh doanh 45', N'Đào tạo sinh viên có kiến thức chuyên môn và kỹ năng nghề nghiệp trong lĩnh vực Quản trị kinh doanh 45', N'Sinh viên tốt nghiệp có khả năng làm việc, nghiên cứu và phát triển trong lĩnh vực Quản trị kinh doanh 45', N'v1.0', N'active', CAST(N'2026-04-02T18:37:05.9833333' AS DateTime2), CAST(N'2026-04-02T18:37:05.9833333' AS DateTime2), NULL, NULL, NULL, NULL, 1)
INSERT [dbo].[training_programs] ([id], [code], [name], [name_en], [major_id], [department_id], [degree_level], [education_type], [total_credits], [required_credits], [elective_credits], [internship_credits], [thesis_credits], [admission_year], [duration_years], [max_duration_years], [effective_date], [expiry_date], [description], [objectives], [learning_outcomes], [version], [status], [created_at], [updated_at], [created_by], [updated_by], [deleted_at], [deleted_by], [is_active]) VALUES (N'bac81cd1-b3e0-4016-a5ad-d52252bdef16', N'TP00019', N'Chương trình đào tạo Hệ thống thông tin 25', N'Training Program of Hệ thống thông tin 25', N'38601410-c298-4f0b-99fd-64d9b1318cd3', N'755e741a-7c92-427c-b7fd-f07ae186f538', N'Đại học', N'Chất lượng cao', CAST(139.0 AS Decimal(5, 1)), CAST(99.0 AS Decimal(5, 1)), CAST(30.0 AS Decimal(5, 1)), CAST(9.0 AS Decimal(5, 1)), CAST(8.0 AS Decimal(5, 1)), CAST(N'2024-09-01' AS Date), CAST(4.0 AS Decimal(5, 1)), CAST(6.0 AS Decimal(5, 1)), CAST(N'2026-04-02' AS Date), NULL, N'Chương trình đào tạo dành cho ngành Hệ thống thông tin 25', N'Đào tạo sinh viên có kiến thức chuyên môn và kỹ năng nghề nghiệp trong lĩnh vực Hệ thống thông tin 25', N'Sinh viên tốt nghiệp có khả năng làm việc, nghiên cứu và phát triển trong lĩnh vực Hệ thống thông tin 25', N'v1.0', N'draft', CAST(N'2026-04-02T18:37:05.9833333' AS DateTime2), CAST(N'2026-04-02T18:37:05.9833333' AS DateTime2), NULL, NULL, NULL, NULL, 1)
INSERT [dbo].[training_programs] ([id], [code], [name], [name_en], [major_id], [department_id], [degree_level], [education_type], [total_credits], [required_credits], [elective_credits], [internship_credits], [thesis_credits], [admission_year], [duration_years], [max_duration_years], [effective_date], [expiry_date], [description], [objectives], [learning_outcomes], [version], [status], [created_at], [updated_at], [created_by], [updated_by], [deleted_at], [deleted_by], [is_active]) VALUES (N'e063b034-0007-4910-8a5f-d9cab34e3b8a', N'TP00047', N'Chương trình đào tạo Logistics và Quản lý chuỗi cung ứng 35', N'Training Program of Logistics và Quản lý chuỗi cung ứng 35', N'9f21d305-b22a-445d-af2d-e027a704e9a0', N'7f5f1fa9-50fe-4ad1-97b5-c7a289b9e841', N'Đại học', N'Chất lượng cao', CAST(127.0 AS Decimal(5, 1)), CAST(97.0 AS Decimal(5, 1)), CAST(30.0 AS Decimal(5, 1)), CAST(7.0 AS Decimal(5, 1)), CAST(8.0 AS Decimal(5, 1)), CAST(N'2022-09-01' AS Date), CAST(4.0 AS Decimal(5, 1)), CAST(6.0 AS Decimal(5, 1)), CAST(N'2026-04-02' AS Date), NULL, N'Chương trình đào tạo dành cho ngành Logistics và Quản lý chuỗi cung ứng 35', N'Đào tạo sinh viên có kiến thức chuyên môn và kỹ năng nghề nghiệp trong lĩnh vực Logistics và Quản lý chuỗi cung ứng 35', N'Sinh viên tốt nghiệp có khả năng làm việc, nghiên cứu và phát triển trong lĩnh vực Logistics và Quản lý chuỗi cung ứng 35', N'v1.0', N'draft', CAST(N'2026-04-02T18:37:05.9833333' AS DateTime2), CAST(N'2026-04-02T18:37:05.9833333' AS DateTime2), NULL, NULL, NULL, NULL, 1)
INSERT [dbo].[training_programs] ([id], [code], [name], [name_en], [major_id], [department_id], [degree_level], [education_type], [total_credits], [required_credits], [elective_credits], [internship_credits], [thesis_credits], [admission_year], [duration_years], [max_duration_years], [effective_date], [expiry_date], [description], [objectives], [learning_outcomes], [version], [status], [created_at], [updated_at], [created_by], [updated_by], [deleted_at], [deleted_by], [is_active]) VALUES (N'2f819779-9d9e-4d5a-bd7f-dbffb758277d', N'TP00038', N'Chương trình đào tạo Logistics và Quản lý chuỗi cung ứng 10', N'Training Program of Logistics và Quản lý chuỗi cung ứng 10', N'7df3a101-72ad-428b-a589-bc190cf11986', N'a89e6428-5cf5-472c-8d05-339784f0d4e2', N'Đại học', N'Chính quy', CAST(138.0 AS Decimal(5, 1)), CAST(98.0 AS Decimal(5, 1)), CAST(30.0 AS Decimal(5, 1)), CAST(8.0 AS Decimal(5, 1)), CAST(8.0 AS Decimal(5, 1)), CAST(N'2023-09-01' AS Date), CAST(4.0 AS Decimal(5, 1)), CAST(6.0 AS Decimal(5, 1)), CAST(N'2026-04-02' AS Date), NULL, N'Chương trình đào tạo dành cho ngành Logistics và Quản lý chuỗi cung ứng 10', N'Đào tạo sinh viên có kiến thức chuyên môn và kỹ năng nghề nghiệp trong lĩnh vực Logistics và Quản lý chuỗi cung ứng 10', N'Sinh viên tốt nghiệp có khả năng làm việc, nghiên cứu và phát triển trong lĩnh vực Logistics và Quản lý chuỗi cung ứng 10', N'v1.0', N'draft', CAST(N'2026-04-02T18:37:05.9833333' AS DateTime2), CAST(N'2026-04-02T18:37:05.9833333' AS DateTime2), NULL, NULL, NULL, NULL, 1)
INSERT [dbo].[training_programs] ([id], [code], [name], [name_en], [major_id], [department_id], [degree_level], [education_type], [total_credits], [required_credits], [elective_credits], [internship_credits], [thesis_credits], [admission_year], [duration_years], [max_duration_years], [effective_date], [expiry_date], [description], [objectives], [learning_outcomes], [version], [status], [created_at], [updated_at], [created_by], [updated_by], [deleted_at], [deleted_by], [is_active]) VALUES (N'fe26ebf5-4329-4786-a050-dddb178ee612', N'TP00030', N'Chương trình đào tạo Logistics và Quản lý chuỗi cung ứng 2', N'Training Program of Logistics và Quản lý chuỗi cung ứng 2', N'9a28f177-3b32-4e07-9768-90888bacb436', N'8c45f4b0-da5b-4107-b745-8fcd8adeec35', N'Đại học', N'Chính quy', CAST(130.0 AS Decimal(5, 1)), CAST(90.0 AS Decimal(5, 1)), CAST(30.0 AS Decimal(5, 1)), CAST(5.0 AS Decimal(5, 1)), CAST(8.0 AS Decimal(5, 1)), CAST(N'2020-09-01' AS Date), CAST(4.0 AS Decimal(5, 1)), CAST(6.0 AS Decimal(5, 1)), CAST(N'2026-04-02' AS Date), NULL, N'Chương trình đào tạo dành cho ngành Logistics và Quản lý chuỗi cung ứng 2', N'Đào tạo sinh viên có kiến thức chuyên môn và kỹ năng nghề nghiệp trong lĩnh vực Logistics và Quản lý chuỗi cung ứng 2', N'Sinh viên tốt nghiệp có khả năng làm việc, nghiên cứu và phát triển trong lĩnh vực Logistics và Quản lý chuỗi cung ứng 2', N'v1.0', N'active', CAST(N'2026-04-02T18:37:05.9833333' AS DateTime2), CAST(N'2026-04-02T18:37:05.9833333' AS DateTime2), NULL, NULL, NULL, NULL, 1)
INSERT [dbo].[training_programs] ([id], [code], [name], [name_en], [major_id], [department_id], [degree_level], [education_type], [total_credits], [required_credits], [elective_credits], [internship_credits], [thesis_credits], [admission_year], [duration_years], [max_duration_years], [effective_date], [expiry_date], [description], [objectives], [learning_outcomes], [version], [status], [created_at], [updated_at], [created_by], [updated_by], [deleted_at], [deleted_by], [is_active]) VALUES (N'75112fbb-97a3-4ace-b589-e32040a941f0', N'TP00003', N'Chương trình đào tạo Marketing 19', N'Training Program of Marketing 19', N'7470b351-d46b-49a2-a7aa-02c53385de85', N'96ee7061-516b-4a25-a787-3780c4bbe82c', N'Đại học', N'Chất lượng cao', CAST(123.0 AS Decimal(5, 1)), CAST(93.0 AS Decimal(5, 1)), CAST(30.0 AS Decimal(5, 1)), CAST(8.0 AS Decimal(5, 1)), CAST(8.0 AS Decimal(5, 1)), CAST(N'2023-09-01' AS Date), CAST(4.0 AS Decimal(5, 1)), CAST(6.0 AS Decimal(5, 1)), CAST(N'2026-04-02' AS Date), NULL, N'Chương trình đào tạo dành cho ngành Marketing 19', N'Đào tạo sinh viên có kiến thức chuyên môn và kỹ năng nghề nghiệp trong lĩnh vực Marketing 19', N'Sinh viên tốt nghiệp có khả năng làm việc, nghiên cứu và phát triển trong lĩnh vực Marketing 19', N'v1.0', N'active', CAST(N'2026-04-02T18:37:05.9833333' AS DateTime2), CAST(N'2026-04-02T18:37:05.9833333' AS DateTime2), NULL, NULL, NULL, NULL, 1)
INSERT [dbo].[training_programs] ([id], [code], [name], [name_en], [major_id], [department_id], [degree_level], [education_type], [total_credits], [required_credits], [elective_credits], [internship_credits], [thesis_credits], [admission_year], [duration_years], [max_duration_years], [effective_date], [expiry_date], [description], [objectives], [learning_outcomes], [version], [status], [created_at], [updated_at], [created_by], [updated_by], [deleted_at], [deleted_by], [is_active]) VALUES (N'def5216f-1d68-4a0d-8ffe-e929e4b3dcc9', N'TP00006', N'Chương trình đào tạo Kỹ thuật phần mềm 7', N'Training Program of Kỹ thuật phần mềm 7', N'52076775-a316-426d-a9c3-03dc64ec1cf2', N'fdc82ca3-f50e-4653-af2e-c0c389d44f6d', N'Đại học', N'Chính quy', CAST(126.0 AS Decimal(5, 1)), CAST(96.0 AS Decimal(5, 1)), CAST(30.0 AS Decimal(5, 1)), CAST(6.0 AS Decimal(5, 1)), CAST(8.0 AS Decimal(5, 1)), CAST(N'2021-09-01' AS Date), CAST(4.0 AS Decimal(5, 1)), CAST(6.0 AS Decimal(5, 1)), CAST(N'2026-04-02' AS Date), NULL, N'Chương trình đào tạo dành cho ngành Kỹ thuật phần mềm 7', N'Đào tạo sinh viên có kiến thức chuyên môn và kỹ năng nghề nghiệp trong lĩnh vực Kỹ thuật phần mềm 7', N'Sinh viên tốt nghiệp có khả năng làm việc, nghiên cứu và phát triển trong lĩnh vực Kỹ thuật phần mềm 7', N'v1.0', N'active', CAST(N'2026-04-02T18:37:05.9833333' AS DateTime2), CAST(N'2026-04-02T18:37:05.9833333' AS DateTime2), NULL, NULL, NULL, NULL, 1)
INSERT [dbo].[training_programs] ([id], [code], [name], [name_en], [major_id], [department_id], [degree_level], [education_type], [total_credits], [required_credits], [elective_credits], [internship_credits], [thesis_credits], [admission_year], [duration_years], [max_duration_years], [effective_date], [expiry_date], [description], [objectives], [learning_outcomes], [version], [status], [created_at], [updated_at], [created_by], [updated_by], [deleted_at], [deleted_by], [is_active]) VALUES (N'd4d4c59f-6bee-42c4-9148-ef558349631b', N'TP00039', N'Chương trình đào tạo Logistics và Quản lý chuỗi cung ứng 36', N'Training Program of Logistics và Quản lý chuỗi cung ứng 36', N'0d039484-3fdd-46d2-ad6d-be3c45f3de93', N'd4e4f4bc-5cad-4e78-9598-ee3c0473d3ad', N'Đại học', N'Chất lượng cao', CAST(139.0 AS Decimal(5, 1)), CAST(99.0 AS Decimal(5, 1)), CAST(30.0 AS Decimal(5, 1)), CAST(9.0 AS Decimal(5, 1)), CAST(8.0 AS Decimal(5, 1)), CAST(N'2024-09-01' AS Date), CAST(4.0 AS Decimal(5, 1)), CAST(6.0 AS Decimal(5, 1)), CAST(N'2026-04-02' AS Date), NULL, N'Chương trình đào tạo dành cho ngành Logistics và Quản lý chuỗi cung ứng 36', N'Đào tạo sinh viên có kiến thức chuyên môn và kỹ năng nghề nghiệp trong lĩnh vực Logistics và Quản lý chuỗi cung ứng 36', N'Sinh viên tốt nghiệp có khả năng làm việc, nghiên cứu và phát triển trong lĩnh vực Logistics và Quản lý chuỗi cung ứng 36', N'v1.0', N'active', CAST(N'2026-04-02T18:37:05.9833333' AS DateTime2), CAST(N'2026-04-02T18:37:05.9833333' AS DateTime2), NULL, NULL, NULL, NULL, 1)
INSERT [dbo].[training_programs] ([id], [code], [name], [name_en], [major_id], [department_id], [degree_level], [education_type], [total_credits], [required_credits], [elective_credits], [internship_credits], [thesis_credits], [admission_year], [duration_years], [max_duration_years], [effective_date], [expiry_date], [description], [objectives], [learning_outcomes], [version], [status], [created_at], [updated_at], [created_by], [updated_by], [deleted_at], [deleted_by], [is_active]) VALUES (N'd5e909cf-e528-49ac-a29e-f033bd858095', N'TP00044', N'Chương trình đào tạo Kế toán 13', N'Training Program of Kế toán 13', N'334dd9a8-ebfa-4f92-a489-d3a6ea4106ed', N'7c4581da-b4cc-4c95-bee7-31f47fc507b2', N'Đại học', N'Chính quy', CAST(124.0 AS Decimal(5, 1)), CAST(94.0 AS Decimal(5, 1)), CAST(30.0 AS Decimal(5, 1)), CAST(9.0 AS Decimal(5, 1)), CAST(8.0 AS Decimal(5, 1)), CAST(N'2024-09-01' AS Date), CAST(4.0 AS Decimal(5, 1)), CAST(6.0 AS Decimal(5, 1)), CAST(N'2026-04-02' AS Date), NULL, N'Chương trình đào tạo dành cho ngành Kế toán 13', N'Đào tạo sinh viên có kiến thức chuyên môn và kỹ năng nghề nghiệp trong lĩnh vực Kế toán 13', N'Sinh viên tốt nghiệp có khả năng làm việc, nghiên cứu và phát triển trong lĩnh vực Kế toán 13', N'v1.0', N'draft', CAST(N'2026-04-02T18:37:05.9833333' AS DateTime2), CAST(N'2026-04-02T18:37:05.9833333' AS DateTime2), NULL, NULL, NULL, NULL, 1)
INSERT [dbo].[training_programs] ([id], [code], [name], [name_en], [major_id], [department_id], [degree_level], [education_type], [total_credits], [required_credits], [elective_credits], [internship_credits], [thesis_credits], [admission_year], [duration_years], [max_duration_years], [effective_date], [expiry_date], [description], [objectives], [learning_outcomes], [version], [status], [created_at], [updated_at], [created_by], [updated_by], [deleted_at], [deleted_by], [is_active]) VALUES (N'01641214-4336-48c7-8f40-fbb074fd715d', N'TP00040', N'Chương trình đào tạo Logistics và Quản lý chuỗi cung ứng 43', N'Training Program of Logistics và Quản lý chuỗi cung ứng 43', N'6e0cb381-1906-457c-b72f-c36f4761e692', N'678a8997-91a3-4852-baad-2029b4159b6e', N'Đại học', N'Chính quy', CAST(120.0 AS Decimal(5, 1)), CAST(90.0 AS Decimal(5, 1)), CAST(30.0 AS Decimal(5, 1)), CAST(5.0 AS Decimal(5, 1)), CAST(8.0 AS Decimal(5, 1)), CAST(N'2020-09-01' AS Date), CAST(4.0 AS Decimal(5, 1)), CAST(6.0 AS Decimal(5, 1)), CAST(N'2026-04-02' AS Date), NULL, N'Chương trình đào tạo dành cho ngành Logistics và Quản lý chuỗi cung ứng 43', N'Đào tạo sinh viên có kiến thức chuyên môn và kỹ năng nghề nghiệp trong lĩnh vực Logistics và Quản lý chuỗi cung ứng 43', N'Sinh viên tốt nghiệp có khả năng làm việc, nghiên cứu và phát triển trong lĩnh vực Logistics và Quản lý chuỗi cung ứng 43', N'v1.0', N'draft', CAST(N'2026-04-02T18:37:05.9833333' AS DateTime2), CAST(N'2026-04-02T18:37:05.9833333' AS DateTime2), NULL, NULL, NULL, NULL, 1)
GO
INSERT [dbo].[user_roles] ([role_id], [user_id]) VALUES (N'08e0d852-1c15-4dd8-9b43-10f31429bfbb', N'5f4c7291-b3c8-4bb4-a953-1c3e047574d6')
INSERT [dbo].[user_roles] ([role_id], [user_id]) VALUES (N'08e0d852-1c15-4dd8-9b43-10f31429bfbb', N'abd234d4-bcd4-4276-b8fa-24643d251423')
INSERT [dbo].[user_roles] ([role_id], [user_id]) VALUES (N'08e0d852-1c15-4dd8-9b43-10f31429bfbb', N'3ed518c2-a852-4509-95bd-265f9169bf70')
INSERT [dbo].[user_roles] ([role_id], [user_id]) VALUES (N'08e0d852-1c15-4dd8-9b43-10f31429bfbb', N'cab87dd5-0d81-40b5-997d-44942734158e')
INSERT [dbo].[user_roles] ([role_id], [user_id]) VALUES (N'08e0d852-1c15-4dd8-9b43-10f31429bfbb', N'03873b5f-8f99-426b-8a3d-4b29e91d60e7')
INSERT [dbo].[user_roles] ([role_id], [user_id]) VALUES (N'08e0d852-1c15-4dd8-9b43-10f31429bfbb', N'6bcc0587-4ff9-4a32-b8b4-590073baa4cd')
INSERT [dbo].[user_roles] ([role_id], [user_id]) VALUES (N'08e0d852-1c15-4dd8-9b43-10f31429bfbb', N'5335995b-fe04-4928-be30-62367bda7cbb')
INSERT [dbo].[user_roles] ([role_id], [user_id]) VALUES (N'08e0d852-1c15-4dd8-9b43-10f31429bfbb', N'6e4ac115-f4d4-4eb8-9a28-6911d00917c4')
INSERT [dbo].[user_roles] ([role_id], [user_id]) VALUES (N'08e0d852-1c15-4dd8-9b43-10f31429bfbb', N'f07f3029-223f-4e84-8263-706c248600e0')
INSERT [dbo].[user_roles] ([role_id], [user_id]) VALUES (N'08e0d852-1c15-4dd8-9b43-10f31429bfbb', N'08c4f2ff-e347-452c-90a2-77fd51746809')
INSERT [dbo].[user_roles] ([role_id], [user_id]) VALUES (N'08e0d852-1c15-4dd8-9b43-10f31429bfbb', N'73c5e4f7-3323-4454-9607-871ca4bbb88f')
INSERT [dbo].[user_roles] ([role_id], [user_id]) VALUES (N'08e0d852-1c15-4dd8-9b43-10f31429bfbb', N'6b0b49a0-dc6a-4e53-9514-8a0f028d74c9')
INSERT [dbo].[user_roles] ([role_id], [user_id]) VALUES (N'08e0d852-1c15-4dd8-9b43-10f31429bfbb', N'e9b5c5c4-3bd1-4c4f-a163-8f596264abd2')
INSERT [dbo].[user_roles] ([role_id], [user_id]) VALUES (N'08e0d852-1c15-4dd8-9b43-10f31429bfbb', N'c21adc62-8cf5-4517-8162-91002b009ae9')
INSERT [dbo].[user_roles] ([role_id], [user_id]) VALUES (N'08e0d852-1c15-4dd8-9b43-10f31429bfbb', N'd54bb297-0314-41fb-a6fe-973c7c0a06a6')
INSERT [dbo].[user_roles] ([role_id], [user_id]) VALUES (N'08e0d852-1c15-4dd8-9b43-10f31429bfbb', N'3a210feb-44ff-4de5-a657-a07fe24bb5e3')
INSERT [dbo].[user_roles] ([role_id], [user_id]) VALUES (N'08e0d852-1c15-4dd8-9b43-10f31429bfbb', N'4d992eca-f262-4447-b2d7-a61a343d8184')
INSERT [dbo].[user_roles] ([role_id], [user_id]) VALUES (N'08e0d852-1c15-4dd8-9b43-10f31429bfbb', N'61e578d2-b3aa-443a-9bc6-bc0cbb164cc6')
INSERT [dbo].[user_roles] ([role_id], [user_id]) VALUES (N'08e0d852-1c15-4dd8-9b43-10f31429bfbb', N'4be8e2f2-c6f7-4e95-8a0c-bcbeb5dfd286')
INSERT [dbo].[user_roles] ([role_id], [user_id]) VALUES (N'08e0d852-1c15-4dd8-9b43-10f31429bfbb', N'33b3d421-7770-41ac-b88e-cee588208cd6')
INSERT [dbo].[user_roles] ([role_id], [user_id]) VALUES (N'08e0d852-1c15-4dd8-9b43-10f31429bfbb', N'5124e359-51e0-459c-a23b-e41b47426952')
INSERT [dbo].[user_roles] ([role_id], [user_id]) VALUES (N'98cb4df5-c52f-4e9d-9e3c-a369dd75946e', N'2a63a401-8e7b-4533-96d5-7fe587d01b53')
INSERT [dbo].[user_roles] ([role_id], [user_id]) VALUES (N'209be787-958d-4b4b-8bd8-b8a22b491815', N'482e504d-6d59-41cc-8c78-056055d8e7e0')
GO
INSERT [dbo].[users] ([is_active], [created_at], [deleted_at], [last_login_at], [updated_at], [created_by], [deleted_by], [id], [updated_by], [phone], [username], [email], [avatar_url], [password]) VALUES (1, CAST(N'2026-05-12T22:37:22.1656500' AS DateTime2), NULL, NULL, NULL, NULL, NULL, N'482e504d-6d59-41cc-8c78-056055d8e7e0', NULL, NULL, N'admin', N'admin@edu.vn', NULL, N'admin123')
INSERT [dbo].[users] ([is_active], [created_at], [deleted_at], [last_login_at], [updated_at], [created_by], [deleted_by], [id], [updated_by], [phone], [username], [email], [avatar_url], [password]) VALUES (1, CAST(N'2026-05-12T22:51:58.0933330' AS DateTime2), NULL, NULL, NULL, NULL, NULL, N'5f4c7291-b3c8-4bb4-a953-1c3e047574d6', NULL, NULL, N'21001018', N'21001018@student.edu.vn', NULL, N'123')
INSERT [dbo].[users] ([is_active], [created_at], [deleted_at], [last_login_at], [updated_at], [created_by], [deleted_by], [id], [updated_by], [phone], [username], [email], [avatar_url], [password]) VALUES (1, CAST(N'2026-05-12T22:51:58.0933330' AS DateTime2), NULL, NULL, NULL, NULL, NULL, N'abd234d4-bcd4-4276-b8fa-24643d251423', NULL, NULL, N'21001016', N'21001016@student.edu.vn', NULL, N'123')
INSERT [dbo].[users] ([is_active], [created_at], [deleted_at], [last_login_at], [updated_at], [created_by], [deleted_by], [id], [updated_by], [phone], [username], [email], [avatar_url], [password]) VALUES (1, CAST(N'2026-05-12T22:51:58.0900000' AS DateTime2), NULL, NULL, NULL, NULL, NULL, N'3ed518c2-a852-4509-95bd-265f9169bf70', NULL, NULL, N'21001001', N'21001001@student.edu.vn', NULL, N'123')
INSERT [dbo].[users] ([is_active], [created_at], [deleted_at], [last_login_at], [updated_at], [created_by], [deleted_by], [id], [updated_by], [phone], [username], [email], [avatar_url], [password]) VALUES (1, CAST(N'2026-05-12T22:51:58.0933330' AS DateTime2), NULL, NULL, NULL, NULL, NULL, N'cab87dd5-0d81-40b5-997d-44942734158e', NULL, NULL, N'21001010', N'21001010@student.edu.vn', NULL, N'123')
INSERT [dbo].[users] ([is_active], [created_at], [deleted_at], [last_login_at], [updated_at], [created_by], [deleted_by], [id], [updated_by], [phone], [username], [email], [avatar_url], [password]) VALUES (1, CAST(N'2026-05-12T22:51:58.0900000' AS DateTime2), NULL, NULL, NULL, NULL, NULL, N'03873b5f-8f99-426b-8a3d-4b29e91d60e7', NULL, NULL, N'21001004', N'21001004@student.edu.vn', NULL, N'123')
INSERT [dbo].[users] ([is_active], [created_at], [deleted_at], [last_login_at], [updated_at], [created_by], [deleted_by], [id], [updated_by], [phone], [username], [email], [avatar_url], [password]) VALUES (1, CAST(N'2026-05-12T22:51:58.0933330' AS DateTime2), NULL, NULL, NULL, NULL, NULL, N'6bcc0587-4ff9-4a32-b8b4-590073baa4cd', NULL, NULL, N'21001020', N'21001020@student.edu.vn', NULL, N'123')
INSERT [dbo].[users] ([is_active], [created_at], [deleted_at], [last_login_at], [updated_at], [created_by], [deleted_by], [id], [updated_by], [phone], [username], [email], [avatar_url], [password]) VALUES (1, CAST(N'2026-05-12T22:51:58.0933330' AS DateTime2), NULL, NULL, NULL, NULL, NULL, N'5335995b-fe04-4928-be30-62367bda7cbb', NULL, NULL, N'21001011', N'21001011@student.edu.vn', NULL, N'123')
INSERT [dbo].[users] ([is_active], [created_at], [deleted_at], [last_login_at], [updated_at], [created_by], [deleted_by], [id], [updated_by], [phone], [username], [email], [avatar_url], [password]) VALUES (1, CAST(N'2026-05-12T22:51:58.0933330' AS DateTime2), NULL, NULL, NULL, NULL, NULL, N'6e4ac115-f4d4-4eb8-9a28-6911d00917c4', NULL, NULL, N'21001017', N'21001017@student.edu.vn', NULL, N'123')
INSERT [dbo].[users] ([is_active], [created_at], [deleted_at], [last_login_at], [updated_at], [created_by], [deleted_by], [id], [updated_by], [phone], [username], [email], [avatar_url], [password]) VALUES (1, CAST(N'2026-05-12T22:51:58.0900000' AS DateTime2), NULL, NULL, NULL, NULL, NULL, N'f07f3029-223f-4e84-8263-706c248600e0', NULL, NULL, N'21001005', N'21001005@student.edu.vn', NULL, N'123')
INSERT [dbo].[users] ([is_active], [created_at], [deleted_at], [last_login_at], [updated_at], [created_by], [deleted_by], [id], [updated_by], [phone], [username], [email], [avatar_url], [password]) VALUES (1, CAST(N'2026-05-12T22:51:58.0933330' AS DateTime2), NULL, NULL, NULL, NULL, NULL, N'08c4f2ff-e347-452c-90a2-77fd51746809', NULL, NULL, N'21001014', N'21001014@student.edu.vn', NULL, N'123')
INSERT [dbo].[users] ([is_active], [created_at], [deleted_at], [last_login_at], [updated_at], [created_by], [deleted_by], [id], [updated_by], [phone], [username], [email], [avatar_url], [password]) VALUES (1, CAST(N'2026-05-12T22:37:22.1851870' AS DateTime2), NULL, NULL, NULL, NULL, NULL, N'2a63a401-8e7b-4533-96d5-7fe587d01b53', NULL, NULL, N'teacher', N'teacher@edu.vn', NULL, N'teacher123')
INSERT [dbo].[users] ([is_active], [created_at], [deleted_at], [last_login_at], [updated_at], [created_by], [deleted_by], [id], [updated_by], [phone], [username], [email], [avatar_url], [password]) VALUES (1, CAST(N'2026-05-12T22:51:58.0933330' AS DateTime2), NULL, NULL, NULL, NULL, NULL, N'73c5e4f7-3323-4454-9607-871ca4bbb88f', NULL, NULL, N'21001009', N'21001009@student.edu.vn', NULL, N'123')
INSERT [dbo].[users] ([is_active], [created_at], [deleted_at], [last_login_at], [updated_at], [created_by], [deleted_by], [id], [updated_by], [phone], [username], [email], [avatar_url], [password]) VALUES (1, CAST(N'2026-05-12T23:04:06.0204670' AS DateTime2), NULL, NULL, NULL, NULL, NULL, N'6b0b49a0-dc6a-4e53-9514-8a0f028d74c9', NULL, NULL, N'student', N'student@edu.vn', NULL, N'student123')
INSERT [dbo].[users] ([is_active], [created_at], [deleted_at], [last_login_at], [updated_at], [created_by], [deleted_by], [id], [updated_by], [phone], [username], [email], [avatar_url], [password]) VALUES (1, CAST(N'2026-05-12T22:51:58.0933330' AS DateTime2), NULL, NULL, NULL, NULL, NULL, N'e9b5c5c4-3bd1-4c4f-a163-8f596264abd2', NULL, NULL, N'21001007', N'21001007@student.edu.vn', NULL, N'123')
INSERT [dbo].[users] ([is_active], [created_at], [deleted_at], [last_login_at], [updated_at], [created_by], [deleted_by], [id], [updated_by], [phone], [username], [email], [avatar_url], [password]) VALUES (1, CAST(N'2026-05-12T22:51:58.0933330' AS DateTime2), NULL, NULL, NULL, NULL, NULL, N'c21adc62-8cf5-4517-8162-91002b009ae9', NULL, NULL, N'21001012', N'21001012@student.edu.vn', NULL, N'123')
INSERT [dbo].[users] ([is_active], [created_at], [deleted_at], [last_login_at], [updated_at], [created_by], [deleted_by], [id], [updated_by], [phone], [username], [email], [avatar_url], [password]) VALUES (1, CAST(N'2026-05-12T22:51:58.0933330' AS DateTime2), NULL, NULL, NULL, NULL, NULL, N'd54bb297-0314-41fb-a6fe-973c7c0a06a6', NULL, NULL, N'21001008', N'21001008@student.edu.vn', NULL, N'123')
INSERT [dbo].[users] ([is_active], [created_at], [deleted_at], [last_login_at], [updated_at], [created_by], [deleted_by], [id], [updated_by], [phone], [username], [email], [avatar_url], [password]) VALUES (1, CAST(N'2026-05-12T22:51:58.0933330' AS DateTime2), NULL, NULL, NULL, NULL, NULL, N'3a210feb-44ff-4de5-a657-a07fe24bb5e3', NULL, NULL, N'21001013', N'21001013@student.edu.vn', NULL, N'123')
INSERT [dbo].[users] ([is_active], [created_at], [deleted_at], [last_login_at], [updated_at], [created_by], [deleted_by], [id], [updated_by], [phone], [username], [email], [avatar_url], [password]) VALUES (1, CAST(N'2026-05-12T22:51:58.0900000' AS DateTime2), NULL, NULL, NULL, NULL, NULL, N'4d992eca-f262-4447-b2d7-a61a343d8184', NULL, NULL, N'21001002', N'21001002@student.edu.vn', NULL, N'123')
INSERT [dbo].[users] ([is_active], [created_at], [deleted_at], [last_login_at], [updated_at], [created_by], [deleted_by], [id], [updated_by], [phone], [username], [email], [avatar_url], [password]) VALUES (1, CAST(N'2026-05-12T22:51:58.0933330' AS DateTime2), NULL, NULL, NULL, NULL, NULL, N'61e578d2-b3aa-443a-9bc6-bc0cbb164cc6', NULL, NULL, N'21001019', N'21001019@student.edu.vn', NULL, N'123')
INSERT [dbo].[users] ([is_active], [created_at], [deleted_at], [last_login_at], [updated_at], [created_by], [deleted_by], [id], [updated_by], [phone], [username], [email], [avatar_url], [password]) VALUES (1, CAST(N'2026-05-12T22:51:58.0900000' AS DateTime2), NULL, NULL, NULL, NULL, NULL, N'4be8e2f2-c6f7-4e95-8a0c-bcbeb5dfd286', NULL, NULL, N'21001003', N'21001003@student.edu.vn', NULL, N'123')
INSERT [dbo].[users] ([is_active], [created_at], [deleted_at], [last_login_at], [updated_at], [created_by], [deleted_by], [id], [updated_by], [phone], [username], [email], [avatar_url], [password]) VALUES (1, CAST(N'2026-05-12T22:51:58.0900000' AS DateTime2), NULL, NULL, NULL, NULL, NULL, N'33b3d421-7770-41ac-b88e-cee588208cd6', NULL, NULL, N'21001006', N'21001006@student.edu.vn', NULL, N'123')
INSERT [dbo].[users] ([is_active], [created_at], [deleted_at], [last_login_at], [updated_at], [created_by], [deleted_by], [id], [updated_by], [phone], [username], [email], [avatar_url], [password]) VALUES (1, CAST(N'2026-05-12T22:51:58.0933330' AS DateTime2), NULL, NULL, NULL, NULL, NULL, N'5124e359-51e0-459c-a23b-e41b47426952', NULL, NULL, N'21001015', N'21001015@student.edu.vn', NULL, N'123')
GO
SET ANSI_PADDING ON
GO
/****** Object:  Index [UK61og8rbqdd2y28rx2et5fdnxd]    Script Date: 5/13/2026 6:59:36 PM ******/
CREATE UNIQUE NONCLUSTERED INDEX [UK61og8rbqdd2y28rx2et5fdnxd] ON [dbo].[courses]
(
	[code] ASC
)
WHERE ([code] IS NOT NULL)
WITH (PAD_INDEX = OFF, STATISTICS_NORECOMPUTE = OFF, SORT_IN_TEMPDB = OFF, IGNORE_DUP_KEY = OFF, DROP_EXISTING = OFF, ONLINE = OFF, ALLOW_ROW_LOCKS = ON, ALLOW_PAGE_LOCKS = ON) ON [PRIMARY]
GO
SET ANSI_PADDING ON
GO
/****** Object:  Index [UKm1ectp61aw1w0d75njyl287ex]    Script Date: 5/13/2026 6:59:36 PM ******/
ALTER TABLE [dbo].[grade_categories] ADD  CONSTRAINT [UKm1ectp61aw1w0d75njyl287ex] UNIQUE NONCLUSTERED 
(
	[code] ASC
)WITH (PAD_INDEX = OFF, STATISTICS_NORECOMPUTE = OFF, SORT_IN_TEMPDB = OFF, IGNORE_DUP_KEY = OFF, ONLINE = OFF, ALLOW_ROW_LOCKS = ON, ALLOW_PAGE_LOCKS = ON) ON [PRIMARY]
GO
SET ANSI_PADDING ON
GO
/****** Object:  Index [UKi30ms4payi4ddb0bxm3p497yw]    Script Date: 5/13/2026 6:59:36 PM ******/
ALTER TABLE [dbo].[n8_students] ADD  CONSTRAINT [UKi30ms4payi4ddb0bxm3p497yw] UNIQUE NONCLUSTERED 
(
	[student_code] ASC
)WITH (PAD_INDEX = OFF, STATISTICS_NORECOMPUTE = OFF, SORT_IN_TEMPDB = OFF, IGNORE_DUP_KEY = OFF, ONLINE = OFF, ALLOW_ROW_LOCKS = ON, ALLOW_PAGE_LOCKS = ON) ON [PRIMARY]
GO
SET ANSI_PADDING ON
GO
/****** Object:  Index [UKpeb1vi5yl3xk3fdt90wg4mgcj]    Script Date: 5/13/2026 6:59:36 PM ******/
ALTER TABLE [dbo].[n8_v3_students] ADD  CONSTRAINT [UKpeb1vi5yl3xk3fdt90wg4mgcj] UNIQUE NONCLUSTERED 
(
	[student_code] ASC
)WITH (PAD_INDEX = OFF, STATISTICS_NORECOMPUTE = OFF, SORT_IN_TEMPDB = OFF, IGNORE_DUP_KEY = OFF, ONLINE = OFF, ALLOW_ROW_LOCKS = ON, ALLOW_PAGE_LOCKS = ON) ON [PRIMARY]
GO
SET ANSI_PADDING ON
GO
/****** Object:  Index [UQ__student___357D4CF9A5E9BD8B]    Script Date: 5/13/2026 6:59:36 PM ******/
ALTER TABLE [dbo].[student_classes] ADD UNIQUE NONCLUSTERED 
(
	[code] ASC
)WITH (PAD_INDEX = OFF, STATISTICS_NORECOMPUTE = OFF, SORT_IN_TEMPDB = OFF, IGNORE_DUP_KEY = OFF, ONLINE = OFF, ALLOW_ROW_LOCKS = ON, ALLOW_PAGE_LOCKS = ON) ON [PRIMARY]
GO
SET ANSI_PADDING ON
GO
/****** Object:  Index [UKeqa1d4jiyg5m5rnuja7ifgw73]    Script Date: 5/13/2026 6:59:36 PM ******/
CREATE UNIQUE NONCLUSTERED INDEX [UKeqa1d4jiyg5m5rnuja7ifgw73] ON [dbo].[students]
(
	[code] ASC
)
WHERE ([code] IS NOT NULL)
WITH (PAD_INDEX = OFF, STATISTICS_NORECOMPUTE = OFF, SORT_IN_TEMPDB = OFF, IGNORE_DUP_KEY = OFF, DROP_EXISTING = OFF, ONLINE = OFF, ALLOW_ROW_LOCKS = ON, ALLOW_PAGE_LOCKS = ON) ON [PRIMARY]
GO
ALTER TABLE [dbo].[academic_years] ADD  DEFAULT (newid()) FOR [id]
GO
ALTER TABLE [dbo].[academic_years] ADD  DEFAULT (getdate()) FOR [created_at]
GO
ALTER TABLE [dbo].[academic_years] ADD  DEFAULT ((1)) FOR [is_active]
GO
ALTER TABLE [dbo].[advisor_classe_sections] ADD  DEFAULT (newid()) FOR [id]
GO
ALTER TABLE [dbo].[advisor_classe_sections] ADD  DEFAULT (getdate()) FOR [created_at]
GO
ALTER TABLE [dbo].[advisor_classe_sections] ADD  DEFAULT ((1)) FOR [is_active]
GO
ALTER TABLE [dbo].[departments] ADD  DEFAULT (newid()) FOR [id]
GO
ALTER TABLE [dbo].[departments] ADD  DEFAULT (getdate()) FOR [created_at]
GO
ALTER TABLE [dbo].[departments] ADD  DEFAULT ((1)) FOR [is_active]
GO
ALTER TABLE [dbo].[employee_positions] ADD  DEFAULT (newid()) FOR [id]
GO
ALTER TABLE [dbo].[employee_positions] ADD  DEFAULT (sysdatetime()) FOR [created_at]
GO
ALTER TABLE [dbo].[employee_positions] ADD  DEFAULT ((1)) FOR [is_active]
GO
ALTER TABLE [dbo].[employees] ADD  DEFAULT (newid()) FOR [id]
GO
ALTER TABLE [dbo].[employees] ADD  DEFAULT (getdate()) FOR [created_at]
GO
ALTER TABLE [dbo].[employees] ADD  DEFAULT ((1)) FOR [is_active]
GO
ALTER TABLE [dbo].[lecturer_course_classes] ADD  DEFAULT (newid()) FOR [id]
GO
ALTER TABLE [dbo].[lecturer_course_classes] ADD  DEFAULT (N'lecturer') FOR [role]
GO
ALTER TABLE [dbo].[lecturer_course_classes] ADD  DEFAULT (getdate()) FOR [created_at]
GO
ALTER TABLE [dbo].[lecturer_course_classes] ADD  DEFAULT ((1)) FOR [is_active]
GO
ALTER TABLE [dbo].[majors] ADD  DEFAULT (newid()) FOR [id]
GO
ALTER TABLE [dbo].[majors] ADD  DEFAULT (getdate()) FOR [created_at]
GO
ALTER TABLE [dbo].[majors] ADD  DEFAULT ((1)) FOR [is_active]
GO
ALTER TABLE [dbo].[positions] ADD  DEFAULT (newid()) FOR [id]
GO
ALTER TABLE [dbo].[positions] ADD  DEFAULT (getdate()) FOR [created_at]
GO
ALTER TABLE [dbo].[positions] ADD  DEFAULT ((1)) FOR [is_active]
GO
ALTER TABLE [dbo].[schedules] ADD  DEFAULT (newid()) FOR [id]
GO
ALTER TABLE [dbo].[schedules] ADD  DEFAULT (N'offline') FOR [mode]
GO
ALTER TABLE [dbo].[schedules] ADD  DEFAULT (N'scheduled') FOR [status]
GO
ALTER TABLE [dbo].[schedules] ADD  DEFAULT ('active') FOR [schedule_status]
GO
ALTER TABLE [dbo].[schedules] ADD  DEFAULT (getdate()) FOR [created_at]
GO
ALTER TABLE [dbo].[schedules] ADD  DEFAULT ((1)) FOR [is_active]
GO
ALTER TABLE [dbo].[school_years] ADD  DEFAULT (newid()) FOR [id]
GO
ALTER TABLE [dbo].[school_years] ADD  DEFAULT (sysdatetime()) FOR [created_at]
GO
ALTER TABLE [dbo].[school_years] ADD  DEFAULT ((1)) FOR [is_active]
GO
ALTER TABLE [dbo].[student_classe_sections] ADD  DEFAULT (newid()) FOR [id]
GO
ALTER TABLE [dbo].[student_classe_sections] ADD  DEFAULT (getdate()) FOR [created_at]
GO
ALTER TABLE [dbo].[student_classe_sections] ADD  DEFAULT ((1)) FOR [is_active]
GO
ALTER TABLE [dbo].[student_classes] ADD  DEFAULT (newid()) FOR [id]
GO
ALTER TABLE [dbo].[student_classes] ADD  DEFAULT (getdate()) FOR [created_at]
GO
ALTER TABLE [dbo].[student_classes] ADD  DEFAULT ((1)) FOR [is_active]
GO
ALTER TABLE [dbo].[student_course_sections] ADD  DEFAULT (newid()) FOR [id]
GO
ALTER TABLE [dbo].[student_course_sections] ADD  DEFAULT ('registered') FOR [status]
GO
ALTER TABLE [dbo].[student_course_sections] ADD  DEFAULT (getdate()) FOR [registered_at]
GO
ALTER TABLE [dbo].[student_course_sections] ADD  DEFAULT (getdate()) FOR [created_at]
GO
ALTER TABLE [dbo].[student_course_sections] ADD  DEFAULT ((1)) FOR [is_active]
GO
ALTER TABLE [dbo].[training_program_courses] ADD  DEFAULT (newid()) FOR [id]
GO
ALTER TABLE [dbo].[training_program_courses] ADD  DEFAULT ((1)) FOR [is_required]
GO
ALTER TABLE [dbo].[training_program_courses] ADD  DEFAULT (N'active') FOR [status]
GO
ALTER TABLE [dbo].[training_program_courses] ADD  DEFAULT (getdate()) FOR [created_at]
GO
ALTER TABLE [dbo].[training_program_courses] ADD  DEFAULT ((1)) FOR [is_active]
GO
ALTER TABLE [dbo].[training_programs] ADD  DEFAULT (newid()) FOR [id]
GO
ALTER TABLE [dbo].[training_programs] ADD  DEFAULT (getdate()) FOR [created_at]
GO
ALTER TABLE [dbo].[training_programs] ADD  DEFAULT ((1)) FOR [is_active]
GO
ALTER TABLE [dbo].[course_grade_configs]  WITH CHECK ADD  CONSTRAINT [FKeyc0pf0uwxqbhpuccuphva4tu] FOREIGN KEY([course_id])
REFERENCES [dbo].[courses] ([id])
GO
ALTER TABLE [dbo].[course_grade_configs] CHECK CONSTRAINT [FKeyc0pf0uwxqbhpuccuphva4tu]
GO
ALTER TABLE [dbo].[course_grade_configs]  WITH CHECK ADD  CONSTRAINT [FKoubg7x44p42vsbdqxhaags7bs] FOREIGN KEY([grade_category_id])
REFERENCES [dbo].[grade_categories] ([id])
GO
ALTER TABLE [dbo].[course_grade_configs] CHECK CONSTRAINT [FKoubg7x44p42vsbdqxhaags7bs]
GO
ALTER TABLE [dbo].[course_registrations]  WITH CHECK ADD  CONSTRAINT [FK1uitfc1h86q0t7ncnhlylbvab] FOREIGN KEY([student_id])
REFERENCES [dbo].[students] ([id])
GO
ALTER TABLE [dbo].[course_registrations] CHECK CONSTRAINT [FK1uitfc1h86q0t7ncnhlylbvab]
GO
ALTER TABLE [dbo].[course_registrations]  WITH CHECK ADD  CONSTRAINT [FKgd51y6ank1yvgpthtwvc08sgy] FOREIGN KEY([course_section_id])
REFERENCES [dbo].[course_sections] ([id])
GO
ALTER TABLE [dbo].[course_registrations] CHECK CONSTRAINT [FKgd51y6ank1yvgpthtwvc08sgy]
GO
ALTER TABLE [dbo].[course_sections]  WITH CHECK ADD  CONSTRAINT [FK4xiaseygl0aodt5ahkbm8s2ds] FOREIGN KEY([course_id])
REFERENCES [dbo].[courses] ([id])
GO
ALTER TABLE [dbo].[course_sections] CHECK CONSTRAINT [FK4xiaseygl0aodt5ahkbm8s2ds]
GO
ALTER TABLE [dbo].[n8_v3_grade_components]  WITH CHECK ADD  CONSTRAINT [FK8acebv6m6diwarp560msa5tai] FOREIGN KEY([course_id])
REFERENCES [dbo].[courses] ([id])
GO
ALTER TABLE [dbo].[n8_v3_grade_components] CHECK CONSTRAINT [FK8acebv6m6diwarp560msa5tai]
GO
ALTER TABLE [dbo].[n8_v3_grade_components]  WITH CHECK ADD  CONSTRAINT [FKc3b1f7yf633xihipuo185xbsx] FOREIGN KEY([course_section_id])
REFERENCES [dbo].[course_sections] ([id])
GO
ALTER TABLE [dbo].[n8_v3_grade_components] CHECK CONSTRAINT [FKc3b1f7yf633xihipuo185xbsx]
GO
ALTER TABLE [dbo].[n8_v3_grade_components]  WITH CHECK ADD  CONSTRAINT [FKof9wgvtg0ft93pa8l07jo12w9] FOREIGN KEY([grade_category_id])
REFERENCES [dbo].[grade_categories] ([id])
GO
ALTER TABLE [dbo].[n8_v3_grade_components] CHECK CONSTRAINT [FKof9wgvtg0ft93pa8l07jo12w9]
GO
ALTER TABLE [dbo].[n8_v3_student_grades]  WITH CHECK ADD  CONSTRAINT [FKp9wsgnid9qmqdtq1tt42pnid6] FOREIGN KEY([registration_id])
REFERENCES [dbo].[course_registrations] ([id])
GO
ALTER TABLE [dbo].[n8_v3_student_grades] CHECK CONSTRAINT [FKp9wsgnid9qmqdtq1tt42pnid6]
GO
ALTER TABLE [dbo].[n8_v3_student_grades]  WITH CHECK ADD  CONSTRAINT [FKhexpcw3q1b2aer8cx44us5avw] FOREIGN KEY([grade_component_id])
REFERENCES [dbo].[n8_v3_grade_components] ([id])
GO
ALTER TABLE [dbo].[n8_v3_student_grades] CHECK CONSTRAINT [FKhexpcw3q1b2aer8cx44us5avw]
GO
ALTER TABLE [dbo].[role_permissions]  WITH CHECK ADD  CONSTRAINT [FKegdk29eiy7mdtefy5c7eirr6e] FOREIGN KEY([permission_id])
REFERENCES [dbo].[permissions] ([id])
GO
ALTER TABLE [dbo].[role_permissions] CHECK CONSTRAINT [FKegdk29eiy7mdtefy5c7eirr6e]
GO
ALTER TABLE [dbo].[role_permissions]  WITH CHECK ADD  CONSTRAINT [FKn5fotdgk8d1xvo8nav9uv3muc] FOREIGN KEY([role_id])
REFERENCES [dbo].[roles] ([id])
GO
ALTER TABLE [dbo].[role_permissions] CHECK CONSTRAINT [FKn5fotdgk8d1xvo8nav9uv3muc]
GO
ALTER TABLE [dbo].[user_roles]  WITH CHECK ADD  CONSTRAINT [FKh8ciramu9cc9q3qcqiv4ue8a6] FOREIGN KEY([role_id])
REFERENCES [dbo].[roles] ([id])
GO
ALTER TABLE [dbo].[user_roles] CHECK CONSTRAINT [FKh8ciramu9cc9q3qcqiv4ue8a6]
GO
ALTER TABLE [dbo].[user_roles]  WITH CHECK ADD  CONSTRAINT [FKhfh9dx7w3ubf1co1vdev94g3f] FOREIGN KEY([user_id])
REFERENCES [dbo].[users] ([id])
GO
ALTER TABLE [dbo].[user_roles] CHECK CONSTRAINT [FKhfh9dx7w3ubf1co1vdev94g3f]
GO
ALTER TABLE [dbo].[schedules]  WITH CHECK ADD CHECK  (([day_of_week]>=(2) AND [day_of_week]<=(8)))
GO
ALTER TABLE [dbo].[student_component_grades]  WITH CHECK ADD CHECK  (([score]>=(0) AND [score]<=(10)))
GO
GO

